loss,diffusion_loss,distogram_loss,contact_loss,contact_observed_loss,grad_norm,step,train_seconds,projection_norm,msa_on,arm
0.4522343575954437,0.2038066089153289,2.2993323802948,0.1849452406167984,0.0,4.063663959503174,1,3.613669052021578,0.0005647273501381,1,unknown
0.4549288153648376,0.1959737241268158,2.4050426483154297,0.1845080703496933,0.0,3.909358739852905,2,6.676342646009289,0.0013472053688019,1,unknown
0.398759514093399,0.1440070420503616,2.3790760040283203,0.1684490144252777,0.0,4.578334331512451,3,9.773876352002844,0.0022861163597553,1,unknown
0.6365179419517517,0.350089967250824,2.679904699325561,0.1843747794628143,0.0,5.626719951629639,4,12.71653672301909,0.0033993835095316,1,unknown
0.5242369771003723,0.2390071600675583,2.676494598388672,0.1758031994104385,0.0,4.532822132110596,5,15.128168362018188,0.0046086274087429,1,unknown
0.4068268537521362,0.1594964563846588,2.327062129974365,0.1462417691946029,0.0,5.0028605461120605,6,17.873426204023417,0.0060118231922388,1,unknown
0.4784882664680481,0.2213368713855743,2.444458246231079,0.1270557343959808,0.0,4.516826152801514,7,20.542800415016245,0.0074604954570531,1,unknown
0.5234766602516174,0.2714705765247345,2.4018537998199463,0.1182069405913353,0.0,11.802626609802246,8,23.549703405005857,0.0092459162697196,1,unknown
0.5759316086769104,0.3272096216678619,2.3692493438720703,0.1179709881544113,0.0,4.736664295196533,9,26.315114222001284,0.0113085126504302,1,unknown
0.4032425582408905,0.1497310847043991,2.431807518005371,0.1033071652054786,0.0,4.7332024574279785,10,29.295377736038063,0.0135876927524805,1,unknown
0.3920522034168243,0.1615683585405349,2.221622943878174,0.0832154229283332,0.0,3.0672202110290527,11,32.27387879398884,0.0161489881575107,1,unknown
0.445298969745636,0.198476642370224,2.3822579383850098,0.0859654024243354,0.0,4.169084072113037,12,35.521810534992255,0.0189040806144475,1,unknown
0.5535014867782593,0.2879859209060669,2.5487377643585205,0.1064178496599197,0.0,10.258240699768066,13,37.95946819300298,0.0215186718851327,1,unknown
0.4956500828266144,0.2615171670913696,2.259263515472412,0.0820656791329383,0.0,2.686959743499756,14,40.91364109603455,0.0242939479649066,1,unknown
0.4322835803031921,0.1563726812601089,2.651331663131714,0.1077776327729225,0.0,36.49566268920898,15,43.86426625499735,0.0262689851224422,1,unknown
0.3970200717449188,0.186524286866188,2.0440852642059326,0.0608728490769863,0.0,7.181854248046875,16,47.142020485014655,0.0281627476215362,1,unknown
0.4345012903213501,0.1858667433261871,2.406491994857788,0.0798536539077758,0.0,3.6575560569763184,17,50.09512989601353,0.0299209430813789,1,unknown
0.5200818777084351,0.2590053677558899,2.5196733474731445,0.0910921543836593,0.0,4.993475437164307,18,52.87507777701831,0.0317920818924903,1,unknown
0.4617430567741394,0.2180082201957702,2.343738317489624,0.0936105996370315,0.0,3.671802282333374,19,55.61462605203269,0.033722274005413,1,unknown
0.7116466760635376,0.4426144361495971,2.5822746753692627,0.1080479174852371,0.0,6.691582679748535,20,58.67189810698619,0.035547599196434,0,unknown
0.6241351366043091,0.388541966676712,2.293081045150757,0.0628515854477882,0.0,4.403602123260498,21,61.21511479304172,0.0375883318483829,1,unknown
0.4663572609424591,0.2391050010919571,2.2052664756774902,0.0672560632228851,0.0,9.74023151397705,22,64.1520420750021,0.0398451425135135,1,unknown
0.6028443574905396,0.3298035860061645,2.6212387084960938,0.1091689988970756,0.0,3.3011229038238525,23,67.06676775502274,0.0419690124690532,0,unknown
0.3437219262123108,0.1123697012662887,2.226991653442383,0.0865305438637733,0.0,5.468777179718018,24,70.31233044702094,0.0444171950221061,1,unknown
0.6165039539337158,0.3643558025360107,2.424137592315674,0.0973439812660217,0.0,18.07072639465332,25,73.58420277404366,0.0471887178719043,1,unknown
0.4137086868286133,0.1913712322711944,2.146737098693848,0.0766376331448555,0.0,3.545562982559204,26,76.76952171203448,0.0498491823673248,1,unknown
0.660396158695221,0.3789490163326263,2.693036794662476,0.1214349865913391,0.0,3.553445816040039,27,79.93009030004032,0.0526978783309459,0,unknown
0.3940850496292114,0.1540032774209976,2.3054771423339844,0.0953407436609268,0.0,2.6091625690460205,28,83.21135055902414,0.0555443465709686,1,unknown
0.399627149105072,0.1372853517532348,2.515519857406616,0.1078981310129165,0.0,3.4782793521881104,29,86.77521590702236,0.0579519420862197,1,unknown
0.4841344058513641,0.2388989627361297,2.339635372161865,0.1127191334962844,0.0,19.931459426879883,30,89.99860844999785,0.0603442750871181,0,unknown
0.4539443850517273,0.2190134674310684,2.2721965312957764,0.0771124958992004,0.0,3.820075511932373,31,93.29857961804372,0.0626320466399192,1,unknown
0.599486768245697,0.3528774082660675,2.3702707290649414,0.0958230346441268,0.0,3.697291851043701,32,96.23012459499296,0.0651074424386024,1,unknown
0.4088725447654724,0.1777266860008239,2.2315661907196045,0.0798922628164291,0.0,6.485942840576172,33,99.4110948590096,0.0674845874309539,1,unknown
0.3767350316047668,0.138764813542366,2.30979585647583,0.0699064582586288,0.0,3.361928701400757,34,102.34149673598586,0.0697528198361396,1,unknown
0.4711751639842987,0.213226318359375,2.4760539531707764,0.1034343317151069,0.0,4.45690393447876,35,104.70686313998884,0.072094440460205,1,unknown
0.3578619658946991,0.1314053684473037,2.2105839252471924,0.0539820529520511,0.0,4.106216430664063,36,107.64483776403358,0.0741785988211631,1,unknown
0.3828807771205902,0.157675951719284,2.1851844787597656,0.0668637454509735,0.0,4.610780715942383,37,110.8426238319953,0.0761412009596824,1,unknown
0.3700071573257446,0.0995896458625793,2.5950253009796143,0.1091496348381042,0.0,2.6311914920806885,38,113.54556257399965,0.0779693275690078,1,unknown
0.6076111793518066,0.3852893412113189,2.1710476875305176,0.0521707013249397,0.0,2.5890281200408936,39,116.30674777802778,0.079370841383934,1,unknown
0.3811048567295074,0.118191622197628,2.544280767440796,0.0848515033721923,0.0,1.9727118015289309,40,119.23682820802787,0.0803815945982933,1,unknown
0.5373407006263733,0.2700062394142151,2.558082103729248,0.1152625083923339,0.0,8.957928657531738,41,122.17656406399328,0.0813039168715477,1,unknown
0.3526861369609833,0.096651867032051,2.454096794128418,0.1062458008527755,0.0,2.2082273960113525,42,124.83776649599896,0.0819987282156944,1,unknown
0.3937345743179321,0.1771619170904159,2.114159107208252,0.0515674240887165,0.0,2.5813474655151367,43,127.48654517502293,0.0826784968376159,1,unknown
0.3458126485347748,0.1061171740293502,2.326535940170288,0.0704187527298927,0.0,1.4275181293487549,44,130.44765983201796,0.0835240706801414,1,unknown
0.4566167593002319,0.210769921541214,2.384070873260498,0.0743975713849067,0.0,2.6997087001800537,45,133.33378281403566,0.0845228806138038,1,unknown
0.6902044415473938,0.4261851906776428,2.537115335464477,0.1030769646167755,0.0,10.181892395019531,46,135.9358520450187,0.0857745930552482,0,unknown
0.4446477591991424,0.1960689425468444,2.4033963680267334,0.0823921412229538,0.0,2.954282760620117,47,138.86463305802317,0.0870324000716209,1,unknown
0.3810430765151977,0.1211612597107887,2.5193028450012207,0.079515166580677,0.0,2.536027193069458,48,141.57542981102597,0.0880297720432281,1,unknown
0.3639619946479797,0.1374468207359314,2.212286710739136,0.0528650358319282,0.0,2.4910929203033447,49,144.31391841499135,0.0885059535503387,1,unknown
0.4525850713253021,0.1731309741735458,2.677930355072021,0.1166105642914772,0.0,3.39685583114624,50,147.30039125902113,0.0886462032794952,1,unknown
0.4433550536632538,0.2111144810914993,2.2428526878356934,0.079552873969078,0.0,5.935747146606445,51,150.24900553002954,0.0882607549428939,1,unknown
0.4245377779006958,0.1905807256698608,2.273861885070801,0.0657089352607727,0.0,1.6263197660446167,52,152.959941987996,0.0881885737180709,1,unknown
0.4018861353397369,0.1823253780603408,2.132200241088867,0.0634070858359336,0.0,1.6232221126556396,53,156.01545804098714,0.0880864337086677,1,unknown
0.390160858631134,0.1505510061979293,2.315596103668213,0.0805021747946739,0.0,1.9646414518356323,54,159.23234040400712,0.0878616422414779,1,unknown
0.3569671809673309,0.1416566967964172,2.088329792022705,0.0647748559713363,0.0,1.825092077255249,55,161.97478424198923,0.0879325792193412,1,unknown
0.3718233108520508,0.1509764492511749,2.145097255706787,0.0633715242147445,0.0,2.488229990005493,56,164.3842316759983,0.088086724281311,1,unknown
0.4680775105953216,0.2324850410223007,2.270375967025757,0.0855486243963241,0.0,1.7281266450881958,57,167.37038891098928,0.0882458835840225,1,unknown
0.4212920069694519,0.1700581610202789,2.4238760471343994,0.088462084531784,0.0,2.448927164077759,58,170.02959780901438,0.0885652601718902,1,unknown
0.4152165353298187,0.1884675323963165,2.197324752807617,0.0701650381088256,0.0,1.408352971076965,59,172.9755914779962,0.0890244543552398,1,unknown
0.4276026487350464,0.1779135316610336,2.4100341796875,0.0868570730090141,0.0,2.106736421585083,60,175.70341096800985,0.0896011292934417,1,unknown
0.3101473152637481,0.0797823444008827,2.2357537746429443,0.0678959488868713,0.0,3.507103443145752,61,178.63860318699153,0.0903746038675308,1,unknown
0.3710640072822571,0.1518128663301468,2.141164302825928,0.0513477101922035,0.0,1.798655390739441,62,181.90898140502395,0.0910831242799758,1,unknown
0.377973198890686,0.0875142514705658,2.782365322113037,0.122223861515522,0.0,2.863722085952759,63,184.67845315503652,0.093414269387722,0,unknown
0.3638212084770202,0.0993421971797943,2.5473732948303223,0.0974168255925178,0.0,2.2013702392578125,64,187.3949206640245,0.0956847593188285,1,unknown
0.3557646870613098,0.1381352245807647,2.122767925262451,0.0535264499485492,0.0,1.1610337495803833,65,190.24497930303917,0.0978883877396583,1,unknown
0.3599357008934021,0.1044051423668861,2.4621284008026123,0.093177281320095,0.0,1.6088650226593018,66,193.4168060180382,0.0999443456530571,1,unknown
0.3573758900165558,0.1338211596012115,2.170771598815918,0.0647756233811378,0.0,3.3528974056243896,67,195.8098272189964,0.1019331216812133,1,unknown
0.3566845059394836,0.1379533857107162,2.1181764602661133,0.06913473457098,0.0,1.9144079685211184,68,198.73203450301665,0.1036581993103027,1,unknown
0.414751797914505,0.1615742146968841,2.444021701812744,0.0877540409564971,0.0,3.857582330703736,69,201.79437730601057,0.1051142811775207,1,unknown
0.4337355494499206,0.229134052991867,1.991354823112488,0.0546603538095951,0.0,1.7906548976898191,70,205.02342410502024,0.1064800471067428,1,unknown
0.2931383848190307,0.0826942101120948,2.057968139648437,0.0464736856520175,0.0,1.6512672901153564,71,207.944957980013,0.1077061593532562,1,unknown
0.3478056192398071,0.138834610581398,2.038221836090088,0.0514881610870361,0.0,1.224260330200195,72,211.1249325480312,0.10891655087471,1,unknown
0.2710563838481903,0.0667616128921508,1.9921637773513796,0.0507838390767574,0.0,1.4074029922485352,73,214.41411471698663,0.110212817788124,1,unknown
0.3619540929794311,0.1194359958171844,2.331080436706543,0.0941005796194076,0.0,2.8230299949646,74,217.5374202289968,0.1116044744849205,1,unknown
0.3761624991893768,0.1596828699111938,2.098653078079224,0.0661429539322853,0.0,1.3900270462036133,75,221.14294174598763,0.1128476113080978,1,unknown
0.4048968851566314,0.1709876209497451,2.2579376697540283,0.0811550393700599,0.0,2.13857102394104,76,223.8580145300366,0.1142749935388565,1,unknown
0.3993114531040191,0.1966476738452911,1.978089451789856,0.0485486164689064,0.0,3.005948066711426,77,226.4717569799977,0.1156361550092697,1,unknown
0.3449538052082062,0.116222895681858,2.21435546875,0.0729529485106468,0.0,1.463119387626648,78,229.2193534310209,0.1168790459632873,1,unknown
0.3705102801322937,0.1405357718467712,2.229225873947144,0.0705189183354377,0.0,1.4862630367279053,79,232.41146629699503,0.1183472499251365,1,unknown
0.3650584518909454,0.1057310402393341,2.497022151947021,0.0962518602609634,0.0,4.12641191482544,80,235.55617906700357,0.1194445788860321,1,unknown
0.3194974958896637,0.0890269726514816,2.2338459491729736,0.0708594992756843,0.0,2.828981637954712,81,238.65598835702983,0.1206618919968605,1,unknown
0.3931864202022552,0.1768416613340377,2.1010901927948,0.0623574145138263,0.0,1.5143338441848757,82,241.75083267700396,0.1217293217778205,1,unknown
0.3770439922809601,0.1389275938272476,2.300448417663574,0.0807150453329086,0.0,1.0973628759384155,83,244.9616948670009,0.1228974908590316,1,unknown
0.3783996403217315,0.1557255685329437,2.1670923233032227,0.0596483647823333,0.0,2.0468223094940186,84,247.9174639020348,0.1239746659994125,1,unknown
0.3996897935867309,0.1619877070188522,2.291334867477417,0.0856860876083374,0.0,9.267645835876465,85,251.0100394220208,0.1251552402973175,1,unknown
0.2833667993545532,0.0535108037292957,2.2147209644317627,0.0838391035795211,0.0,1.9303168058395384,86,253.9903314100229,0.1264852285385131,1,unknown
0.2404316067695617,0.046928159892559,1.8880046606063845,0.0470295473933219,0.0,1.7633914947509766,87,257.2539524540189,0.127810999751091,1,unknown
0.3738587200641632,0.1488535553216934,2.18166732788086,0.0683845430612564,0.0,1.0944844484329224,88,260.2905314930249,0.1289403140544891,1,unknown
0.5363687872886658,0.3179051876068115,2.125961303710937,0.0586753450334072,0.0,2.8834543228149414,89,263.2949778389884,0.1298613995313644,1,unknown
0.3870452642440796,0.1226513758301734,2.531993865966797,0.1119447126984596,0.0,2.0552127361297607,90,266.3985134800314,0.130569726228714,1,unknown
0.3307234644889831,0.086784504354,2.3480384349823,0.0913514196872711,0.0,1.9574040174484253,91,269.7312788020354,0.1312927901744842,1,unknown
0.6597288846969604,0.4488314390182495,2.048710823059082,0.0602631270885467,0.0,2.3857510089874268,92,272.74218821903924,0.1319977641105651,1,unknown
0.4792490601539612,0.2353890687227249,2.370732545852661,0.0678675994277,0.0,2.071335554122925,93,275.73193491704296,0.1327641755342483,1,unknown
0.3703223168849945,0.1682766228914261,1.9576807022094729,0.0627761483192443,0.0,1.1691865921020508,94,279.0512731820345,0.1334049701690673,1,unknown
0.4951057434082031,0.2108920514583587,2.725029468536377,0.1171072870492935,0.0,3.623552083969116,95,282.2973913460155,0.1361389011144638,0,unknown
0.6110543012619019,0.3324148952960968,2.6751997470855717,0.1111937686800956,0.0,7.453021049499512,96,285.2541477360064,0.1408088654279709,0,unknown
0.332788348197937,0.1240561008453369,2.0370380878448486,0.0502842329442501,0.0,2.1889798641204834,97,288.2469378029928,0.145232006907463,1,unknown
0.3760972321033478,0.1433011889457702,2.2411773204803467,0.0867828354239463,0.0,1.576243281364441,98,291.23931815003743,0.1494054943323135,1,unknown
0.3188303709030151,0.1093399450182914,2.0269417762756348,0.067962110042572,0.0,3.505840539932251,99,294.25116879702546,0.1533179283142089,1,unknown
0.4442288875579834,0.1869775354862213,2.476666212081909,0.0958470627665519,0.0,4.226765155792236,100,297.6224264570046,0.1574847847223281,1,unknown
0.4283656775951385,0.1839727312326431,2.3559999465942383,0.0879294946789741,0.0,1.7895201444625854,101,300.56573373201536,0.1613028198480606,1,unknown
0.2872884273529053,0.0826411396265029,1.991180419921875,0.0552927032113075,0.0,3.016542673110962,102,303.67920530203264,0.1648229211568832,1,unknown
0.3143621683120727,0.084895022213459,2.220000028610229,0.0746713280677795,0.0,2.9074859619140625,103,306.6601320260088,0.1681693494319915,1,unknown
0.370105504989624,0.1358921080827713,2.2659780979156494,0.0761559084057807,0.0,1.1593241691589355,104,309.89489120204234,0.1709744483232498,1,unknown
0.3493797779083252,0.1515720039606094,1.921917200088501,0.0561606809496879,0.0,2.2778990268707275,105,312.8968011470279,0.1735916286706924,1,unknown
0.4639430046081543,0.2395303845405578,2.181504249572754,0.0626216679811477,0.0,1.9823111295700075,106,315.8957575340173,0.1759361028671264,1,unknown
0.3621361255645752,0.1454740315675735,2.0978007316589355,0.0688200145959854,0.0,2.090374231338501,107,319.04916232603136,0.1783800423145294,1,unknown
0.323334127664566,0.133619025349617,1.85702121257782,0.0401299037039279,0.0,0.8674288988113403,108,322.3050365310046,0.1806429028511047,1,unknown
0.3673856258392334,0.1581344753503799,2.042854070663452,0.0496572516858577,0.0,5.347919940948486,109,325.2558369630133,0.1827794015407562,1,unknown
0.349567174911499,0.139847531914711,2.0473639965057373,0.0498324148356914,0.0,3.4399867057800293,110,328.38347254501423,0.1847519427537918,1,unknown
0.3807711899280548,0.1319913268089294,2.4030935764312744,0.0847049057483673,0.0,1.235509753227234,111,331.7076274360297,0.1867040246725082,1,unknown
0.3590261340141296,0.1282038688659668,2.2403154373168945,0.0679067373275756,0.0,0.96098530292511,112,335.15155490103643,0.1885835379362106,1,unknown
0.3573498427867889,0.1171370893716812,2.314945697784424,0.0871815904974937,0.0,1.2181882858276367,113,337.93548385903705,0.1902853995561599,1,unknown
0.2929509580135345,0.0874306187033653,2.001204490661621,0.0539988912642002,0.0,0.8868041634559631,114,340.872473557014,0.1918518394231796,1,unknown
0.6539582014083862,0.3488634526729584,2.917455673217773,0.1334916353225708,0.0,3.4789369106292725,115,343.6105508640176,0.1946545988321304,0,unknown
0.381444901227951,0.1384028196334839,2.33732533454895,0.093095377087593,0.0,0.7378504276275635,116,346.4229921250371,0.1972953528165817,1,unknown
0.2458624988794326,0.0536266155540943,1.8796956539154053,0.0426633208990097,0.0,1.121543049812317,117,349.3691477260436,0.1997152119874954,1,unknown
0.2989407777786255,0.0582975596189498,2.326016426086426,0.0804153382778167,0.0,0.8945832848548889,118,352.0904829589999,0.2019210904836654,1,unknown
0.3629200458526611,0.1586011052131652,1.9862992763519287,0.0568897612392902,0.0,2.1163785457611084,119,354.77575056802016,0.2038850635290146,1,unknown
0.4191195368766784,0.222732812166214,1.9141085147857664,0.0497585795819759,0.0,2.0756723880767822,120,357.4776281370432,0.2056726068258285,1,unknown
0.294081449508667,0.0739316120743751,2.13657808303833,0.0649202540516853,0.0,1.6231234073638916,121,360.3177189460257,0.2072897106409073,1,unknown
0.3176190853118896,0.0955173447728157,2.158174991607666,0.062842346727848,0.0,0.9257568717002868,122,362.4358570839977,0.2088876962661743,1,unknown
0.5336556434631348,0.3121866881847381,2.14296555519104,0.0717235803604126,0.0,1.230262279510498,123,365.3618968310184,0.2103288620710373,1,unknown
0.3702868819236755,0.1640238314867019,2.005225896835327,0.0574044957756996,0.0,1.0083532333374023,124,368.2332717659883,0.2116047441959381,1,unknown
0.3993067443370819,0.163739338517189,2.26993179321289,0.0857422202825546,0.0,2.9349751472473145,125,371.5693864140194,0.2128147780895233,1,unknown
0.3261986672878265,0.12610724568367,1.950932741165161,0.0499813258647918,0.0,1.1702691316604614,126,374.5310736100073,0.2139016538858413,1,unknown
0.3021869361400604,0.1084547638893127,1.896447777748108,0.0408737547695636,0.0,0.9707404375076294,127,377.4750411240384,0.2148595750331878,1,unknown
0.3025426566600799,0.0974785834550857,1.9894787073135376,0.0611620172858238,0.0,2.06917667388916,128,380.61171919404296,0.2157543301582336,1,unknown
0.3750384449958801,0.1551671922206878,2.140072822570801,0.0586399212479591,0.0,0.8913169503211975,129,383.4945158940391,0.2167623192071914,1,unknown
0.4402479231357574,0.1776118278503418,2.51284122467041,0.1135193929076194,0.0,2.2661349773406982,130,386.4270905459998,0.21771901845932,1,unknown
0.3085785806179046,0.0936867296695709,2.076050043106079,0.0728685706853866,0.0,1.1453155279159546,131,389.39606598299,0.2187542766332626,1,unknown
0.3907949328422546,0.1354886889457702,2.4703688621521,0.0826937481760978,0.0,2.950201272964477,132,392.6178602,0.2196606248617172,1,unknown
0.2569910883903503,0.0779731497168541,1.748712182044983,0.0414673089981079,0.0,3.391234874725342,133,395.8112021820271,0.220194399356842,1,unknown
0.3381616175174713,0.1095035076141357,2.2083897590637207,0.0781914219260215,0.0,1.8537386655807493,134,398.7559745860053,0.2203645855188369,1,unknown
0.4671269059181213,0.2550311684608459,2.0572824478149414,0.0636749416589737,0.0,1.0037752389907837,135,401.39837434800575,0.2206235975027084,1,unknown
0.3903065919876098,0.147811084985733,2.3516666889190674,0.073288083076477,0.0,1.0266400575637815,136,404.1490891650319,0.2208402454853058,1,unknown
0.4553189575672149,0.2535236477851867,1.9510935544967647,0.066859595477581,0.0,1.7563574314117432,137,407.0276571440045,0.2210413515567779,1,unknown
0.3767490983009338,0.1533370614051818,2.1661510467529297,0.0679692700505256,0.0,2.0531551837921143,138,409.6847060429864,0.2211918830871582,1,unknown
0.3296616375446319,0.1312876939773559,1.935261845588684,0.0484776683151721,0.0,0.9855032563209534,139,412.62100105400896,0.2212253510951995,1,unknown
0.3949964642524719,0.1732731163501739,2.159063577651977,0.0581700131297111,0.0,1.1886574029922483,140,415.629292580008,0.2212289124727249,1,unknown
0.2926206588745117,0.0627084150910377,2.2296996116638184,0.069422960281372,0.0,0.943539023399353,141,418.755725244002,0.221138134598732,1,unknown
0.3343462646007538,0.1150995269417762,2.126282215118408,0.0661849603056907,0.0,0.6519383788108826,142,421.68527402402833,0.2210603952407837,1,unknown
0.3448356688022613,0.1219531595706939,2.1666829586029053,0.0621420554816722,0.0,1.4496642351150513,143,424.5805593410041,0.2210052907466888,1,unknown
0.3568791151046753,0.1104687601327896,2.362621545791626,0.1014816015958786,0.0,1.431918025016785,144,427.8831941510434,0.2210846543312072,1,unknown
0.3565349280834198,0.1355932801961898,2.163905620574951,0.0455107279121875,0.0,1.3051079511642456,145,431.2202863370185,0.221124991774559,1,unknown
0.3305146992206573,0.0991342440247535,2.23620343208313,0.077600821852684,0.0,1.1336311101913452,146,434.3030789680197,0.2212909013032913,1,unknown
0.360938161611557,0.1422730535268783,2.109848976135254,0.0768022835254669,0.0,1.1991801261901855,147,437.38807889603777,0.2215471714735031,1,unknown
0.2849926650524139,0.0705143511295318,2.086479663848877,0.0583031848073005,0.0,1.4206591844558716,148,440.35454086604295,0.2216893881559372,1,unknown
0.4089240133762359,0.192824438214302,2.0956902503967285,0.0653056204319,0.0,3.500922918319702,149,442.9760783420061,0.2218576073646545,1,unknown
0.4693623483181,0.2621712982654571,2.0141327381134038,0.057777564972639,0.0,1.3301938772201538,150,445.3260133480071,0.2222625613212585,1,unknown
0.444038987159729,0.2110575586557388,2.256720781326294,0.0730934739112854,0.0,0.9740161895751952,151,447.9364090440213,0.2228667885065078,1,unknown
0.3945798873901367,0.1726697981357574,2.1586360931396484,0.0604650378227233,0.0,0.8312068581581116,152,450.0420377069968,0.2234648913145065,1,unknown
0.3843475580215454,0.1683467924594879,2.0969576835632324,0.0630501061677932,0.0,1.0162925720214844,153,452.6744898480247,0.2241896092891693,1,unknown
0.4165885746479034,0.2028255462646484,2.0744049549102783,0.063224971294403,0.0,13.306434631347656,154,455.44395031704335,0.2248499691486358,1,unknown
0.2967937588691711,0.0903673768043518,2.012852430343628,0.0514114238321781,0.0,0.9253015518188475,155,458.0568006300018,0.2256232798099517,1,unknown
0.4520443677902221,0.1988246291875839,2.4210782051086426,0.111119121313095,0.0,2.3392670154571533,156,460.65144487604266,0.2261846661567688,1,unknown
0.3157385289669037,0.1031941697001457,2.065349578857422,0.0600939877331256,0.0,2.589449167251587,157,463.36199322802713,0.2267103791236877,1,unknown
0.3211983442306518,0.1084933131933212,2.0684893131256104,0.0585608519613742,0.0,1.1645890474319458,158,466.6011619620258,0.2271066606044769,1,unknown
0.3913268148899078,0.1700400114059448,2.147897720336914,0.0649700835347175,0.0,0.7463289499282837,159,469.5824713759939,0.2277354747056961,1,unknown
0.3529981672763824,0.1357777863740921,2.0965850353240967,0.0756188035011291,0.0,1.5432898998260498,160,472.5362237080117,0.228229135274887,1,unknown
0.2940511703491211,0.0576170235872268,2.2751753330230717,0.0891659706830978,0.0,1.313726782798767,161,475.6599979000166,0.228833332657814,1,unknown
0.3359459340572357,0.0960861593484878,2.311221122741699,0.0873764976859092,0.0,1.1673721075057983,162,478.94464747799793,0.2294494211673736,1,unknown
0.3291099667549133,0.1142566502094268,2.086141347885132,0.0623919554054737,0.0,0.8782019019126892,163,482.0965046919882,0.2301123440265655,1,unknown
0.3588750064373016,0.1595028489828109,1.943496823310852,0.0502244606614112,0.0,0.571477472782135,164,485.21555957599776,0.2308102399110794,1,unknown
0.4530700445175171,0.2194941937923431,2.266596794128418,0.0691620707511901,0.0,0.9944533705711364,165,488.27601122803753,0.2316370159387588,1,unknown
0.3149676322937011,0.1111875846982002,1.9917950630187988,0.0460052005946636,0.0,0.6165587902069092,166,491.62060877500335,0.2324953377246856,1,unknown
0.4608885645866394,0.157918781042099,2.893651008605957,0.136046752333641,0.0,3.653528451919556,167,494.5560371570173,0.2344886660575866,0,unknown
0.3804407119750976,0.1758000701665878,1.9933810234069824,0.0530250743031501,0.0,5.483991622924805,168,497.6767257259926,0.236377865076065,1,unknown
0.4351872503757477,0.208373412489891,2.2073986530303955,0.0607397407293319,0.0,2.135892629623413,169,501.01802173402393,0.2381769269704818,1,unknown
0.4203538298606872,0.2323481142520904,1.839017033576965,0.0410399921238422,0.0,1.2199312448501587,170,504.4938391179894,0.2397423535585403,1,unknown
0.333619624376297,0.1232514679431915,2.041574001312256,0.062107753008604,0.0,1.29826557636261,171,507.61240219703177,0.2413198053836822,1,unknown
0.3756418526172638,0.1792475879192352,1.915616512298584,0.0483264587819576,0.0,1.2630242109298706,172,510.6211379430024,0.2427539080381393,1,unknown
0.3383708894252777,0.1058690845966339,2.241043329238892,0.0839748382568359,0.0,0.969889521598816,173,513.7483663890162,0.2440463751554489,1,unknown
0.2598277032375335,0.047884352505207,2.0672199726104736,0.0522137209773063,0.0,0.7167742252349854,174,516.8023929080227,0.2453120499849319,1,unknown
0.3403483629226684,0.1313710361719131,2.0381696224212646,0.0516036339104175,0.0,1.0218628644943235,175,520.0424408440012,0.2463487088680267,1,unknown
0.3653328120708465,0.188032254576683,1.7312278747558594,0.0417777933180332,0.0,1.2965563535690308,176,523.1685653800378,0.2472649216651916,1,unknown
0.3759102523326874,0.1861119270324707,1.8487368822097776,0.0492461994290351,0.0,1.7808817625045776,177,526.2896406570217,0.2483005821704864,1,unknown
0.3522104024887085,0.1187379583716392,2.2503533363342285,0.0843709781765937,0.0,1.3217746019363403,178,529.4638450809871,0.2493620812892913,1,unknown
0.4307553172111511,0.1854637712240219,2.378910541534424,0.0740049183368682,0.0,1.1579008102416992,179,532.7324641899904,0.2503893077373504,1,unknown
0.4823258519172668,0.2412952482700348,2.31770658493042,0.0925993472337722,0.0,1.4571685791015625,180,535.7540762170102,0.2514328062534332,1,unknown
0.7537683248519897,0.4302699267864227,3.095759868621826,0.1392246931791305,0.0,11.443490028381348,181,538.6979164280347,0.2536686062812805,0,unknown
0.2767147719860077,0.0918038040399551,1.8093016147613523,0.0398079641163349,0.0,1.3258816003799438,182,541.7096453279955,0.2556906342506408,1,unknown
0.3095443844795227,0.0954640805721283,2.069377899169922,0.0714253783226013,0.0,1.5419528484344482,183,545.362703499035,0.2575554549694061,1,unknown
0.329730361700058,0.1053623482584953,2.1580605506896973,0.0856197252869606,0.0,0.8902291655540466,184,548.874764711014,0.2593239545822143,1,unknown
0.3446055948734283,0.1150590851902961,2.2164828777313232,0.0789823532104492,0.0,0.9930357336997986,185,552.4199156860122,0.2609618902206421,1,unknown
0.2992562055587768,0.1073510721325874,1.8686261177062988,0.0504252724349498,0.0,0.5148759484291077,186,555.9101488740416,0.2624503374099731,1,unknown
0.2794825732707977,0.0899674445390701,1.8469502925872805,0.0482009276747703,0.0,0.8741807341575623,187,559.6542567430297,0.2638770937919616,1,unknown
0.3366913199424743,0.1466636508703231,1.857306957244873,0.0429699942469596,0.0,0.7248898148536682,188,563.1397405170137,0.2652685344219208,1,unknown
0.415976732969284,0.2487658411264419,1.6346203088760376,0.0374884009361267,0.0,1.098586916923523,189,566.6659662860329,0.2665852308273315,1,unknown
0.3517335951328277,0.1428802907466888,2.030174493789673,0.058358822017908,0.0,1.4924668073654177,190,570.1283565880149,0.2679244875907898,1,unknown
0.3029627203941345,0.1010855734348297,1.97063148021698,0.0481397733092308,0.0,1.1579208374023438,191,573.5920759710134,0.2691821753978729,1,unknown
0.3905193209648132,0.178225427865982,2.061192035675049,0.0617472156882286,0.0,2.427844762802124,192,576.7353754449869,0.2705442905426025,1,unknown
0.2580975890159607,0.0698694437742233,1.8352010250091555,0.0470803640782833,0.0,0.7716712951660156,193,579.9232897930196,0.2718596458435058,1,unknown
0.3894912600517273,0.1816549301147461,2.011680603027344,0.0666830986738205,0.0,4.36509370803833,194,583.2047066160012,0.2729474604129791,1,unknown
0.3281258940696716,0.0993743613362312,2.209894895553589,0.0776202380657196,0.0,3.5718653202056885,195,586.448441266024,0.2741805613040924,1,unknown
0.3107620179653168,0.102544829249382,2.030545473098755,0.0516265295445919,0.0,1.7430555820465088,196,589.5572230879916,0.2754555642604828,1,unknown
0.3069702684879303,0.1077272146940231,1.9374445676803589,0.0549860298633575,0.0,4.040256023406982,197,592.4985173720052,0.2763652205467224,1,unknown
0.3956920504570007,0.1350435316562652,2.506615161895752,0.0998706147074699,0.0,1.5004768371582031,198,595.4677270280081,0.2773309350013733,1,unknown
0.3082738816738128,0.1010047867894172,2.020415782928467,0.0522749908268451,0.0,1.309095025062561,199,598.4679824790219,0.2783875465393066,1,unknown
0.4126076102256775,0.209535539150238,1.9789366722106931,0.0517844706773757,0.0,1.157758116722107,200,601.678448390041,0.2793533504009247,1,unknown
0.4025622308254242,0.1077016741037368,2.816632032394409,0.1319735646247863,0.0,2.8487017154693604,201,604.5110338450177,0.2831865847110748,0,unknown
0.3469176590442657,0.0953444391489029,2.426063299179077,0.0896685272455215,0.0,1.2080610990524292,202,607.8052425030037,0.2866379618644714,1,unknown
0.4026488661766052,0.2290565073490142,1.6989401578903198,0.0369835011661052,0.0,0.958358883857727,203,611.0967496809899,0.2899025082588196,1,unknown
0.277196854352951,0.1096108630299568,1.6421737670898438,0.0336860939860343,0.0,0.918056070804596,204,614.5270559490309,0.2930342555046081,1,unknown
0.3650278449058532,0.0933498591184616,2.610841751098633,0.1059380918741226,0.0,2.9584741592407227,205,617.6402720540063,0.2962806522846222,0,unknown
0.2674024403095245,0.075540155172348,1.8798192739486692,0.0388037636876106,0.0,0.9572734236717224,206,620.7740205840091,0.2989477217197418,1,unknown
0.4482001066207886,0.1850746124982834,2.525315046310425,0.1059402450919151,0.0,1.0611958503723145,207,624.0848739040084,0.3019594550132751,1,unknown
0.3007533252239227,0.1000811979174614,1.95151948928833,0.0552019141614437,0.0,1.0135164260864258,208,627.5074462750345,0.3048123717308044,1,unknown
0.3755719661712646,0.1586846262216568,2.1098415851593018,0.0590318702161312,0.0,1.5611495971679688,209,630.6073889340041,0.3074040710926056,1,unknown
0.332238495349884,0.1098898276686668,2.151353359222412,0.0721333473920822,0.0,1.015926480293274,210,633.7052064260351,0.3098415434360504,1,unknown
0.340965062379837,0.1153423860669136,2.1933586597442627,0.0628679245710372,0.0,1.1662827730178833,211,636.7931205250206,0.3122556805610657,1,unknown
0.3346184492111206,0.0979755669832229,2.277963638305664,0.0884653478860855,0.0,1.672613263130188,212,639.8361869390355,0.3142528235912323,0,unknown
0.3228643834590912,0.1176205053925514,1.995838642120361,0.0565999448299407,0.0,0.5857660174369812,213,642.8105677909916,0.3160271346569061,1,unknown
0.2378791570663452,0.0669698640704155,1.6803803443908691,0.0287124812602996,0.0,0.5641950964927673,214,645.7965545270126,0.3176550567150116,1,unknown
0.3479312360286712,0.1550415605306625,1.8874776363372805,0.0414190031588077,0.0,0.6828949451446533,215,648.9141387880081,0.3189311921596527,1,unknown
0.3325107097625732,0.1064605861902237,2.1674511432647705,0.0930498167872428,0.0,1.9865015745162964,216,652.2769691619906,0.3202257454395294,1,unknown
0.2224804461002349,0.0383454039692878,1.795354962348938,0.0459955185651779,0.0,0.77498859167099,217,655.3425986469956,0.3213939666748047,1,unknown
0.3262463510036468,0.1083162873983383,2.106152057647705,0.0731486976146698,0.0,0.9901047945022584,218,658.290911646036,0.322619765996933,1,unknown
0.2541247606277466,0.0643458440899849,1.852696657180786,0.0450923815369606,0.0,0.6961589455604553,219,661.4026753340149,0.3238974809646606,1,unknown
0.3506699502468109,0.1488168686628341,1.96460223197937,0.0539284497499465,0.0,0.9548901319503784,220,664.3648389930022,0.3251293301582336,1,unknown
0.379220187664032,0.1556337475776672,2.1713247299194336,0.0645397379994392,0.0,1.1054946184158323,221,667.5825765809859,0.3262438774108886,1,unknown
0.300911545753479,0.0974455550312995,1.9746711254119875,0.0599886327981948,0.0,1.06013023853302,222,670.9282191160019,0.3274162411689758,1,unknown
0.3852221369743347,0.1931663304567337,1.874116897583008,0.0464409813284873,0.0,0.7829689979553223,223,674.0517959960271,0.3285209834575653,1,unknown
0.5245206356048584,0.2254414111375808,2.8725736141204834,0.1182184293866157,0.0,2.3723394870758057,224,677.1221916400245,0.3295525312423706,0,unknown
0.3169637024402618,0.1244436204433441,1.872954487800598,0.052245981991291,0.0,1.6541098356246948,225,680.5756967930356,0.3304216861724853,1,unknown
0.3082560300827026,0.0812976285815239,2.1994733810424805,0.0701107680797576,0.0,0.7771825790405273,226,683.8604515910265,0.3314390480518341,1,unknown
0.3429262638092041,0.0775742158293724,2.5346336364746094,0.1188870966434478,0.0,1.174014925956726,227,686.9474150370224,0.3342582285404205,0,unknown
0.3925389349460602,0.1472112834453582,2.3616082668304443,0.0916683599352836,0.0,1.672738790512085,228,690.062582463026,0.3369144797325134,1,unknown
0.3478739261627197,0.1228234469890594,2.180802822113037,0.0697017759084701,0.0,1.7072724103927612,229,693.5143585579935,0.3394280672073364,1,unknown
0.3268373906612396,0.1404147446155548,1.815661907196045,0.0485646910965442,0.0,1.1863421201705933,230,696.6681320680073,0.3417401611804962,1,unknown
0.3177754580974579,0.1110520511865615,2.0161290168762207,0.0511049032211303,0.0,0.6787326335906982,231,699.7849607540411,0.3437252044677734,1,unknown
0.3139224648475647,0.0932390019297599,2.134871006011963,0.0719635114073753,0.0,1.326838135719299,232,703.1369363160338,0.3455013036727905,1,unknown
0.3106177449226379,0.1000309884548187,2.049398422241211,0.0564692839980125,0.0,0.923613429069519,233,706.6134290780174,0.347675621509552,1,unknown
0.3974271118640899,0.157599851489067,2.322976589202881,0.0752961188554763,0.0,1.1450515985488892,234,709.8411295739934,0.3495620191097259,1,unknown
0.5402141213417053,0.2647433578968048,2.642895221710205,0.1118128299713134,0.0,2.6278626918792725,235,712.9117473789956,0.3518041968345642,0,unknown
0.3383170664310455,0.125424638390541,2.0491943359375,0.0797300189733505,0.0,0.9109539985656738,236,716.2823245410109,0.3538739681243896,1,unknown
0.2437187582254409,0.0441491119563579,1.9427324533462524,0.0529640279710292,0.0,1.5394821166992188,237,719.684761609009,0.3558214604854584,1,unknown
0.2863377630710602,0.0799954161047935,2.01338005065918,0.050043448805809,0.0,0.6119236350059509,238,722.7806553990231,0.3578226268291473,1,unknown
0.3778804540634155,0.1557848155498504,2.139803647994995,0.0811523646116256,0.0,2.60344672203064,239,725.9350146939978,0.3596855103969574,1,unknown
0.329219251871109,0.1138813495635986,2.0923750400543213,0.0610040426254272,0.0,0.9135180115699768,240,729.3478913910221,0.3614980578422546,1,unknown
0.3573493361473083,0.1562821418046951,1.9544806480407717,0.0561914779245853,0.0,1.11793851852417,241,732.4937743649934,0.3632467091083526,1,unknown
0.305010437965393,0.0656900629401207,2.3191046714782715,0.0740987360477447,0.0,1.0192261934280396,242,735.9069275910151,0.3649177551269531,1,unknown
0.469262957572937,0.1590301096439361,2.9885501861572266,0.1137780100107193,0.0,2.9303841590881348,243,738.8639473450021,0.3667251467704773,0,unknown
0.3205266296863556,0.1495719701051712,1.6604000329971311,0.0491465404629707,0.0,0.8889284729957581,244,742.0960619950201,0.3684005439281463,1,unknown
0.2961214184761047,0.1338195502758026,1.5861035585403442,0.0369150713086128,0.0,0.5003161430358887,245,745.2345736270072,0.3699193000793457,1,unknown
0.2903080582618713,0.0874747037887573,1.977855920791626,0.0504776015877723,0.0,0.8898199796676636,246,748.7563162090373,0.3713747560977936,1,unknown
0.3095477819442749,0.1344331949949264,1.711830496788025,0.0393151752650737,0.0,0.7946832180023193,247,751.9895268109976,0.3727197647094726,1,unknown
0.2970673739910126,0.1175387501716613,1.7524484395980835,0.042837455868721,0.0,0.4151441752910614,248,755.1054293600027,0.373981237411499,1,unknown
0.3324455618858337,0.1131340563297271,2.1258978843688965,0.0672171115875244,0.0,0.6949986815452576,249,758.385722586012,0.3750713765621185,1,unknown
0.2525171339511871,0.0569131150841712,1.900057077407837,0.0559829175472259,0.0,1.3112648725509644,250,761.8981305800262,0.3760678768157959,1,unknown
0.3827495872974396,0.1561009436845779,2.1849615573883057,0.0815243199467659,0.0,1.0423449277877808,251,765.0212260300177,0.3770691752433777,1,unknown
0.296053946018219,0.1200345903635025,1.7206051349639893,0.0395884700119495,0.0,0.889566957950592,252,768.1558093529893,0.3779822289943695,1,unknown
0.4769677221775055,0.1932241171598434,2.7177436351776123,0.1196924597024917,0.0,1.1722537279129028,253,771.2206428860081,0.3789369761943817,0,unknown
0.5099985003471375,0.2298165261745453,2.669132232666016,0.1326877325773239,0.0,1.83626651763916,254,774.6609882730409,0.3800229430198669,0,unknown
0.3830643892288208,0.1398766934871673,2.3448646068573,0.0870119631290435,0.0,0.9111079573631288,255,777.814521991997,0.3809418380260467,1,unknown
0.2864608764648437,0.0632002428174018,2.15433120727539,0.0782747417688369,0.0,0.5790998339653015,256,780.9322857339866,0.3817340135574341,1,unknown
0.3741544485092163,0.2014418244361877,1.688334822654724,0.0387912206351757,0.0,0.7598071694374084,257,848.5359637670335,0.3823958039283752,1,unknown
0.2835124433040619,0.0782164186239242,2.0015406608581543,0.0514192134141922,0.0,2.1629111766815186,258,852.0399299560231,0.383066326379776,1,unknown
0.2859838306903839,0.0843473896384239,1.963723063468933,0.0526412799954414,0.0,0.8112377524375916,259,855.1907240290311,0.3836565911769867,1,unknown
0.5723794102668762,0.284709483385086,2.715806722640991,0.1608920246362686,0.0,5.56211519241333,260,858.2946735530277,0.3848956525325775,0,unknown
0.2484424412250518,0.0678125098347663,1.762076735496521,0.0442224405705928,0.0,1.2668153047561646,261,861.4202159140259,0.3860248029232025,1,unknown
0.463365763425827,0.1906455606222152,2.620835781097412,0.1063662469387054,0.0,1.582287311553955,262,864.3893554650131,0.3874997198581695,0,unknown
0.4545284509658813,0.1657086163759231,2.767783164978028,0.1204150170087814,0.0,3.65775465965271,263,867.6369327490102,0.3891734480857849,0,unknown
0.3372829854488373,0.1390300989151001,1.9217665195465088,0.0607620887458324,0.0,0.8436628580093384,264,870.7795930490247,0.3910157978534698,1,unknown
0.3405829668045044,0.140689343214035,1.933659553527832,0.0652767717838287,0.0,4.081382751464844,265,873.9159556730301,0.3927002251148224,1,unknown
0.2832841575145721,0.0833864137530326,1.9434950351715088,0.0554822981357574,0.0,0.5973935723304749,266,877.0544289920363,0.394172340631485,1,unknown
0.2217584103345871,0.0502677932381629,1.681886911392212,0.0330192558467388,0.0,0.5872668623924255,267,880.3929011109867,0.3955807387828827,1,unknown
0.2908283472061157,0.1013826131820678,1.844100832939148,0.0503565408289432,0.0,0.6885691285133362,268,883.8052957259933,0.396872878074646,1,unknown
0.3228963911533355,0.1250418722629547,1.9215353727340696,0.0570094212889671,0.0,1.5737929344177246,269,886.9408642870258,0.3981258869171142,1,unknown
0.4107751846313476,0.2143750637769699,1.9114928245544436,0.0525083057582378,0.0,1.587535381317139,270,890.1017109630047,0.3993251621723175,1,unknown
0.2698256075382232,0.1055170521140098,1.6151535511016846,0.0279319137334823,0.0,0.751716136932373,271,893.4477759540314,0.400526225566864,1,unknown
0.3426786661148071,0.1202713176608085,2.158153533935547,0.0659199506044387,0.0,1.182747721672058,272,896.7405289779999,0.4016178846359253,1,unknown
0.277586966753006,0.07328812032938,1.9768110513687132,0.0661774352192878,0.0,1.356063961982727,273,899.9885734310374,0.402575671672821,1,unknown
0.2801617383956909,0.1233028545975685,1.5433162450790403,0.0252724066376686,0.0,0.7825196981430054,274,903.1550828810432,0.4034218788146972,1,unknown
0.2765561938285827,0.0983777418732643,1.743350863456726,0.0384336188435554,0.0,0.4903492331504822,275,906.6902741270025,0.404270738363266,1,unknown
0.3937186896800995,0.1413765698671341,2.4223387241363525,0.1010820344090461,0.0,0.8116859197616577,276,909.6585083930404,0.4058892428874969,0,unknown
0.2926251590251922,0.0956289023160934,1.9106566905975344,0.0593060329556465,0.0,1.1869486570358276,277,912.8151674050024,0.4074230194091797,1,unknown
0.282205730676651,0.0805133283138275,1.9539612531661987,0.0629626661539077,0.0,1.1417813301086426,278,915.9736277430202,0.4089363217353821,1,unknown
0.2505389153957367,0.0644419640302658,1.8182215690612795,0.0427479594945907,0.0,0.7004652619361877,279,919.474241532036,0.4104019999504089,1,unknown
0.4809913635253906,0.1830883175134658,2.8318333625793457,0.147196963429451,0.0,2.732072353363037,280,922.4427147019888,0.4111347198486328,0,unknown
0.2302464544773101,0.0624280907213687,1.644195556640625,0.0339880138635635,0.0,0.4888910949230194,281,925.5744493459932,0.4118738174438476,1,unknown
0.3732383251190185,0.1578096002340316,2.079453945159912,0.0748334974050521,0.0,0.6198192238807678,282,928.8403129980434,0.4126560091972351,1,unknown
0.3999525606632232,0.1786278784275055,2.136758327484131,0.0764884501695633,0.0,1.1997720003128052,283,932.1369270500144,0.4135191738605499,1,unknown
0.2509661018848419,0.0441942438483238,2.005188465118408,0.0625301226973533,0.0,1.1034773588180542,284,935.702267530025,0.4142972230911255,1,unknown
0.3326196074485779,0.1524476408958435,1.7538962364196775,0.0478233620524406,0.0,0.8654881119728088,285,939.0005962580326,0.4151243865489959,1,unknown
0.4580575227737427,0.2900112867355346,1.6402989625930786,0.0401634722948074,0.0,0.932486653327942,286,942.1390626070206,0.4158645570278168,1,unknown
0.2751573324203491,0.0914602577686309,1.7891545295715332,0.0478160828351974,0.0,0.7247037291526794,287,945.3837409020052,0.4163435995578766,1,unknown
0.2876258492469787,0.0925829336047172,1.895328521728516,0.0551006495952606,0.0,1.1056069135665894,288,948.7646568019992,0.4169867634773254,1,unknown
0.2928194105625152,0.0696702301502227,2.16845178604126,0.0630398988723754,0.0,0.9000344276428223,289,951.8963630539948,0.4174288809299469,1,unknown
0.2767219543457031,0.0843098014593124,1.8737502098083496,0.0503712594509124,0.0,0.8730311989784241,290,955.1880329230336,0.4178168773651123,1,unknown
0.3206290900707245,0.111750990152359,2.0187113285064697,0.0700697973370552,0.0,0.9794306755065918,291,958.349387307011,0.4179916083812713,1,unknown
0.3009551167488098,0.0963463634252548,1.992714762687683,0.0533723756670951,0.0,1.6878738403320312,292,961.690555378038,0.4181695580482483,1,unknown
0.2940371334552765,0.0941188409924507,1.951220154762268,0.0479628071188926,0.0,0.5580479502677917,293,964.8188163610176,0.4184724986553192,1,unknown
0.2926965057849884,0.084703542292118,2.0126047134399414,0.0673250630497932,0.0,0.7723500728607178,294,968.0497451809932,0.4188158214092254,1,unknown
0.3791149258613586,0.1166523396968841,2.520296096801758,0.1043296605348587,0.0,1.1853708028793335,295,971.1181265279884,0.4207710325717926,0,unknown
0.3699509799480438,0.1418675631284713,2.1988041400909424,0.0820298716425895,0.0,1.4461519718170166,296,974.4767336400108,0.4225644767284393,1,unknown
0.4117340743541717,0.2452853918075561,1.6219301223754885,0.0425562523305416,0.0,1.867278218269348,297,977.6986325189936,0.4243866503238678,1,unknown
0.3666243553161621,0.1369617581367492,2.2156238555908203,0.0810017585754394,0.0,2.728299856185913,298,980.7833604410408,0.4259476065635681,1,unknown
0.3078175187110901,0.0862926989793777,2.131037712097168,0.0842099711298942,0.0,0.613224446773529,299,983.868820718024,0.4274559915065765,1,unknown
0.446042388677597,0.165432259440422,2.684648036956787,0.1214532926678657,0.0,3.682571649551392,300,986.9655793340062,0.4295045733451843,0,unknown
0.2663668096065521,0.0735707879066467,1.872312307357788,0.0556478463113307,0.0,0.5474340319633484,301,989.8957829500432,0.4314119815826416,1,unknown
0.2792204618453979,0.0930976346135139,1.8206182718276975,0.0406103022396564,0.0,0.6758910417556763,302,992.8267764300108,0.4331936538219452,1,unknown
0.2709307372570038,0.0769268721342086,1.8873261213302608,0.0527124479413032,0.0,0.4665092825889587,303,995.8065135930084,0.4347761571407318,1,unknown
0.3868967890739441,0.1748795509338379,2.0717194080352783,0.048453189432621,0.0,0.8738589882850647,304,998.7521971979876,0.4360411167144775,1,unknown
0.353498250246048,0.157050609588623,1.9164849519729612,0.0479911044239997,0.0,1.351738452911377,305,1002.0360431720036,0.4370697736740112,1,unknown
0.3717106878757477,0.0983052998781204,2.62058162689209,0.1134721711277961,0.0,1.652511715888977,306,1004.9870363720112,0.4395113587379455,0,unknown
0.3246048390865326,0.1365543007850647,1.832332253456116,0.0481730699539184,0.0,0.789517879486084,307,1008.0816987710424,0.4417614042758941,1,unknown
0.3583334982395172,0.129949539899826,2.2009522914886475,0.0828866213560104,0.0,1.2062500715255735,308,1011.0039308450068,0.4441746473312378,0,unknown
0.4950265288352966,0.2104816287755966,2.726458787918091,0.1189896389842033,0.0,1.4547425508499146,309,1013.9569441950298,0.4458690583705902,0,unknown
0.3287504315376282,0.1174206286668777,2.053055763244629,0.0602421425282955,0.0,0.7634623050689697,310,1017.2032673769864,0.4473910629749298,1,unknown
0.2591214776039123,0.0679636895656585,1.8641163110733032,0.0474616885185241,0.0,0.6458122134208679,311,1020.170429788006,0.4488081037998199,1,unknown
0.2742946147918701,0.0814810395240783,1.887287139892578,0.0408481433987617,0.0,0.4741361439228058,312,1023.1233935380004,0.4501633644104004,1,unknown
0.2895181179046631,0.0845650136470794,1.9771724939346316,0.0723585113883018,0.0,0.9258012771606444,313,1026.5366199950222,0.4512698650360107,1,unknown
0.2742021381855011,0.0848129615187645,1.8530575037002563,0.0408340841531753,0.0,0.4354628920555115,314,1029.169806140009,0.4524397850036621,1,unknown
0.266705721616745,0.0800580233335495,1.825972080230713,0.0405051074922084,0.0,1.1034687757492063,315,1031.8695414180402,0.4535137414932251,1,unknown
0.4682067334651947,0.2476942390203476,2.126830816268921,0.0782942473888397,0.0,0.9694146513938904,316,1034.579132254992,0.4545333981513977,1,unknown
0.3838321566581726,0.1814182698726654,1.9692249298095703,0.0549140498042106,0.0,1.3511821031570437,317,1037.359418515989,0.4554735720157623,1,unknown
0.4496157467365265,0.250394344329834,1.9441568851470947,0.0480571426451206,0.0,1.936851501464844,318,1039.9650627460214,0.4567484259605407,1,unknown
0.274431824684143,0.0607697404921054,2.0718295574188232,0.0647909492254257,0.0,0.7144690155982971,319,1042.7370053660125,0.4578173756599426,1,unknown
0.2435675263404846,0.0571167171001434,1.8212286233901975,0.0432795099914073,0.0,0.5839967131614685,320,1045.3487602639943,0.4588356018066406,1,unknown
0.2528730928897857,0.0660169199109077,1.827867031097412,0.0406945869326591,0.0,1.2308744192123413,321,1048.214247744996,0.45988929271698,1,unknown
0.2392859011888504,0.0457269251346588,1.8769534826278689,0.0586364157497882,0.0,0.7072327136993408,322,1050.8342529050424,0.4609456658363342,1,unknown
0.2892031669616699,0.0922230929136276,1.9197362661361692,0.0500647760927677,0.0,0.823332667350769,323,1053.5397767809918,0.4619984328746795,1,unknown
0.31121426820755,0.0899396687746048,2.1397480964660645,0.072997972369194,0.0,0.8199077844619751,324,1056.5350607309956,0.4629450440406799,1,unknown
0.3099520206451416,0.1204873174428939,1.8483805656433103,0.0462662503123283,0.0,1.1859833002090454,325,1060.0032253430109,0.4636296927928924,1,unknown
0.5110347867012024,0.3402023017406463,1.6765549182891846,0.031769536435604,0.0,1.2367838621139526,326,1062.9750557109946,0.4644288420677185,1,unknown
0.3720235228538513,0.1229941770434379,2.397520065307617,0.0927736461162567,0.0,1.1928995847702026,327,1065.9244391230168,0.4651610553264618,1,unknown
0.3055043518543243,0.1230907142162323,1.780984878540039,0.043151244521141,0.0,0.68072509765625,328,1068.862904078036,0.4659298956394195,1,unknown
0.2510812282562256,0.0618029236793518,1.843659520149231,0.0491233803331851,0.0,0.8126530647277832,329,1071.82897139102,0.4666498303413391,1,unknown
0.238979771733284,0.0593604892492294,1.7582145929336548,0.0379780679941177,0.0,0.5763635039329529,330,1074.5223881680286,0.4672576487064361,1,unknown
0.3868760466575622,0.1842416822910308,1.964354395866394,0.061989676207304,0.0,1.057219386100769,331,1077.232075382024,0.467832863330841,1,unknown
0.2409332543611526,0.0628534406423568,1.7477480173110962,0.0330501273274421,0.0,0.960948884487152,332,1079.8330564080388,0.468240737915039,1,unknown
0.3086089491844177,0.1167095676064491,1.8701030015945437,0.0488909855484962,0.0,0.6328928470611572,333,1082.559143710998,0.4686533510684967,1,unknown
0.3304836750030517,0.1274468749761581,1.977547645568848,0.052820436656475,0.0,0.520926296710968,334,1085.4091258360422,0.4691009819507599,1,unknown
0.2732622325420379,0.0848435312509536,1.833856463432312,0.0503305718302726,0.0,0.5137642025947571,335,1088.6082422889883,0.4695723950862884,1,unknown
0.3638027608394623,0.1575241237878799,1.9968862533569336,0.0659001320600509,0.0,0.6100102066993713,336,1091.2199772440365,0.4700529873371124,1,unknown
0.3856816291809082,0.1762540489435196,2.0250563621521,0.0692194625735282,0.0,0.9621567130088806,337,1093.8460550910097,0.470486968755722,1,unknown
0.2238319367170334,0.0559148378670215,1.6422609090805054,0.0369101613759994,0.0,0.4943190217018127,338,1096.9204195089987,0.4709989428520202,1,unknown
0.450450450181961,0.2313135713338852,2.1256637573242188,0.0657050237059593,0.0,1.0335922241210938,339,1099.5341448190156,0.4713819622993469,1,unknown
0.3445004224777221,0.1630256175994873,1.7716683149337769,0.0430795811116695,0.0,0.910791516304016,340,1102.5928699070355,0.47170290350914,1,unknown
0.3505321145057678,0.1444643884897232,2.0097522735595703,0.0509250424802303,0.0,1.176053166389465,341,1104.7548440250102,0.4717541038990021,1,unknown
0.2609434127807617,0.073245957493782,1.828175663948059,0.0487988926470279,0.0,1.1880418062210083,342,1107.948468948016,0.4718024432659149,1,unknown
0.3934006690979004,0.09595288336277,2.85366153717041,0.1208165436983108,0.0,2.238823890686035,343,1110.4213669730234,0.4719899296760559,0,unknown
0.2292378693819046,0.0569825544953346,1.6876070499420166,0.0349459759891033,0.0,0.6493095755577087,344,1113.1717672169907,0.4721429944038391,1,unknown
0.3622240126132965,0.1552634090185165,2.002410650253296,0.0671953186392784,0.0,0.8511825203895569,345,1115.8811912080273,0.472324788570404,1,unknown
0.3224706053733825,0.1070984601974487,2.084514856338501,0.069206602871418,0.0,2.2559595108032227,346,1118.7023372980184,0.4724489152431488,1,unknown
0.4548648595809936,0.2833961248397827,1.675460696220398,0.0392269417643547,0.0,1.242172360420227,347,1121.4097998000216,0.4725484251976013,1,unknown
0.3707653284072876,0.156316339969635,2.0782339572906494,0.0662558898329734,0.0,1.4239684343338013,348,1124.0193536159932,0.4727560877799988,1,unknown
0.52222740650177,0.3092210292816162,2.0705313682556152,0.0595324896275997,0.0,1.1140748262405396,349,1126.6225331570022,0.4729354083538055,1,unknown
0.330311119556427,0.134173959493637,1.9040987491607664,0.0572725906968116,0.0,1.5718833208084106,350,1129.5301292450167,0.4730424582958221,1,unknown
0.3522841334342956,0.1727579236030578,1.7515383958816528,0.0437234714627265,0.0,0.5093090534210205,351,1132.6788533169893,0.4732210636138916,1,unknown
0.3429774045944214,0.1512450873851776,1.874701142311096,0.0426221042871475,0.0,1.3372883796691897,352,1135.8387405800167,0.4734366834163666,1,unknown
0.3153791427612304,0.1185876280069351,1.921017408370972,0.0468978881835937,0.0,0.9494867920875548,353,1138.5130143880378,0.4735160768032074,1,unknown
0.3444869518280029,0.1363566666841507,2.0107789039611816,0.0705236420035362,0.0,0.9691697359085084,354,1141.7030471860198,0.4735620617866516,1,unknown
0.329791247844696,0.133544385433197,1.908769607543945,0.0536991022527217,0.0,0.9656410813331604,355,1145.1121560170432,0.4735318124294281,1,unknown
0.4219982326030731,0.2061583399772644,2.101701021194458,0.0566980130970478,0.0,1.0758885145187378,356,1148.0659079790348,0.4735807776451111,1,unknown
0.324953943490982,0.0980826169252395,2.185116767883301,0.083596184849739,0.0,1.430918574333191,357,1151.1263796610292,0.473565012216568,1,unknown
0.329286515712738,0.1458075046539306,1.7956619262695312,0.0391278341412544,0.0,0.8264135718345642,358,1154.0752658289855,0.4735031127929687,1,unknown
0.3445043861865997,0.1160294413566589,2.2023205757141118,0.0824284255504608,0.0,1.4622361660003662,359,1157.2851911850155,0.473410427570343,1,unknown
0.3170435130596161,0.1410555988550186,1.7174443006515503,0.0424350537359714,0.0,3.243732213973999,360,1160.6077276280266,0.4733401536941528,1,unknown
0.281430184841156,0.0897326245903968,1.868155002593994,0.0488208979368209,0.0,2.0641353130340576,361,1163.555143475009,0.4733398556709289,1,unknown
0.3238707184791565,0.1169023066759109,2.0068087577819824,0.0628756433725357,0.0,1.096689224243164,362,1166.5430785600329,0.4734348058700561,1,unknown
0.2983401715755462,0.1074697822332382,1.8574602603912356,0.0512434169650077,0.0,1.523652195930481,363,1169.8243833490417,0.4735957384109497,1,unknown
0.2404800653457641,0.0572377331554889,1.78347647190094,0.0489469803869724,0.0,0.9211524724960328,364,1172.8064521719934,0.4738409519195556,1,unknown
0.252716600894928,0.0638128295540809,1.83299458026886,0.0560431517660617,0.0,0.7839108109474182,365,1175.7597317899929,0.4741185903549194,1,unknown
0.2695980370044708,0.0758827403187751,1.8919719457626345,0.0451812669634819,0.0,1.4690656661987305,366,1178.7286463550408,0.4743914306163788,1,unknown
0.2911122739315033,0.0869548022747039,1.9927349090576167,0.0488395914435386,0.0,0.6447886824607849,367,1181.9617394070374,0.4746358394622803,1,unknown
0.377091497182846,0.1812627613544464,1.9090372323989868,0.0492500178515911,0.0,0.8326045274734497,368,1184.9405367810396,0.4748768508434295,1,unknown
0.3308336734771728,0.1411504447460174,1.8566348552703855,0.0401974655687809,0.0,1.2999848127365112,369,1187.9138639410376,0.4752982258796692,1,unknown
0.3882398903369903,0.1866564452648162,1.948644995689392,0.0671893954277038,0.0,2.2948973178863525,370,1190.892290886026,0.4758641421794891,1,unknown
0.2461334466934204,0.0691172033548355,1.7311429977416992,0.0390196628868579,0.0,0.422327309846878,371,1194.0666831830167,0.476364254951477,1,unknown
0.3249367773532867,0.1364186108112335,1.843170404434204,0.0420111939311027,0.0,0.9525738954544068,372,1197.0367169799863,0.4767185747623443,1,unknown
0.3940081596374511,0.117244154214859,2.65983510017395,0.1078047454357147,0.0,2.2185537815093994,373,1199.9294676019929,0.4774408042430877,0,unknown
0.2874372899532318,0.0682657361030578,2.119514226913452,0.0722012445330619,0.0,0.9943031668663024,374,1202.8864308950142,0.4781831800937652,1,unknown
0.3088816106319427,0.0965132638812065,2.0622832775115967,0.0614002309739589,0.0,0.7354199886322021,375,1206.3243136390229,0.4788815379142761,1,unknown
0.3005538582801819,0.1085612773895263,1.87333083152771,0.0465949401259422,0.0,0.8890448808670044,376,1209.38800793502,0.4795219898223877,1,unknown
0.3121001720428467,0.1015550941228866,2.045552492141724,0.0598978400230407,0.0,1.0996952056884766,377,1212.6306937169866,0.480143666267395,1,unknown
0.2353515326976776,0.0479930005967617,1.819762945175171,0.0538222640752792,0.0,0.6046192646026611,378,1215.796417712991,0.4807497859001159,1,unknown
0.2719339430332184,0.0976931527256965,1.7089272737503052,0.0334806106984615,0.0,0.8934541940689087,379,1218.751587479026,0.4813275337219238,1,unknown
0.2838060855865478,0.10878786444664,1.7116339206695557,0.0385481417179107,0.0,1.0731476545333862,380,1221.8863265520197,0.4819159805774688,1,unknown
0.3108870685100555,0.120370328426361,1.859173893928528,0.0459936037659645,0.0,1.129611849784851,381,1224.9545537609956,0.4825149774551391,1,unknown
0.5098903179168701,0.2141727656126022,2.819770574569702,0.1374043226242065,0.0,2.3081390857696533,382,1227.8729148579878,0.4837739467620849,0,unknown
0.309025377035141,0.1029384359717369,2.0030555725097656,0.0578141994774341,0.0,0.9033175706863404,383,1230.842898568022,0.4849944710731506,1,unknown
0.3823775947093963,0.1710303276777267,2.047280788421631,0.0661920383572578,0.0,1.1746917963027954,384,1234.1223367270431,0.486234962940216,1,unknown
0.2988289296627044,0.1031902581453323,1.893826246261597,0.0625603646039962,0.0,4.464207172393799,385,1237.2633168590255,0.4873194694519043,1,unknown
0.3543234765529632,0.1661446243524551,1.8353948593139648,0.0463935509324073,0.0,0.7508124709129333,386,1240.2280493120195,0.4883853197097778,1,unknown
0.3027897775173187,0.1021158024668693,1.94070565700531,0.0660340040922164,0.0,0.7201061844825745,387,1243.423794842034,0.4893956780433655,1,unknown
0.3378079831600189,0.1064979135990142,2.2362990379333496,0.0768020302057266,0.0,0.9346433877944946,388,1246.68954519002,0.490415871143341,1,unknown
0.320564329624176,0.132609948515892,1.839993953704834,0.0395497642457485,0.0,0.8109912276268005,389,1249.6760263320175,0.4913687407970428,1,unknown
0.3859310150146484,0.1624604761600494,2.176469087600708,0.0582363121211528,0.0,1.0359086990356443,390,1252.735632484022,0.4922199249267578,1,unknown
0.3095832467079162,0.1383818835020065,1.6760377883911133,0.0359759368002414,0.0,0.9071141481399536,391,1255.7080723789986,0.4930072724819183,1,unknown
0.3019145429134369,0.1341927200555801,1.644023060798645,0.0331951156258583,0.0,0.6595092415809631,392,1258.949194588,0.4937194287776947,1,unknown
0.2817079424858093,0.0889376774430275,1.8777309656143188,0.0499716103076934,0.0,0.5536518692970276,393,1262.017692302994,0.4944217205047607,1,unknown
0.2921358346939087,0.1063445806503295,1.8072255849838257,0.0506870560348033,0.0,14.185529708862305,394,1265.1227072059992,0.4950507581233978,1,unknown
0.292418897151947,0.1014511808753013,1.8495932817459104,0.0600838735699653,0.0,1.027784824371338,395,1268.1678602439931,0.4956716895103454,1,unknown
0.2733298540115356,0.0473356023430824,2.17873477935791,0.0812075659632682,0.0,1.0880671739578247,396,1271.3055827310309,0.4960809648036957,1,unknown
0.3957245349884033,0.1468732953071594,2.399794101715088,0.0887183994054794,0.0,0.7826355695724487,397,1274.0929440649925,0.4961465895175934,0,unknown
0.2905167639255523,0.1078873798251152,1.7855000495910645,0.04079370200634,0.0,0.8932552933692932,398,1277.158540164004,0.4963825345039367,1,unknown
0.2699433863162994,0.068663939833641,1.9626060724258425,0.0501882992684841,0.0,0.9974294900894164,399,1280.0800865740166,0.4966908991336822,1,unknown
0.3152882754802704,0.1019706577062606,2.0654282569885254,0.0677477791905403,0.0,1.024107575416565,400,1283.0168555870189,0.4968432784080505,1,unknown
0.4525669813156128,0.1748590916395187,2.672372341156006,0.1047067865729332,0.0,1.997491955757141,401,1286.1078373340424,0.497740626335144,0,unknown
0.3265606760978699,0.1558636277914047,1.6648277044296265,0.0421429350972175,0.0,0.5457392334938049,402,1289.2108626900008,0.4985605776309967,1,unknown
0.2982292771339416,0.1024620756506919,1.9211407899856567,0.0365312322974205,0.0,0.5326151847839355,403,1292.142309151997,0.4993434846401214,1,unknown
0.3377746939659118,0.1619009673595428,1.7203128337860107,0.0384242832660675,0.0,0.94983571767807,404,1295.1039385499898,0.5000874996185303,1,unknown
0.3542171716690063,0.134971335530281,2.1161725521087646,0.0762857794761657,0.0,0.789634644985199,405,1298.337686706043,0.5006861686706543,1,unknown
0.3684974312782287,0.1807833611965179,1.8316094875335691,0.0455314293503761,0.0,1.0925894975662231,406,1301.3989504100173,0.5012454390525818,1,unknown
0.3636687397956848,0.1280508339405059,2.2790751457214355,0.0771038606762886,0.0,0.8334980010986328,407,1304.3317322870134,0.5018795728683472,1,unknown
0.3712979853153229,0.1913360655307769,1.7618553638458252,0.0377637185156345,0.0,0.6665010452270508,408,1307.2610757559887,0.5024839639663696,1,unknown
0.3783392310142517,0.1510701775550842,2.193143606185913,0.0795469358563423,0.0,1.5110411643981934,409,1310.3870713629876,0.5032581090927124,1,unknown
0.2555919885635376,0.0461943075060844,2.027672529220581,0.0663039833307266,0.0,0.7016230821609497,410,1313.4505476810157,0.5039881467819214,1,unknown
0.3313409984111786,0.1351693868637085,1.90402090549469,0.0576951429247856,0.0,1.6796674728393557,411,1316.5404611889971,0.5046775937080383,1,unknown
0.3400178551673889,0.1587804555892944,1.7701921463012695,0.0421816445887088,0.0,0.5776841044425964,412,1319.5094214180135,0.5053898096084595,1,unknown
0.2725345492362976,0.1058439016342163,1.6376405954360962,0.0292659867554903,0.0,1.10407555103302,413,1322.7226018100046,0.5060681104660034,1,unknown
0.3805720508098602,0.2119327187538147,1.6443767547607422,0.0420168377459049,0.0,1.8359631299972532,414,1325.700395399006,0.5067374110221863,1,unknown
0.352723628282547,0.1353732347488403,2.112673759460449,0.0608296506106853,0.0,1.4450185298919678,415,1328.6130406780285,0.5074447393417358,1,unknown
0.3879393637180328,0.1619786322116851,2.183414936065674,0.0761925280094146,0.0,0.6835159063339233,416,1331.6510054779935,0.5080202221870422,1,unknown
0.2579558193683624,0.0731562972068786,1.806121587753296,0.0418737977743148,0.0,1.6733616590499878,417,1334.775485221995,0.5085698366165161,1,unknown
0.3531888425350189,0.1410587877035141,2.0618410110473637,0.0594591870903968,0.0,1.0320453643798828,418,1337.8710024480242,0.5090782642364502,1,unknown
0.2903129756450653,0.0906828269362449,1.9415870904922483,0.0547141842544078,0.0,1.1298799514770508,419,1340.9671794860042,0.5095611214637756,1,unknown
0.3612156212329864,0.1393959671258926,2.15137267112732,0.0668239742517471,0.0,0.976079523563385,420,1344.0523793839966,0.5101380944252014,1,unknown
0.2845277488231659,0.0984092205762863,1.8148456811904907,0.0463395752012729,0.0,0.7555498480796814,421,1347.162027265993,0.510669469833374,1,unknown
0.2942420542240143,0.1080404669046402,1.8143452405929563,0.047670442610979,0.0,0.5651511549949646,422,1350.088297003007,0.5111451745033264,1,unknown
0.3465023040771484,0.167343407869339,1.7438998222351074,0.0476893074810504,0.0,0.6823076605796814,423,1353.1983254040242,0.5116189122200012,1,unknown
0.3732199668884277,0.1786709278821945,1.891160011291504,0.054330363869667,0.0,3.012789726257324,424,1356.138056166994,0.5120608806610107,1,unknown
0.3129573166370392,0.1261932104825973,1.825603008270264,0.0420378260314464,0.0,1.5526401996612549,425,1359.072954325995,0.5125019550323486,1,unknown
0.4824295043945312,0.1957201361656189,2.744922637939453,0.1221706122159957,0.0,3.636476755142212,426,1362.0094158700083,0.5125930905342102,0,unknown
0.2238743901252746,0.030320081859827,1.8829829692840576,0.0525600984692573,0.0,0.5973005890846252,427,1364.9211383400252,0.5127025246620178,1,unknown
0.3530134856700897,0.1181928813457489,2.2728278636932373,0.0753779709339141,0.0,0.9520829916000366,428,1367.963303585013,0.5132062435150146,1,unknown
0.225674033164978,0.0623150430619716,1.6024680137634275,0.0311219953000545,0.0,0.8272643685340881,429,1370.902782528021,0.5137444138526917,1,unknown
0.3378817141056061,0.1135487481951713,2.159319400787353,0.084010437130928,0.0,1.5041903257369995,430,1374.120966485003,0.5142278075218201,1,unknown
0.2721582055091858,0.0851849466562271,1.8134002685546875,0.0563322491943836,0.0,1.1270910501480105,431,1377.238138560031,0.5150963664054871,1,unknown
0.234339490532875,0.0658989995718002,1.64705491065979,0.0373499579727649,0.0,0.4117567837238312,432,1380.199609793024,0.5158893465995789,1,unknown
0.2851492762565613,0.0982343852519989,1.8219573497772217,0.0471915937960147,0.0,1.008292317390442,433,1383.1346989470185,0.5166400671005249,1,unknown
0.2812607288360595,0.0847858935594558,1.9122278690338133,0.0525205396115779,0.0,3.1459848880767822,434,1386.2874134230078,0.517755389213562,1,unknown
0.2756216526031494,0.1060801446437835,1.6590948104858398,0.0363203026354312,0.0,0.7223541736602783,435,1389.4093094069976,0.5188099145889282,1,unknown
0.3171209096908569,0.120231032371521,1.921831488609314,0.0470671951770782,0.0,3.448143243789673,436,1392.4893394170213,0.5198400616645813,1,unknown
0.3030189871788025,0.1156056746840477,1.8171968460083008,0.0569361895322799,0.0,0.6934555768966675,437,1395.4199975969968,0.5208121538162231,1,unknown
0.2025201618671417,0.0285628177225589,1.700837016105652,0.0387363359332084,0.0,1.0491533279418943,438,1398.5253458269872,0.5217222571372986,1,unknown
0.4054746925830841,0.1318928599357605,2.605043888092041,0.1307740062475204,0.0,2.4739835262298584,439,1401.284547474992,0.5229052305221558,0,unknown
0.3534079790115356,0.1641553938388824,1.8423011302948,0.0502246357500553,0.0,0.7423826456069946,440,1404.2071566919913,0.5240990519523621,1,unknown
0.2734734117984772,0.0927872061729431,1.7631207704544067,0.0437413975596427,0.0,0.5691507458686829,441,1407.3054424159927,0.5251342058181763,1,unknown
0.3539726436138153,0.1485809683799743,1.9830597639083865,0.0708573162555694,0.0,0.9049696326255798,442,1410.4505598419928,0.5260804891586304,1,unknown
0.2789884209632873,0.0903592109680175,1.8337478637695312,0.0525440014898777,0.0,0.9861010313034058,443,1413.4028380020172,0.5275272130966187,1,unknown
0.2592135965824127,0.0846359655261039,1.7115317583084106,0.0342445112764835,0.0,0.4773590266704559,444,1416.4559551710263,0.5289269685745239,1,unknown
0.2643173635005951,0.0535045005381107,2.037682056427002,0.0704466924071312,0.0,0.6550737023353577,445,1419.4040048780153,0.530245840549469,1,unknown
0.3266168534755707,0.1358516067266464,1.8567619323730469,0.0508906878530979,0.0,0.8624879121780396,446,1422.5106338059995,0.5315173864364624,1,unknown
0.2879973948001861,0.0850300341844558,1.9671024084091189,0.0625709071755409,0.0,0.9646154046058656,447,1425.5324172939872,0.532713770866394,1,unknown
0.3206910192966461,0.1169564127922058,1.9838266372680664,0.0535194538533687,0.0,0.7514218688011169,448,1428.5886529700365,0.5339034795761108,1,unknown
0.4671863913536072,0.2455493509769439,2.146677017211914,0.0696935355663299,0.0,1.2200675010681152,449,1431.519771547988,0.5349960923194885,1,unknown
0.2982394099235534,0.0936462581157684,1.9811915159225464,0.0647401362657547,0.0,0.8090237379074097,450,1434.4072789610364,0.5360278487205505,1,unknown
0.4176611006259918,0.2177095115184784,1.9435255527496336,0.0559903942048549,0.0,0.7703376412391663,451,1437.629968386027,0.5369367003440857,1,unknown
0.4300905466079712,0.2410634607076645,1.8386181592941284,0.0516529381275177,0.0,0.9816651940345764,452,1440.6975079519907,0.5378618836402893,1,unknown
0.2920049130916595,0.0839561074972152,2.020582437515259,0.0599058717489242,0.0,1.530059814453125,453,1443.755998159002,0.5387789011001587,1,unknown
0.2928407490253448,0.1128510311245918,1.7591097354888916,0.0407874919474124,0.0,0.5392268300056458,454,1446.7023676050012,0.5395495891571045,1,unknown
0.2648669481277466,0.0868010148406028,1.741261005401611,0.0393981635570526,0.0,0.9289183020591736,455,1449.9594725370407,0.5401486754417419,1,unknown
0.2278977185487747,0.0429738089442253,1.80408787727356,0.04515141248703,0.0,0.4707345366477966,456,1452.9249254949973,0.5407879948616028,1,unknown
0.2454039007425308,0.0652899891138076,1.7651233673095703,0.0360157415270805,0.0,0.6916957497596741,457,1455.990146516997,0.5413213968276978,1,unknown
0.3320166766643524,0.1357383280992508,1.9106559753417969,0.0521275773644447,0.0,1.8000357151031494,458,1459.056013051013,0.5420427322387695,1,unknown
0.4114106595516205,0.2318805009126663,1.7459664344787598,0.0493352822959423,0.0,0.9985495209693908,459,1462.2201928450377,0.542679488658905,1,unknown
0.3277504742145538,0.1464084088802337,1.7592532634735107,0.0541671589016914,0.0,1.4903079271316528,460,1465.1628840850317,0.5432687997817993,1,unknown
0.2509956955909729,0.0548278801143169,1.9101872444152832,0.0514910370111465,0.0,0.4599912464618683,461,1468.2462592180236,0.543800950050354,1,unknown
0.3056167066097259,0.1103758364915847,1.899501085281372,0.0529075153172016,0.0,0.6330578327178955,462,1471.209852355998,0.5443068146705627,1,unknown
0.2841388583183288,0.0933325663208961,1.8583877086639404,0.0496749579906463,0.0,1.0333514213562012,463,1474.357170976,0.5447593927383423,1,unknown
0.3368695676326751,0.1494130194187164,1.8239738941192627,0.05059190467,0.0,0.5030463337898254,464,1477.4628474530182,0.5451685786247253,1,unknown
0.2674257159233093,0.0987124294042587,1.6603424549102783,0.0267900545150041,0.0,0.7596912384033203,465,1480.5669908450218,0.5455697178840637,1,unknown
0.2790682315826416,0.1103966906666755,1.6475132703781128,0.0392022095620632,0.0,1.3359662294387815,466,1483.6546112890355,0.5457867980003357,1,unknown
0.3588229715824127,0.1568559855222702,1.9601621627807615,0.0595075488090515,0.0,0.9614907503128052,467,1486.8566556079895,0.5460425615310669,1,unknown
0.4261413514614105,0.2049572467803955,2.140035629272461,0.0718052387237548,0.0,1.0227802991867063,468,1489.9289967610384,0.5459927916526794,1,unknown
0.2350065261125564,0.0579189620912075,1.720398187637329,0.0504772141575813,0.0,0.909927248954773,469,1492.9237176830063,0.5460397005081177,1,unknown
0.2714665830135345,0.0791667103767395,1.8626651763916016,0.0603335388004779,0.0,0.7354617714881897,470,1495.9998590250034,0.546118438243866,1,unknown
0.4509464204311371,0.1682111620903015,2.709180355072021,0.1181721985340118,0.0,1.4348936080932615,471,1499.0146716320305,0.546079158782959,0,unknown
0.1790473014116287,0.0270316805690526,1.4947106838226318,0.025445632636547,0.0,1.379384160041809,472,1502.1486889350344,0.5458121299743652,1,unknown
0.2399601191282272,0.0556266531348228,1.8030043840408323,0.0403301455080509,0.0,0.674518346786499,473,1505.1969736529863,0.5455849766731262,1,unknown
0.3745494782924652,0.1809587627649307,1.87736177444458,0.0585454665124416,0.0,0.8213337659835815,474,1508.2679264710168,0.5454548597335815,1,unknown
0.5622302889823914,0.2663394212722778,2.8407092094421387,0.1181990280747413,0.0,2.353965997695923,475,1511.2003837950178,0.5453998446464539,0,unknown
0.4640085399150848,0.185089573264122,2.657456398010254,0.1317335367202758,0.0,1.4840266704559326,476,1514.1539604060235,0.5464404821395874,0,unknown
0.3723200559616089,0.1937843561172485,1.7487443685531616,0.0366125591099262,0.0,1.2563313245773315,477,1517.2706461140187,0.5476496815681458,1,unknown
0.2468993067741394,0.0885967686772346,1.549813747406006,0.033211376518011,0.0,1.18299400806427,478,1520.3996429750114,0.5488040447235107,1,unknown
0.3073099255561828,0.1149281188845634,1.879674196243286,0.0441438183188438,0.0,0.6487669348716736,479,1523.468969191017,0.5499528646469116,1,unknown
0.4412878453731537,0.226181298494339,2.0744969844818115,0.0765680894255638,0.0,0.983048975467682,480,1526.713470118004,0.550959050655365,1,unknown
0.3094262778759002,0.1097285076975822,1.9428974390029907,0.0540800541639328,0.0,0.6864790916442871,481,1529.6927499510348,0.5519343614578247,1,unknown
0.297696053981781,0.1374585926532745,1.567618727684021,0.034755989909172,0.0,0.5288849472999573,482,1532.6551584560077,0.5528236627578735,1,unknown
0.195047527551651,0.030901139602065,1.6157419681549072,0.0257219560444355,0.0,0.3142322599887848,483,1535.5497404640191,0.5536640882492065,1,unknown
0.4905290007591247,0.3013618588447571,1.8426697254180908,0.049002069979906,0.0,0.8092154860496521,484,1538.7096208280418,0.5543956756591797,1,unknown
0.2232575267553329,0.044336125254631,1.7462509870529177,0.0429630540311336,0.0,0.8999738097190857,485,1541.7900059800013,0.5551073551177979,1,unknown
0.4219129085540771,0.2114757746458053,2.0282580852508545,0.0761136934161186,0.0,0.8320537805557251,486,1544.836408150033,0.5558142066001892,1,unknown
0.3885394930839538,0.1898402571678161,1.9377045631408687,0.0492876023054122,0.0,0.8315301537513733,487,1547.9067498680088,0.5563892126083374,1,unknown
0.2776120901107788,0.0805631726980209,1.914788842201233,0.0557002946734428,0.0,1.2705626487731934,488,1551.1108871340402,0.556969404220581,1,unknown
0.2306812107563018,0.0356294959783554,1.895557403564453,0.0549598149955272,0.0,0.6612952351570129,489,1554.0578863330302,0.5574892163276672,1,unknown
0.4071914553642273,0.2361953407526016,1.674247980117798,0.0357133634388446,0.0,0.75041663646698,490,1557.2273105829954,0.5579819679260254,1,unknown
0.482341319322586,0.287875235080719,1.8768271207809448,0.0678332969546318,0.0,0.8798003196716309,491,1560.3052080250343,0.558364987373352,1,unknown
0.2476160526275634,0.0817018449306488,1.6159485578536987,0.0431933887302875,0.0,0.4525393843650818,492,1563.5946882790304,0.5587654113769531,1,unknown
0.2066613137722015,0.0417931713163852,1.6123840808868408,0.0362974293529987,0.0,0.6331325173377991,493,1566.7503233859898,0.5591211318969727,1,unknown
0.2493675947189331,0.0662337690591812,1.7769594192504885,0.0543788038194179,0.0,0.706207275390625,494,1569.9431512700394,0.5594623684883118,1,unknown
0.2979705333709717,0.1150031089782714,1.7814881801605225,0.0481861568987369,0.0,0.7208452820777893,495,1573.0079500550055,0.5598258972167969,1,unknown
0.370166540145874,0.1720252484083175,1.9253736734390257,0.0560388602316379,0.0,0.6825611591339111,496,1575.948389295023,0.5601341128349304,1,unknown
0.2413361072540283,0.0572228021919727,1.802580714225769,0.0385521538555622,0.0,0.7211461067199707,497,1579.0858634270262,0.5603523850440979,1,unknown
0.3402385115623474,0.1661718934774398,1.6984041929244995,0.0422621332108974,0.0,0.6904539465904236,498,1582.0559477910283,0.5604932904243469,1,unknown
0.3896888196468353,0.1620845943689346,2.1839630603790283,0.0920787155628204,0.0,1.191646933555603,499,1585.0083002460306,0.5606293082237244,1,unknown
0.3347683250904083,0.1458708345890045,1.830156326293945,0.0588186681270599,0.0,0.9670166373252868,500,1587.93127852201,0.5607904195785522,1,unknown
0.2256963402032852,0.0522921457886695,1.6902002096176147,0.0438417308032512,0.0,0.6845980286598206,501,1591.0796380590182,0.5609287023544312,1,unknown
0.4841490983963012,0.2904605567455292,1.882978916168213,0.0539063289761543,0.0,0.9867005348205566,502,1594.1390549979988,0.5611326098442078,1,unknown
0.3172942399978637,0.1484708338975906,1.6502788066864014,0.037954993546009,0.0,0.8888397812843323,503,1597.1929032700136,0.5613352656364441,1,unknown
0.3024917840957641,0.0935455337166786,2.016758680343628,0.0727042257785797,0.0,0.7935445308685303,504,1600.245271300024,0.5616859793663025,1,unknown
0.3076508939266205,0.1179258972406387,1.8494715690612795,0.0477780997753143,0.0,0.7771801352500916,505,1603.506016136031,0.5619495511054993,1,unknown
0.3258585929870605,0.1329853534698486,1.872896671295166,0.0558356940746307,0.0,0.8085595369338989,506,1606.6393101619906,0.562152624130249,1,unknown
0.2942707240581512,0.1112135574221611,1.7753942012786863,0.0551775395870208,0.0,0.6419274210929871,507,1609.5700163610163,0.5624165534973145,1,unknown
0.3082974851131439,0.0991008728742599,2.014575719833374,0.077390432357788,0.0,0.9636715650558472,508,1612.469955737004,0.5625895261764526,1,unknown
0.4577266275882721,0.2757041752338409,1.7778704166412354,0.0423541329801082,0.0,0.9149770140647888,509,1615.6144991450128,0.5627109408378601,1,unknown
0.3094686865806579,0.1194595992565155,1.845013737678528,0.0550771951675415,0.0,2.1391735076904297,510,1618.5341575019993,0.5628272294998169,1,unknown
0.4238279461860657,0.1655421257019043,2.4789576530456543,0.1038999557495117,0.0,1.4021254777908323,511,1621.299591031042,0.5637012124061584,0,unknown
0.2928201556205749,0.1033342331647872,1.8480217456817627,0.0468375496566295,0.0,0.7708373665809631,512,1624.33947678603,0.5644718408584595,1,unknown
0.2797091603279114,0.1070852950215339,1.686453104019165,0.0397853851318359,0.0,1.1795402765274048,513,1666.295339361997,0.5652803182601929,1,unknown
0.2466907948255539,0.089050069451332,1.5429948568344116,0.0334121100604534,0.0,0.6829409003257751,514,1669.2470856070286,0.5660949945449829,1,unknown
0.302049309015274,0.1096644401550293,1.8764472007751465,0.0474014244973659,0.0,0.6837923526763916,515,1672.3085915460251,0.5667788982391357,1,unknown
0.4075301587581634,0.1293092966079712,2.672860145568848,0.1093481481075286,0.0,1.3731719255447388,516,1675.1959889320424,0.5678682923316956,0,unknown
0.3713216185569763,0.1758883148431778,1.90243661403656,0.0518961772322654,0.0,1.2101484537124634,517,1678.5459216460004,0.5688571929931641,1,unknown
0.3127888441085815,0.1154133230447769,1.9125752449035645,0.0611796006560325,0.0,0.7440771460533142,518,1681.620727163041,0.5696661472320557,1,unknown
0.3174183666706085,0.1234265863895416,1.891299843788147,0.048617698252201,0.0,1.060227394104004,519,1684.5934968080255,0.5705676674842834,1,unknown
0.2181771099567413,0.0435220599174499,1.7055248022079468,0.0410255976021289,0.0,0.5228641033172607,520,1687.551849904994,0.571469247341156,1,unknown
0.5028448700904846,0.2049305588006973,2.867467403411865,0.1116758584976196,0.0,1.86829686164856,521,1690.327691057988,0.5728322863578796,0,unknown
0.3826600015163421,0.1824454814195633,1.9512466192245483,0.0508985444903373,0.0,0.8826932311058044,522,1693.385533488996,0.5742217302322388,1,unknown
0.4538833200931549,0.1798791140317917,2.622403621673584,0.1176380515098571,0.0,2.322502374649048,523,1696.280512339028,0.5755225419998169,0,unknown
0.2451796233654022,0.0862869396805763,1.5584522485733032,0.0304745137691497,0.0,0.6471847891807556,524,1699.2144745650005,0.5767914056777954,1,unknown
0.2887782752513885,0.0899644494056701,1.927252054214477,0.0608865022659301,0.0,0.5499365329742432,525,1702.1636824629968,0.5779458284378052,1,unknown
0.3581228256225586,0.1757130622863769,1.782445788383484,0.0416520982980728,0.0,0.7928453087806702,526,1705.301703909994,0.5789780020713806,1,unknown
0.2553996443748474,0.0503841675817966,1.9927934408187864,0.057361289858818,0.0,0.5694060921669006,527,1708.2420007080073,0.5799421072006226,1,unknown
0.4043668508529663,0.1219902783632278,2.7063019275665283,0.11746346950531,0.0,1.046769618988037,528,1711.138244561036,0.5807811617851257,0,unknown
0.2461844980716705,0.0815201103687286,1.606850504875183,0.0397932603955268,0.0,0.9615021347999572,529,1714.084338932007,0.5816695094108582,1,unknown
0.2231321185827255,0.0552065707743167,1.6405434608459473,0.038711778819561,0.0,0.9508056640625,530,1717.3685952160158,0.5824939012527466,1,unknown
0.3249757885932922,0.1533001810312271,1.6810970306396484,0.0356590487062931,0.0,0.808928906917572,531,1720.330085389025,0.5832152366638184,1,unknown
0.323839008808136,0.170980155467987,1.498046636581421,0.0305421222001314,0.0,1.0236839056015017,532,1723.2782096160229,0.5838500261306763,1,unknown
0.2798516750335693,0.1059542968869209,1.6960350275039673,0.0429386459290981,0.0,0.5552359223365784,533,1726.3273168890155,0.5844087600708008,1,unknown
0.3330236077308655,0.1306745409965515,1.9627548456192017,0.0607357770204544,0.0,1.0670738220214844,534,1729.598456600041,0.5849401354789734,1,unknown
0.3885277509689331,0.1798832863569259,2.0196213722229004,0.0668232068419456,0.0,0.9448399543762208,535,1732.647955388995,0.5854111313819885,1,unknown
0.3402295112609863,0.1456150710582733,1.8990687131881716,0.0470760352909565,0.0,0.7333190441131592,536,1735.7090065490338,0.5858060717582703,1,unknown
0.3719251453876495,0.1780969053506851,1.8846979141235352,0.0535843856632709,0.0,0.9112887978553772,537,1738.3403711380088,0.5863214135169983,1,unknown
0.4717898368835449,0.2022274136543274,2.5858824253082275,0.1097413748502731,0.0,4.9850754737854,538,1741.024607420026,0.5861501693725586,0,unknown
0.2712116837501526,0.0940594151616096,1.7287917137145996,0.04273097589612,0.0,0.6810670495033264,539,1743.648189976986,0.5860394835472107,1,unknown
0.3789820373058319,0.1344049274921417,2.354376792907715,0.09139434248209,0.0,0.6865420937538147,540,1746.08740403899,0.5864672064781189,0,unknown
0.2617540061473846,0.074381873011589,1.82403826713562,0.0496829897165298,0.0,0.9166039228439332,541,1748.803005216003,0.5866077542304993,1,unknown
0.4018838703632355,0.1827546507120132,2.128469467163086,0.0628226548433303,0.0,1.6628625392913818,542,1751.527146990993,0.5869298577308655,1,unknown
0.2519469857215881,0.0576272010803222,1.883233904838562,0.0599637776613235,0.0,0.9421181082725524,543,1754.32266638102,0.5874114036560059,1,unknown
0.218856006860733,0.0482885017991066,1.6774615049362185,0.028213633224368,0.0,0.5480890274047852,544,1756.7451407200424,0.587807297706604,1,unknown
0.3143075704574585,0.1293165981769561,1.8055219650268557,0.044387936592102,0.0,0.9123019576072692,545,1759.700963382027,0.5882410407066345,1,unknown
0.2946490049362182,0.0957724526524543,1.92782461643219,0.0609405487775802,0.0,1.2796589136123655,546,1762.42916796403,0.5888093113899231,1,unknown
0.2320575416088104,0.0596701242029666,1.679598331451416,0.0442758128046989,0.0,0.808504045009613,547,1765.3907432240085,0.589389979839325,1,unknown
0.419605940580368,0.1564874947071075,2.525736093521118,0.1054483205080032,0.0,1.0877240896224976,548,1767.928352706018,0.5924794673919678,0,unknown
0.3143717348575592,0.1019834354519844,2.065734624862671,0.0581478402018547,0.0,0.7194238305091858,549,1770.837431277032,0.5953479409217834,1,unknown
0.2227432429790496,0.0753653272986412,1.442168116569519,0.0316108278930187,0.0,0.638941764831543,550,1773.7692765520187,0.5979692339897156,1,unknown
0.358006864786148,0.1681181788444519,1.8520680665969849,0.0468188598752021,0.0,0.7513234615325928,551,1776.9689531489855,0.6004424095153809,1,unknown
0.2493929266929626,0.0765803307294845,1.6892818212509155,0.0388441011309623,0.0,0.6267872452735901,552,1779.7203681920073,0.602692186832428,1,unknown
0.1860370337963104,0.0363543480634689,1.4714568853378296,0.0253700334578752,0.0,0.3832138180732727,553,1782.2820795020089,0.6047348380088806,1,unknown
0.3299882113933563,0.1353783160448074,1.902210354804993,0.0438887625932693,0.0,0.552482545375824,554,1785.251160741027,0.6065863370895386,1,unknown
0.2889828383922577,0.1054119169712066,1.7915339469909668,0.0441752448678016,0.0,0.7340506315231323,555,1788.4390031330404,0.6084237694740295,1,unknown
0.3245375752449035,0.1423490941524505,1.7809776067733765,0.0409070774912834,0.0,0.736692488193512,556,1791.5465341330273,0.6101779937744141,1,unknown
0.4425649046897888,0.236110970377922,1.99790632724762,0.0666328817605972,0.0,0.6034677028656006,557,1794.5014193070238,0.6117872595787048,1,unknown
0.2759000062942505,0.1100892126560211,1.6265599727630615,0.0315480194985866,0.0,0.8711546659469604,558,1797.0815751749906,0.6132434606552124,1,unknown
0.2533105313777923,0.0528842620551586,1.939755082130432,0.0645077899098396,0.0,0.8406229615211487,559,1799.9987086470355,0.6146590113639832,1,unknown
0.2580578625202179,0.0631219968199729,1.8919694423675537,0.0573891140520572,0.0,1.324468970298767,560,1802.980204246007,0.6159624457359314,1,unknown
0.3290510773658752,0.1421997547149658,1.826095700263977,0.042417261749506,0.0,0.4759989082813263,561,1805.661890438001,0.6170939803123474,1,unknown
0.2257115989923477,0.0482929348945617,1.7324119806289673,0.0417746789753437,0.0,1.439647555351257,562,1808.6534524630408,0.6182002425193787,1,unknown
0.546939492225647,0.2525206804275512,2.807053804397583,0.1371346265077591,0.0,1.417409062385559,563,1811.5663836320164,0.6195914149284363,0,unknown
0.254250168800354,0.0843320861458778,1.6637964248657229,0.0353840626776218,0.0,1.2754193544387815,564,1814.7637339580103,0.6208590865135193,1,unknown
0.3120007812976837,0.1136285811662674,1.9322240352630613,0.0514980517327785,0.0,0.6068629622459412,565,1817.679054189008,0.6219488978385925,1,unknown
0.3328073620796203,0.0783791169524192,2.448575735092163,0.0957068875432014,0.0,0.6652835011482239,566,1820.632171950012,0.6224815249443054,0,unknown
0.308346688747406,0.1067392751574516,1.9533607959747317,0.0627135634422302,0.0,0.6989898085594177,567,1823.7294523940072,0.623033344745636,1,unknown
0.2892942428588867,0.1004193350672721,1.8427813053131104,0.0459679216146469,0.0,0.9628047347068788,568,1826.9051975359907,0.6236027479171753,1,unknown
0.3313687443733215,0.1356352418661117,1.8987622261047363,0.0585728362202644,0.0,0.8689579367637634,569,1829.8714813420083,0.6241447329521179,1,unknown
0.3669910132884979,0.1980636417865753,1.6484506130218506,0.0408233478665351,0.0,0.6895245909690857,570,1832.972215894028,0.6246763467788696,1,unknown
0.2535164356231689,0.0780879408121109,1.7178075313568115,0.0364772491157054,0.0,0.5737764239311218,571,1836.103657182015,0.6251499056816101,1,unknown
0.3373346626758575,0.1817378997802734,1.5305386781692505,0.0254291091114282,0.0,0.7055317163467407,572,1839.284521903028,0.6256604194641113,1,unknown
0.3195741772651672,0.1136711239814758,1.9955112934112549,0.0635191276669502,0.0,1.2616180181503296,573,1842.3647887340048,0.6260050535202026,1,unknown
0.2886039018630981,0.0908684954047203,1.923243284225464,0.0541105829179286,0.0,1.1236637830734253,574,1845.320723273035,0.6264719367027283,1,unknown
0.3380908668041229,0.1582179367542266,1.7504465579986572,0.0482827872037887,0.0,0.6651559472084045,575,1848.4247014580176,0.626891016960144,1,unknown
0.2871230542659759,0.1148748323321342,1.6776658296585083,0.0448159426450729,0.0,0.7600034475326538,576,1851.6171461869965,0.627314567565918,1,unknown
0.275319755077362,0.0887561216950416,1.8217297792434688,0.0439068675041198,0.0,0.7977222204208374,577,1854.7118838489987,0.6277561187744141,1,unknown
0.2482539862394333,0.0889843553304672,1.5581507682800293,0.034545361995697,0.0,1.279213309288025,578,1857.679740335036,0.6281753778457642,1,unknown
0.2951057255268097,0.1044161692261695,1.8540263175964355,0.0528692305088043,0.0,1.0110167264938354,579,1860.7678625890403,0.6288920044898987,1,unknown
0.3427417278289795,0.1481025665998459,1.8942503929138184,0.0521415211260318,0.0,0.8249520063400269,580,1863.81197720801,0.6294925808906555,1,unknown
0.3200481832027435,0.1215935200452804,1.9191360473632808,0.0654107108712196,0.0,0.7845968008041382,581,1866.8412305280217,0.6298818588256836,1,unknown
0.4180742800235748,0.2335179299116134,1.803479552268982,0.0420838072896003,0.0,0.9316754341125488,582,1869.5546555090116,0.6301419734954834,1,unknown
0.257682055234909,0.0921510457992553,1.6273409128189087,0.0279690418392419,0.0,1.258179783821106,583,1872.159023996035,0.6301915049552917,1,unknown
0.406543105840683,0.1119002252817154,2.8077034950256348,0.1387249380350113,0.0,1.9428844451904297,584,1874.3981739419976,0.6304836273193359,0,unknown
0.3810597062110901,0.2234783470630645,1.5466985702514648,0.0291152875870466,0.0,0.8090113401412964,585,1877.4791413380296,0.6308113932609558,1,unknown
0.4460855424404144,0.240641102194786,1.9938222169876096,0.0606225691735744,0.0,1.0821477174758911,586,1880.443592042022,0.6308616399765015,1,unknown
0.2680709362030029,0.0760524198412895,1.8649396896362305,0.0552453026175498,0.0,0.8064633011817932,587,1883.5205944770128,0.6311877965927124,1,unknown
0.391166478395462,0.2028209865093231,1.835936546325684,0.0475182980298996,0.0,0.6952452063560486,588,1886.6304621259917,0.631464421749115,1,unknown
0.4181421399116516,0.2230975776910781,1.9050724506378172,0.0453733652830123,0.0,0.8338159322738647,589,1889.959226128005,0.6314703226089478,1,unknown
0.3065756261348724,0.1106024831533432,1.903246521949768,0.0564844012260437,0.0,0.8842926025390625,590,1893.072400306992,0.6313435435295105,1,unknown
0.4682002067565918,0.176226332783699,2.8022148609161377,0.11752300709486,0.0,1.7873107194900513,591,1895.83262608503,0.6306043267250061,0,unknown
0.3206770122051239,0.1434902250766754,1.7283190488815308,0.0435488373041152,0.0,1.2136985063552856,592,1898.7443483370007,0.6302078366279602,1,unknown
0.3551158010959625,0.1168812289834022,2.2857532501220703,0.0965924859046936,0.0,0.7168508768081665,593,1901.6579303999897,0.6287530064582825,0,unknown
0.2870334386825561,0.1130868047475814,1.6872485876083374,0.05221763625741,0.0,1.2905402183532717,594,1904.6226862540352,0.6275014281272888,1,unknown
0.2049551010131836,0.0357888229191303,1.6533973217010498,0.038265436887741,0.0,0.5643727779388428,595,1907.709204496001,0.6264188885688782,1,unknown
0.3027466237545013,0.1136998012661933,1.830200433731079,0.0602678693830966,0.0,0.8899766206741333,596,1910.8235504800105,0.6255394220352173,1,unknown
0.2075760811567306,0.0536552667617797,1.504499435424805,0.0347088798880577,0.0,0.4435377717018127,597,1914.133171710011,0.6248586773872375,1,unknown
0.2842386364936828,0.1061792150139808,1.7374014854431152,0.0431925654411315,0.0,0.7698377966880798,598,1917.205726168002,0.624470055103302,1,unknown
0.2619463205337524,0.0740620195865631,1.831756591796875,0.0470865815877914,0.0,1.0638188123703003,599,1920.3283406310368,0.6240903735160828,1,unknown
0.3249942064285278,0.1240734457969665,1.945651888847351,0.0635555386543273,0.0,0.7627782225608826,600,1923.4224972430384,0.6237759590148926,1,unknown
0.2967422902584076,0.0998722910881042,1.9084714651107788,0.06022859364748,0.0,0.7932189702987671,601,1926.6114668050432,0.62366783618927,1,unknown
0.4135209619998932,0.1525362730026245,2.508288145065308,0.1015584766864776,0.0,0.8699802160263062,602,1929.414970436017,0.6242262125015259,0,unknown
0.283513069152832,0.0772589817643165,2.004544496536255,0.0579964332282543,0.0,0.8072600960731506,603,1932.3882441419992,0.6246756315231323,1,unknown
0.2073177397251129,0.0415617302060127,1.628636121749878,0.0289241932332515,0.0,0.4503534138202667,604,1935.3756056739949,0.625135600566864,1,unknown
0.4079941213130951,0.2029655873775482,1.9736087322235107,0.0766762718558311,0.0,0.8402456045150757,605,1938.6125027280068,0.6256158351898193,1,unknown
0.4164263010025024,0.2176399379968643,1.9244014024734497,0.0634620189666748,0.0,0.8971918821334839,606,1941.582882983028,0.6262005567550659,1,unknown
0.2874136865139007,0.1178113147616386,1.6539345979690552,0.0420890972018241,0.0,1.1891709566116333,607,1944.5562715409903,0.6267843246459961,1,unknown
0.2815079689025879,0.0945280045270919,1.823477387428284,0.0463223122060298,0.0,0.6156377196311951,608,1947.632405842014,0.627376139163971,1,unknown
0.346703439950943,0.1684307307004928,1.743977665901184,0.0387492328882217,0.0,0.9050444960594176,609,1950.7504813370176,0.6280717253684998,1,unknown
0.361689418554306,0.1567952185869217,1.9897176027297971,0.0592240802943706,0.0,1.1732624769210815,610,1953.912371315004,0.6287724375724792,1,unknown
0.2656706571578979,0.0868497937917709,1.7377896308898926,0.0504188649356365,0.0,0.7543617486953735,611,1956.8429022100167,0.6294225454330444,1,unknown
0.3252371847629547,0.1172007396817207,2.015573740005493,0.0647904723882675,0.0,0.8324536681175232,612,1959.9090742690023,0.6299836039543152,1,unknown
0.3089838325977325,0.0917483121156692,2.09271240234375,0.0796427801251411,0.0,0.8039969801902771,613,1962.833048848028,0.6309780478477478,0,unknown
0.2860401570796966,0.1254751831293106,1.5714665651321411,0.0341829508543014,0.0,0.7342332601547241,614,1966.068869612005,0.6320440769195557,1,unknown
0.275045245885849,0.0754918605089187,1.94392204284668,0.0516116134822368,0.0,0.8890944719314575,615,1968.967925578996,0.6331431865692139,1,unknown
0.2414928972721099,0.0642216131091117,1.7285007238388062,0.0442122146487236,0.0,0.8983369469642639,616,1971.855299613031,0.634131133556366,1,unknown
0.3056567311286926,0.1383175402879715,1.6293469667434692,0.0440449528396129,0.0,0.7605833411216736,617,1974.8023970760405,0.6350541114807129,1,unknown
0.2502229213714599,0.0856371596455574,1.6112042665481567,0.0346535667777061,0.0,1.5993624925613403,618,1977.971858726989,0.6360203623771667,1,unknown
0.3757773041725158,0.2010440230369568,1.7000408172607422,0.0472914986312389,0.0,0.6304173469543457,619,1980.9137554100016,0.6369843482971191,1,unknown
0.2148438096046447,0.0446245409548282,1.6681230068206787,0.0340696424245834,0.0,0.8829813003540039,620,1984.0064182750064,0.6378955245018005,1,unknown
0.2888194322586059,0.10789605230093,1.7654874324798584,0.0437463037669658,0.0,0.5662350654602051,621,1986.9710543170224,0.6386927366256714,1,unknown
0.241790622472763,0.0783276632428169,1.6000208854675293,0.0346088036894798,0.0,0.7585986852645874,622,1990.421873897023,0.6394868493080139,1,unknown
0.2534694671630859,0.0755127072334289,1.7318618297576904,0.0477059185504913,0.0,1.6187669038772583,623,1993.369140263996,0.6403051018714905,1,unknown
0.2245265245437622,0.0404849275946617,1.7911508083343506,0.0492650903761386,0.0,0.788480818271637,624,1996.328419625992,0.6409807801246643,1,unknown
0.2902812063694,0.1043320670723915,1.8181920051574707,0.0412993244826793,0.0,0.9476958513259888,625,1999.399229081988,0.6415784358978271,1,unknown
0.2810032963752746,0.1038501113653183,1.7225744724273682,0.0489572323858737,0.0,0.7330079674720764,626,2002.6963314859893,0.6421558260917664,1,unknown
0.2775357663631439,0.1185451745986938,1.556092381477356,0.0338134095072746,0.0,0.6887784600257874,627,2005.779215415998,0.6426470875740051,1,unknown
0.2896069586277008,0.1144584193825721,1.7118796110153198,0.0396058186888694,0.0,0.5374472141265869,628,2008.8306611180303,0.6431347131729126,1,unknown
0.2910837829113006,0.0922069922089576,1.9322686195373533,0.0564991161227226,0.0,6.800522804260254,629,2011.906460221042,0.6436168551445007,1,unknown
0.2646814882755279,0.0636538937687873,1.945456862449646,0.0648189932107925,0.0,0.5671002268791199,630,2015.0904494670103,0.6440325379371643,1,unknown
0.3425787091255188,0.1321095824241638,2.0396320819854736,0.0650592595338821,0.0,0.8314915299415588,631,2018.1766568250025,0.6442816257476807,1,unknown
0.2505877614021301,0.0782421007752418,1.6847952604293823,0.0386611334979534,0.0,1.0914793014526367,632,2021.0418362779888,0.6444984078407288,1,unknown
0.3689369857311249,0.1052355393767356,2.553608655929565,0.0834054574370384,0.0,1.6918814182281494,633,2023.761196444044,0.644554853439331,0,unknown
0.2863385081291199,0.0971873775124549,1.83567488193512,0.0558363124728202,0.0,0.8607875108718872,634,2026.690359472006,0.6448848843574524,1,unknown
0.4266867041587829,0.2241602689027786,1.9646401405334477,0.060623861849308,0.0,1.5750079154968262,635,2029.9768588989973,0.6451833844184875,1,unknown
0.364973247051239,0.1851207613945007,1.7617535591125488,0.0367714203894138,0.0,1.1627012491226196,636,2033.0393197700032,0.6454997658729553,1,unknown
0.4625881314277649,0.1810935884714126,2.6995508670806885,0.1153947934508323,0.0,1.7531015872955322,637,2035.8534852029989,0.6459188461303711,0,unknown
0.239247664809227,0.0735258162021637,1.6208869218826294,0.0363316163420677,0.0,0.5238460898399353,638,2038.8039753370103,0.6463910937309265,1,unknown
0.3037900328636169,0.108022540807724,1.901805400848389,0.0558692291378974,0.0,0.6510177254676819,639,2042.0698245880196,0.6467845439910889,1,unknown
0.2938874065876007,0.1090211123228073,1.797808051109314,0.0508550703525543,0.0,0.8712697625160217,640,2045.082361623994,0.6472533345222473,1,unknown
0.2669629156589508,0.0988060534000396,1.6460158824920654,0.0355525687336921,0.0,0.5726222991943359,641,2048.087087730993,0.6477344632148743,1,unknown
0.3551392555236816,0.2041701227426529,1.4821643829345703,0.0275270156562328,0.0,0.7944406867027283,642,2051.119879628008,0.6481770873069763,1,unknown
0.3640927970409393,0.1914688497781753,1.6868207454681396,0.039418801665306,0.0,1.4327392578125,643,2054.484614223009,0.6484843492507935,1,unknown
0.2305122911930084,0.0616871528327465,1.655461072921753,0.0327902734279632,0.0,1.0013090372085571,644,2057.9310056220274,0.6489855051040649,1,unknown
0.3209738433361053,0.1061656475067138,2.0761489868164062,0.0719330534338951,0.0,0.7235007882118225,645,2061.0654357550084,0.6494613289833069,1,unknown
0.261411190032959,0.0982850939035415,1.598832368850708,0.0324287377297878,0.0,0.522591769695282,646,2064.152349009004,0.649955689907074,1,unknown
0.4199167191982269,0.1527423709630966,2.56258225440979,0.1091617196798324,0.0,1.0386332273483276,647,2067.265277642,0.6512393951416016,0,unknown
0.2341991066932678,0.080981321632862,1.5027328729629517,0.0294450297951698,0.0,0.4137306809425354,648,2070.345763288031,0.6524338126182556,1,unknown
0.4095135033130646,0.1156777068972587,2.8216941356658936,0.1166641786694526,0.0,1.228276610374451,649,2073.133685636043,0.6546130180358887,0,unknown
0.2832915484905243,0.092320442199707,1.8556039333343504,0.054107017815113,0.0,0.7237226963043213,650,2076.0732134410064,0.6567632555961609,1,unknown
0.3041922152042389,0.1137862205505371,1.844505190849304,0.0595549941062927,0.0,1.5705965757369995,651,2079.3031386320363,0.6587541103363037,1,unknown
0.3979842960834503,0.1213383972644805,2.637319564819336,0.1291394680738449,0.0,1.0635517835617063,652,2082.0873498010333,0.6599159836769104,0,unknown
0.2696986198425293,0.0860633850097656,1.7899384498596191,0.046413630247116,0.0,0.4856105148792267,653,2085.041421606031,0.6609423160552979,1,unknown
0.3783278465270996,0.1470765620470047,2.2251553535461426,0.0873571336269378,0.0,1.197100281715393,654,2087.981598768034,0.661658763885498,1,unknown
0.2939725816249847,0.0949599966406822,1.9415528774261477,0.0485729426145553,0.0,0.607327401638031,655,2091.043992343999,0.6622095108032227,1,unknown
0.2386744618415832,0.0709591433405876,1.643540620803833,0.0336125046014785,0.0,0.6582353115081787,656,2094.287991388992,0.6627259850502014,1,unknown
0.5378122329711914,0.2884648442268371,2.4004743099212646,0.0929995104670524,0.0,0.8611866235733032,657,2097.063665123016,0.6641356348991394,0,unknown
0.2937988042831421,0.1251554638147354,1.6471028327941897,0.0393306091427803,0.0,1.2851762771606443,658,2100.175326492986,0.6655084490776062,1,unknown
0.2822091579437256,0.1270923763513565,1.521609902381897,0.0295577608048915,0.0,0.4509291648864746,659,2103.242083176039,0.6667651534080505,1,unknown
0.2377918064594268,0.0793237686157226,1.5517330169677734,0.0329471714794635,0.0,0.4743683338165283,660,2106.4997652510065,0.6679321527481079,1,unknown
0.2854348123073578,0.0982429087162017,1.824937105178833,0.0469817407429218,0.0,0.7849334478378296,661,2109.616496976,0.668876588344574,1,unknown
0.2703988254070282,0.0758422836661338,1.8857876062393188,0.0597776770591735,0.0,1.083816409111023,662,2112.745719280036,0.6697521209716797,1,unknown
0.2835699319839477,0.0538998581469059,2.211061477661133,0.0856394469738006,0.0,0.6596724390983582,663,2115.7193674860173,0.6705659031867981,1,unknown
0.2470233887434005,0.0689262375235557,1.7409991025924685,0.0399724245071411,0.0,0.5165764689445496,664,2118.9043994059903,0.6711955666542053,1,unknown
0.3520934283733368,0.1488184779882431,1.9685721397399905,0.0641773864626884,0.0,1.5056359767913818,665,2121.84495127399,0.671703577041626,1,unknown
0.3454124927520752,0.1715701520442962,1.6926395893096924,0.0457835383713245,0.0,1.6292142868041992,666,2124.7969673020416,0.6721190214157104,1,unknown
0.2997127473354339,0.120957426726818,1.7478314638137815,0.0397221781313419,0.0,0.7405868172645569,667,2127.673006491037,0.6723098158836365,1,unknown
0.2493896484375,0.0642538964748382,1.8049118518829343,0.0464456193149089,0.0,0.5619411468505859,668,2130.821663275012,0.6725264191627502,1,unknown
0.2688603401184082,0.0918037965893745,1.7205158472061155,0.0500494800508022,0.0,0.5921209454536438,669,2133.4308257059893,0.6727443337440491,1,unknown
0.3493541181087494,0.1725101172924041,1.7271161079406738,0.0413236580789089,0.0,0.5579931735992432,670,2136.041762840003,0.6729205250740051,1,unknown
0.3462219536304474,0.062527596950531,2.697784185409546,0.1391592472791671,0.0,0.9680215120315552,671,2138.4843757509952,0.6746481657028198,0,unknown
0.357204407453537,0.1596226543188095,1.916732668876648,0.0590847730636596,0.0,0.7013030052185059,672,2141.6327055640286,0.6760534644126892,1,unknown
0.2205081731081009,0.0606324151158332,1.565048336982727,0.0337093509733676,0.0,1.06784188747406,673,2144.406308373029,0.6773070693016052,1,unknown
0.2549455761909485,0.0999484807252883,1.5200130939483645,0.0299577824771404,0.0,0.8279343843460083,674,2147.0191484360257,0.6784682869911194,1,unknown
0.2853521108627319,0.1230612322688102,1.582181453704834,0.0407270975410938,0.0,0.6581516265869141,675,2149.6280392479966,0.6794472336769104,1,unknown
0.2195731848478317,0.0569293797016143,1.5954123735427856,0.0310257151722908,0.0,0.4872286319732666,676,2152.2343502890435,0.6804376840591431,1,unknown
0.2869330942630768,0.1052427589893341,1.761433482170105,0.0554702691733837,0.0,0.5324925780296326,677,2155.0357610140345,0.6814070343971252,1,unknown
0.2816283702850342,0.1247848719358444,1.5340203046798706,0.0344146750867366,0.0,0.9860373735427856,678,2157.6752158130403,0.6822519898414612,1,unknown
0.4701089560985565,0.1862349510192871,2.717442989349365,0.1212966740131378,0.0,1.209310531616211,679,2160.13758352102,0.6830955147743225,0,unknown
0.316260278224945,0.114209845662117,1.962352991104126,0.0581515282392501,0.0,1.2041188478469849,680,2162.747187406989,0.6838627457618713,1,unknown
0.2479655742645263,0.0396263897418975,2.0125057697296143,0.0708858519792556,0.0,0.7470721006393433,681,2165.625277757994,0.6844277381896973,1,unknown
0.2907033860683441,0.098996415734291,1.86162269115448,0.0554469339549541,0.0,0.7156466245651245,682,2168.250221035036,0.6849334836006165,1,unknown
0.2869593501091003,0.1176920980215072,1.656638264656067,0.03603420779109,0.0,0.561555802822113,683,2170.34859350801,0.6854326725006104,1,unknown
0.2848154604434967,0.0976460874080658,1.829054594039917,0.0426393561065197,0.0,0.8179040551185608,684,2172.967359766015,0.6859855055809021,1,unknown
0.2831316590309143,0.0887381285429,1.8733845949172971,0.0705508589744567,0.0,0.8744243383407593,685,2175.8162240090314,0.6863232254981995,1,unknown
0.309570163488388,0.1136776059865951,1.9025282859802248,0.0563975758850574,0.0,0.7545702457427979,686,2178.430689122004,0.6867103576660156,1,unknown
0.1974122822284698,0.0531628504395484,1.4163864850997925,0.0261078067123889,0.0,0.3281358182430267,687,2181.0324235750013,0.6871166825294495,1,unknown
0.3096925616264343,0.1113515868782997,1.922652125358581,0.0607574135065078,0.0,0.9663986563682556,688,2183.655345476989,0.6876851916313171,1,unknown
0.3032588958740234,0.1154133304953575,1.8180550336837769,0.0604004152119159,0.0,0.7893620133399963,689,2186.594390846032,0.6881663203239441,1,unknown
0.2769737541675567,0.0883068293333053,1.8319392204284668,0.0547299087047576,0.0,1.3126014471054075,690,2189.2024024300044,0.688812255859375,1,unknown
0.2514587938785553,0.0514376871287822,1.9423279762268064,0.057883258908987,0.0,1.7815057039260864,691,2191.18087212299,0.6898723840713501,1,unknown
0.3118714690208435,0.1389022171497345,1.6892145872116089,0.0404781699180603,0.0,0.5541174411773682,692,2194.33966202999,0.6909635066986084,1,unknown
0.2184375971555709,0.0319209024310112,1.8208632469177248,0.0443037189543247,0.0,0.4753181338310241,693,2197.543871085043,0.691927433013916,1,unknown
0.2984369099140167,0.1132052689790725,1.7918413877487185,0.0604753270745277,0.0,0.7133013010025024,694,2200.699140993005,0.6927441954612732,1,unknown
0.299043208360672,0.1033075824379921,1.9045571088790891,0.0527990870177745,0.0,0.9199485778808594,695,2203.831469482044,0.6934540271759033,1,unknown
0.3984776139259338,0.1281812191009521,2.5718235969543457,0.13114033639431,0.0,1.9421547651290891,696,2206.665167811036,0.6948665976524353,0,unknown
0.246643915772438,0.0854583457112312,1.582274079322815,0.0295814368873834,0.0,0.3823744058609009,697,2209.278677953989,0.6961917877197266,1,unknown
0.5498841404914856,0.2722871303558349,2.6622488498687744,0.1137215793132782,0.0,1.346718668937683,698,2211.4471185739967,0.6981923580169678,0,unknown
0.3799491226673126,0.1178155541419982,2.500830888748169,0.1205047667026519,0.0,0.8897634148597717,699,2213.4163746610284,0.7002519369125366,0,unknown
0.3199324607849121,0.1525995284318924,1.6290018558502195,0.0443277582526207,0.0,1.7282869815826416,700,2216.0242220940418,0.7020722031593323,1,unknown
0.2301730066537857,0.0620491504669189,1.6446516513824463,0.0365869030356407,0.0,0.5068750381469727,701,2218.731995028036,0.703805148601532,1,unknown
0.1926557421684265,0.0194787569344043,1.6911053657531738,0.0406642854213714,0.0,0.5147748589515686,702,2221.060140000016,0.7054136991500854,1,unknown
0.3224438428878784,0.1140861809253692,2.011194229125977,0.0723825842142105,0.0,1.0540724992752075,703,2223.758679660037,0.7070601582527161,1,unknown
0.2377364784479141,0.0903177559375763,1.441397190093994,0.0327902100980281,0.0,1.6875269412994385,704,2226.9075687490404,0.7086477875709534,1,unknown
0.2496319562196731,0.0878681093454361,1.5859336853027344,0.031704444438219,0.0,0.6585953831672668,705,2230.038639231003,0.7101044654846191,1,unknown
0.2475914657115936,0.0658578351140022,1.767078876495361,0.0502571910619735,0.0,0.545224666595459,706,2233.2483786930097,0.7114794254302979,1,unknown
0.38356614112854,0.1882006525993347,1.884445071220398,0.0692097321152687,0.0,2.519752264022827,707,2236.4032472399995,0.7127344012260437,1,unknown
0.2598216533660888,0.0761215165257453,1.7887670993804932,0.0482343323528766,0.0,0.9676066637039183,708,2239.4587266900344,0.7137100100517273,1,unknown
0.3267106413841247,0.1217216700315475,1.988569259643555,0.0613202005624771,0.0,0.7604135870933533,709,2242.7832335050334,0.7147114872932434,1,unknown
0.2853208482265472,0.1017348021268844,1.790302276611328,0.0455581434071064,0.0,0.8140096664428711,710,2246.00929058803,0.7156714797019958,1,unknown
0.2274388074874878,0.0648481100797653,1.582955002784729,0.0429516956210136,0.0,0.6662755012512207,711,2249.0188186329906,0.7165255546569824,1,unknown
0.2756571769714355,0.0977277904748916,1.7368435859680176,0.0424503497779369,0.0,0.9091213941574096,712,2252.032183706004,0.717381477355957,1,unknown
0.3090272545814514,0.1206085979938507,1.836392998695373,0.0477938391268253,0.0,1.1670222282409668,713,2255.0555759670096,0.7179867625236511,1,unknown
0.4182455539703369,0.2392861396074295,1.7383602857589722,0.0512341298162937,0.0,0.700594961643219,714,2258.485393339012,0.7182902097702026,1,unknown
0.3000726997852325,0.1198299825191497,1.7566319704055786,0.045795202255249,0.0,0.6449694037437439,715,2261.475027228007,0.7186357378959656,1,unknown
0.2666816115379333,0.1030969321727752,1.6030733585357666,0.0327734425663948,0.0,0.9829482436180116,716,2264.621687457024,0.7189561128616333,1,unknown
0.2853990197181701,0.1143373399972915,1.6781184673309326,0.0324983187019825,0.0,0.6678820252418518,717,2267.614654563018,0.7192628383636475,1,unknown
0.3008690774440765,0.1373739242553711,1.5966650247573853,0.0382867865264415,0.0,0.8422778844833374,718,2270.5366381760105,0.7195598483085632,1,unknown
0.2228478342294693,0.0631720125675201,1.5594871044158936,0.0372710078954696,0.0,0.6638541221618652,719,2273.210389017011,0.7199100852012634,1,unknown
0.2637349963188171,0.1005571410059928,1.6010137796401978,0.0307650174945592,0.0,0.4958686828613281,720,2275.8327024850296,0.7202919721603394,1,unknown
0.2478690892457962,0.0817402228713035,1.6226824522018433,0.0386060997843742,0.0,1.169925570487976,721,2278.833680034033,0.7209397554397583,1,unknown
0.2587485909461975,0.0987378358840942,1.570677399635315,0.0294298604130744,0.0,0.6592451930046082,722,2281.83605419402,0.7215684056282043,1,unknown
0.2071908712387085,0.0532265864312648,1.511327862739563,0.0283150076866149,0.0,0.6048896908760071,723,2285.048291477025,0.7222074866294861,1,unknown
0.3493519425392151,0.1712930798530578,1.7324810028076172,0.0481077693402767,0.0,0.7445586919784546,724,2288.025307141012,0.7228240966796875,1,unknown
0.4471120238304138,0.1942699998617172,2.428955078125,0.0994648858904838,0.0,1.3433687686920166,725,2290.8454787230003,0.7231482267379761,0,unknown
0.2381425201892852,0.0404914654791355,1.9196275472640991,0.0568828955292701,0.0,1.26844322681427,726,2293.834144667024,0.7238438725471497,1,unknown
0.2150138765573501,0.0556267239153385,1.5589640140533447,0.0349074453115463,0.0,0.5547438263893127,727,2297.00482093601,0.7245407700538635,1,unknown
0.2082783281803131,0.0367377176880836,1.6764026880264282,0.0390033945441246,0.0,0.6459816098213196,728,2299.427918017027,0.7252331376075745,1,unknown
0.297326922416687,0.1146272495388984,1.777684211730957,0.0493125356733799,0.0,1.047709584236145,729,2302.4166013880167,0.7257295846939087,1,unknown
0.2356028109788894,0.0837029665708541,1.4903544187545776,0.0286441873759031,0.0,0.7598899602890015,730,2305.37470484199,0.7262797951698303,1,unknown
0.3451223373413086,0.1586246788501739,1.8135091066360476,0.0514675229787826,0.0,0.9164133667945862,731,2308.20177379204,0.726841390132904,1,unknown
0.4367935955524444,0.1609980762004852,2.6626226902008057,0.0953326001763343,0.0,1.580848217010498,732,2310.97220127302,0.7276700139045715,0,unknown
0.208414688706398,0.0403595492243766,1.6406171321868896,0.0399343371391296,0.0,0.7202158570289612,733,2313.930126465042,0.7284071445465088,1,unknown
0.278055876493454,0.0860583558678627,1.8672711849212649,0.0527039319276809,0.0,0.6623702049255371,734,2316.875057297002,0.7290617823600769,1,unknown
0.2453574538230896,0.088425800204277,1.5353668928146362,0.0339499004185199,0.0,0.3682304620742798,735,2320.2181631859858,0.7297065258026123,1,unknown
0.2990998327732086,0.1202904134988784,1.734913349151611,0.0531809814274311,0.0,1.0917879343032837,736,2323.16128701804,0.7302250266075134,1,unknown
0.3401390612125397,0.1660835593938827,1.704949975013733,0.0356048047542572,0.0,1.108577847480774,737,2326.1055091359885,0.730536937713623,1,unknown
0.329411894083023,0.1257841736078262,1.9757521152496336,0.0605252012610435,0.0,1.1623166799545288,738,2329.0527338759857,0.7308430075645447,1,unknown
0.4565336406230926,0.1903547644615173,2.5641133785247803,0.0976752340793609,0.0,1.0100709199905396,739,2332.055366631015,0.7319602966308594,0,unknown
0.2331254482269287,0.0514383167028427,1.7693065404891968,0.0475648343563079,0.0,0.6116724014282227,740,2334.979188475001,0.7330406904220581,1,unknown
0.3893555104732513,0.1132261753082275,2.6534996032714844,0.1077938601374626,0.0,0.8010101914405823,741,2337.807357067999,0.7341273427009583,0,unknown
0.2423373162746429,0.1050361767411232,1.3473140001296997,0.0256971288472414,0.0,0.5758534073829651,742,2340.943736576009,0.7350831627845764,1,unknown
0.1855746656656265,0.0322376117110252,1.5075170993804932,0.025853294879198,0.0,0.6697782874107361,743,2343.9664266750333,0.7359632253646851,1,unknown
0.5059813261032104,0.3196441531181335,1.805073618888855,0.0582986660301685,0.0,1.1813126802444458,744,2347.3014604130294,0.7367442846298218,1,unknown
0.2440811991691589,0.0708369314670562,1.690978765487671,0.0414639301598072,0.0,0.4922151863574981,745,2350.3472092039883,0.7374690175056458,1,unknown
0.2703198790550232,0.0926203578710556,1.7334057092666626,0.0435894168913364,0.0,0.8080120086669922,746,2353.448160423024,0.7382017374038696,1,unknown
0.2455647587776184,0.1014218106865882,1.4182991981506348,0.0231301710009574,0.0,0.4685936570167541,747,2356.4617233150057,0.7388432025909424,1,unknown
0.22525654733181,0.0649723634123802,1.5706599950790403,0.0321817062795162,0.0,0.9124727845191956,748,2359.6419417299912,0.7393895983695984,1,unknown
0.2449685484170913,0.0814995840191841,1.5976582765579224,0.037031389772892,0.0,0.6702871918678284,749,2362.6072064620093,0.7400054335594177,1,unknown
0.268948346376419,0.0622263476252555,2.003591537475586,0.0636286810040474,0.0,0.863334596157074,750,2365.227071764996,0.7405806183815002,1,unknown
0.3288798034191131,0.1702004671096801,1.5598748922348022,0.026918614283204,0.0,0.4589652717113495,751,2367.880736800027,0.7411835193634033,1,unknown
0.2041359841823578,0.0396774224936962,1.6131591796875,0.0314264558255672,0.0,0.6154939532279968,752,2370.9340175749967,0.7416480183601379,1,unknown
0.3657196164131164,0.1799829006195068,1.8085545301437376,0.048812411725521,0.0,0.8742438554763794,753,2373.3514889919898,0.7420178651809692,1,unknown
0.3061716556549072,0.1233011782169342,1.7761876583099363,0.0525168851017952,0.0,0.5393957495689392,754,2376.155946273997,0.7421398758888245,1,unknown
0.2788364887237549,0.0919534340500831,1.823890686035156,0.0449398607015609,0.0,0.8394869565963745,755,2379.0780158580164,0.7424029111862183,1,unknown
0.4966978430747986,0.3149060606956482,1.7732720375061035,0.0446458533406257,0.0,0.8827314972877502,756,2382.2479104420054,0.7426884770393372,1,unknown
0.485442966222763,0.2247803062200546,2.509402275085449,0.0972245037555694,0.0,0.8106794357299805,757,2384.992024709005,0.7418716549873352,0,unknown
0.2301192730665207,0.0659599676728248,1.6051596403121948,0.0364336222410202,0.0,0.5251944065093994,758,2387.796805557038,0.7412348985671997,1,unknown
0.2934824228286743,0.1265080869197845,1.636300802230835,0.0334423221647739,0.0,1.2567631006240845,759,2390.738515137986,0.7401091456413269,1,unknown
0.2252192348241806,0.069164790213108,1.5327191352844238,0.027825117111206,0.0,0.3752651512622833,760,2393.921815594018,0.739159345626831,1,unknown
0.4970576763153076,0.222200870513916,2.6131038665771484,0.1354639828205108,0.0,0.8344163298606873,761,2396.670655664988,0.7390462160110474,0,unknown
0.2318391054868698,0.0738423690199852,1.55475652217865,0.0252108555287122,0.0,0.5184236168861389,762,2398.7951485860394,0.7391067147254944,1,unknown
0.2092470824718475,0.0583063662052154,1.4859827756881714,0.0234244726598262,0.0,0.7532495260238647,763,2401.3903857140103,0.7392255067825317,1,unknown
0.3328209519386291,0.0749629959464073,2.460845708847046,0.1177335679531097,0.0,0.7850332260131836,764,2404.1531992760138,0.7390412092208862,0,unknown
0.272924393415451,0.091358907520771,1.770478129386902,0.0451766736805439,0.0,1.5923327207565308,765,2407.2106552009936,0.7389528751373291,1,unknown
0.4506633281707763,0.1907845139503479,2.480634450912476,0.1181537359952926,0.0,1.3567204475402832,766,2409.973142489034,0.738618791103363,0,unknown
0.3996936678886413,0.2412187159061432,1.5523408651351929,0.0324089303612709,0.0,0.5893189311027527,767,2412.926283546025,0.7382673025131226,1,unknown
0.3789873421192169,0.1892689615488052,1.8391246795654297,0.0580588206648826,0.0,0.8270788192749023,768,2415.8845895369886,0.7379909753799438,1,unknown
0.2253911793231964,0.0582928098738193,1.6298991441726685,0.0410845167934894,0.0,0.5284451842308044,769,2418.9269881120417,0.7377945780754089,1,unknown
0.3612908124923706,0.0804006159305572,2.6925294399261475,0.1163721233606338,0.0,0.9467187523841858,770,2421.684611137025,0.7384951114654541,0,unknown
0.2323769330978393,0.0657961219549179,1.6325575113296509,0.0332504734396934,0.0,0.4431135356426239,771,2424.641435224039,0.7390869855880737,1,unknown
0.2380319237709045,0.0800273641943931,1.5396252870559692,0.040420152246952,0.0,0.5879339575767517,772,2427.6079260450206,0.7398141026496887,1,unknown
0.2381112426519394,0.0589590072631835,1.734244704246521,0.0572777837514877,0.0,0.524200439453125,773,2430.8171282910043,0.740517258644104,1,unknown
0.2811004221439361,0.1115313470363617,1.6469076871871948,0.0487833470106124,0.0,0.5629075169563293,774,2433.776061062992,0.7411537170410156,1,unknown
0.2359260618686676,0.0449294932186603,1.8580410480499268,0.0519244745373725,0.0,0.7323421835899353,775,2436.735896150989,0.7418010234832764,1,unknown
0.4386687278747558,0.2597790956497192,1.7275805473327637,0.0613158047199249,0.0,0.8362817764282227,776,2439.7109699940197,0.7425139546394348,1,unknown
0.2527483105659485,0.094026856124401,1.556294560432434,0.0309198908507823,0.0,0.4562625885009765,777,2442.729727667,0.7431464195251465,1,unknown
0.2593431770801544,0.0929786562919616,1.6207797527313232,0.0428656935691833,0.0,0.5209081172943115,778,2445.7074671640294,0.743791401386261,1,unknown
0.2953783869743347,0.1052863374352455,1.8523310422897337,0.048589177429676,0.0,0.480584442615509,779,2448.6792401649877,0.7442722916603088,1,unknown
0.2526655495166778,0.0628431290388107,1.8460410833358765,0.0521829947829246,0.0,1.1049515008926392,780,2451.65874035703,0.7447054386138916,1,unknown
0.2520014345645904,0.0676065981388092,1.7854615449905396,0.0584866181015968,0.0,0.676231861114502,781,2455.2601621000213,0.7450077533721924,1,unknown
0.1969802975654602,0.0413512960076332,1.5219690799713137,0.0343210473656654,0.0,0.8842793107032776,782,2458.5662572639994,0.7452734112739563,1,unknown
0.2618010938167572,0.0890385434031486,1.689023494720459,0.0386022217571735,0.0,0.8785447478294373,783,2461.7334562590117,0.7455335855484009,1,unknown
0.2709954380989074,0.1022313311696052,1.6494303941726685,0.0382108464837074,0.0,0.5617271065711975,784,2464.942428300041,0.7458035349845886,1,unknown
0.325416088104248,0.1555086374282837,1.664539813995361,0.0345348045229911,0.0,0.6823025345802307,785,2468.022747190029,0.7460631728172302,1,unknown
0.2677754759788513,0.113600842654705,1.502576231956482,0.0391703583300113,0.0,0.461904227733612,786,2471.0066959169926,0.7463380098342896,1,unknown
0.236063927412033,0.0678724721074104,1.6373533010482788,0.0445611290633678,0.0,0.5286268591880798,787,2473.9700697340304,0.7465992569923401,1,unknown
0.3724091649055481,0.2030878365039825,1.653241753578186,0.0399715602397918,0.0,0.8519020676612854,788,2476.9293356399867,0.7468801736831665,1,unknown
0.2359932363033294,0.0963415503501892,1.3761465549468994,0.020370278507471,0.0,0.5227461457252502,789,2479.892779152025,0.7471912503242493,1,unknown
0.2694259881973266,0.0920536369085311,1.7319331169128418,0.0417904108762741,0.0,0.5833377838134766,790,2482.889460475999,0.7472882270812988,1,unknown
0.3849721848964691,0.1567636728286743,2.189009189605713,0.0930759832262992,0.0,0.8563084602355957,791,2485.681045926991,0.7479067444801331,0,unknown
0.231058195233345,0.0836701020598411,1.4460281133651731,0.027852950617671,0.0,0.6921191811561584,792,2488.6814965489903,0.7484901547431946,1,unknown
0.3004073798656463,0.1106152608990669,1.8445053100585935,0.0534159913659095,0.0,0.6193499565124512,793,2491.661287995986,0.749002993106842,1,unknown
0.2799763679504394,0.1010737717151641,1.7409298419952393,0.0480961948633194,0.0,0.5849422812461853,794,2494.526284301013,0.7494550943374634,1,unknown
0.3005994260311126,0.1307270675897598,1.654720902442932,0.0440027266740798,0.0,0.9963568449020386,795,2497.5065854419954,0.7499109506607056,1,unknown
0.391505479812622,0.1323180198669433,2.481593370437622,0.110281266272068,0.0,0.7852616906166077,796,2499.823726135015,0.7496121525764465,0,unknown
0.2729392647743225,0.0967794731259346,1.717041015625,0.044556874781847,0.0,0.9188126921653748,797,2502.7990745870047,0.7494571805000305,1,unknown
0.3360265493392944,0.1455167233943939,1.8593164682388303,0.0457816570997238,0.0,0.7515177726745605,798,2505.531729468028,0.7494494915008545,1,unknown
0.2428009510040283,0.0854050740599632,1.5369361639022827,0.0370225049555301,0.0,0.5719432830810547,799,2508.515408611041,0.749539852142334,1,unknown
0.4446795582771301,0.1764128804206848,2.5771946907043457,0.1054715812206268,0.0,0.9730992317199708,800,2511.1488563240277,0.7489800453186035,0,unknown
0.3197587132453918,0.1659166067838668,1.4995791912078855,0.0388417318463325,0.0,0.5618663430213928,801,2514.135970634001,0.7485718131065369,1,unknown
0.2249996066093444,0.0668355897068977,1.5466160774230957,0.0350240729749202,0.0,0.9637078642845154,802,2517.126776338031,0.7481304407119751,1,unknown
0.363539308309555,0.0951520279049873,2.575844049453736,0.108028806746006,0.0,0.916741907596588,803,2519.9222730679903,0.7463597059249878,0,unknown
0.4182904958724975,0.131957933306694,2.738790512084961,0.1245351284742355,0.0,1.3292670249938965,804,2522.505295070994,0.7457987666130066,0,unknown
0.2964393496513366,0.1244572922587394,1.6799564361572266,0.0398640371859073,0.0,0.5989698767662048,805,2525.4800170920207,0.7453626990318298,1,unknown
0.2881551384925842,0.0977631285786628,1.8485480546951292,0.0553719997406005,0.0,0.8928598761558533,806,2528.226285096025,0.7450425624847412,1,unknown
0.2834036648273468,0.1001954600214958,1.7839093208312988,0.0481728203594684,0.0,0.6013211607933044,807,2531.1351943300106,0.7448605895042419,1,unknown
0.2241768389940261,0.0524646639823913,1.6747792959213257,0.0423425287008285,0.0,0.6017012000083923,808,2534.111989230034,0.7447347044944763,1,unknown
0.4631739556789398,0.2746464014053345,1.837814450263977,0.0474606454372406,0.0,0.8390277624130249,809,2537.090404685994,0.7445687651634216,1,unknown
0.2720556259155273,0.0987553745508194,1.6937321424484253,0.0392703041434288,0.0,0.7983942627906799,810,2540.0605699790176,0.7444362640380859,1,unknown
0.3487440347671509,0.16036356985569,1.8312921524047847,0.0525122880935668,0.0,0.9826273918151855,811,2543.312947879021,0.7442988157272339,1,unknown
0.2988760769367218,0.1085957139730453,1.8521651029586792,0.0506383180618286,0.0,0.9716200232505798,812,2546.300984196016,0.7441970705986023,1,unknown
0.4812749028205871,0.167991355061531,2.988754987716675,0.1440806239843368,0.0,2.2434184551239014,813,2549.074601202039,0.7443287372589111,0,unknown
0.3043178617954254,0.1656649708747863,1.3577139377593994,0.0288146045058965,0.0,1.4348078966140747,814,2551.6613962349948,0.7444095611572266,1,unknown
0.3673213124275207,0.1915766596794128,1.720578670501709,0.0368676297366619,0.0,0.7998909950256348,815,2554.833570969989,0.7444627285003662,1,unknown
0.2766756117343902,0.1061587706208229,1.665303349494934,0.0398653447628021,0.0,0.638359010219574,816,2557.79796353,0.7444628477096558,1,unknown
0.2254118621349334,0.0518400520086288,1.6983115673065186,0.0374063178896904,0.0,0.5975637435913086,817,2560.7412142740213,0.7446212768554688,1,unknown
0.2966565191745758,0.0997472181916236,1.91621994972229,0.0528725422918796,0.0,0.9135733246803284,818,2563.7263566399924,0.7447683811187744,1,unknown
0.2684313654899597,0.0882159769535064,1.7556684017181396,0.0464854277670383,0.0,0.6520302891731262,819,2566.950229343027,0.744864821434021,1,unknown
0.2591966986656189,0.0693435668945312,1.8475162982940676,0.0510149635374546,0.0,0.5990340113639832,820,2569.69079153199,0.745263397693634,1,unknown
0.386206567287445,0.2083034217357635,1.7350393533706665,0.0439922362565994,0.0,0.7847011089324951,821,2572.668322554033,0.7456340193748474,1,unknown
0.4321362376213074,0.1550601720809936,2.662731409072876,0.1080290824174881,0.0,0.7508307099342346,822,2575.246872249001,0.7452328205108643,0,unknown
0.2325172573328018,0.0581827759742736,1.7032458782196045,0.0400988161563873,0.0,1.4560106992721558,823,2578.4763902010163,0.7450645565986633,1,unknown
0.4650851488113403,0.1809673458337783,2.707040786743164,0.1341371387243271,0.0,1.7155132293701172,824,2581.2518827820318,0.7466744184494019,0,unknown
0.3808013796806335,0.2016511261463165,1.7464640140533447,0.045038565993309,0.0,0.4849013686180115,825,2584.2158506580163,0.7480580806732178,1,unknown
0.4522163271903991,0.1664886176586151,2.74196195602417,0.1153156459331512,0.0,0.7801662087440491,826,2586.794195627037,0.7486511468887329,0,unknown
0.2628177404403686,0.0971640944480896,1.613417387008667,0.0431189872324466,0.0,1.2851780652999878,827,2589.745634677005,0.7494146823883057,1,unknown
0.2252245396375656,0.0379481092095375,1.8199769258499143,0.052787359803915,0.0,1.1608740091323853,828,2592.7517883040127,0.7497926950454712,1,unknown
0.2650821208953857,0.0901553481817245,1.7058050632476809,0.0434625633060932,0.0,0.7317657470703125,829,2595.722325120005,0.7502346634864807,1,unknown
0.2707361578941345,0.0888496935367584,1.771612286567688,0.0472522154450416,0.0,0.4657229781150818,830,2598.4948853130336,0.7505042552947998,1,unknown
0.2356463819742202,0.0718085020780563,1.6052595376968384,0.0331193655729293,0.0,0.5823666453361511,831,2601.4721772299963,0.750622034072876,1,unknown
0.2645677030086517,0.0924048274755477,1.6780675649642944,0.0435611940920352,0.0,0.7734814882278442,832,2604.699385382992,0.7507004737854004,1,unknown
0.3341046869754791,0.0564211048185825,2.665691614151001,0.1111444607377052,0.0,0.7182688117027283,833,2607.318669232016,0.7507578134536743,0,unknown
0.3208348155021667,0.140251412987709,1.766798734664917,0.03903504088521,0.0,0.931213915348053,834,2610.260016573011,0.7508723139762878,1,unknown
0.4142014980316162,0.1608366668224334,2.4404242038726807,0.0932240262627601,0.0,0.8512659072875977,835,2612.821187931986,0.7517657279968262,0,unknown
0.2489352226257324,0.0888775885105133,1.5680431127548218,0.0325335189700126,0.0,0.6640782356262207,836,2615.722943180008,0.7526345252990723,1,unknown
0.2394886314868927,0.0927564948797226,1.439469575881958,0.0278518684208393,0.0,0.9568270444869996,837,2618.439902579994,0.7535049915313721,1,unknown
0.2679994404315948,0.1180592030286789,1.4672009944915771,0.0322012454271316,0.0,0.8237752318382263,838,2621.386357228039,0.7543137669563293,1,unknown
0.4203696250915527,0.1527381092309951,2.571561098098755,0.1047542840242385,0.0,0.6692656874656677,839,2623.9321323860204,0.7550296783447266,0,unknown
0.2656306028366089,0.0817207843065261,1.798999309539795,0.0400989204645156,0.0,0.6271682381629944,840,2626.832042223017,0.7557646036148071,1,unknown
0.3072735071182251,0.1193549633026123,1.824981689453125,0.0542036592960357,0.0,0.7176553010940552,841,2629.782840161992,0.7564228773117065,1,unknown
0.2565430700778961,0.0735002160072326,1.790290594100952,0.0401376187801361,0.0,1.0338611602783203,842,2632.7606075050426,0.7569690942764282,1,unknown
0.3007126152515411,0.101313829421997,1.936100721359253,0.0578869991004467,0.0,0.6306731104850769,843,2635.950366425037,0.7575171589851379,1,unknown
0.2536709606647491,0.1041978299617767,1.463925004005432,0.030806416645646,0.0,0.5962391495704651,844,2638.3038152700174,0.7580257058143616,1,unknown
0.2630403637886047,0.0875783339142799,1.7140519618988037,0.0405683107674121,0.0,0.7186092734336853,845,2641.3079215370235,0.7585734724998474,1,unknown
0.3012265563011169,0.1177276372909545,1.7855664491653442,0.0494226180016994,0.0,0.6419582962989807,846,2644.224155472999,0.7590438723564148,1,unknown
0.1939264386892318,0.0261912941932678,1.6341122388839722,0.0432391352951526,0.0,0.3564141988754272,847,2647.425400100008,0.7594433426856995,1,unknown
0.3826672434806824,0.2327546179294586,1.4702401161193848,0.0288861654698848,0.0,0.8919996619224548,848,2650.5344122879906,0.7598559260368347,1,unknown
0.1948655247688293,0.0393973626196384,1.5219123363494873,0.0327693969011306,0.0,0.5137378573417664,849,2653.809624407033,0.7602791786193848,1,unknown
0.2348508834838867,0.0493832007050514,1.8039982318878172,0.0506787151098251,0.0,2.19632625579834,850,2656.9979911590344,0.7611235976219177,1,unknown
0.2192834466695785,0.0446290522813797,1.7008203268051147,0.0457235611975193,0.0,0.6423410773277283,851,2660.0833576850127,0.7619264721870422,1,unknown
0.2462061941623687,0.0831172913312912,1.5991196632385254,0.0317691564559936,0.0,0.5749194622039795,852,2663.1842974959877,0.7626777291297913,1,unknown
0.2964000403881073,0.1126926392316818,1.7813420295715332,0.0557319596409797,0.0,1.0474954843521118,853,2666.497959019034,0.7633627653121948,1,unknown
0.2341731935739517,0.0908341333270073,1.4031498432159424,0.0302409715950489,0.0,0.5620757937431335,854,2669.4724428229965,0.764028012752533,1,unknown
0.3864305913448334,0.2106334865093231,1.7103171348571775,0.0476533360779285,0.0,0.9752436280250548,855,2672.485790509032,0.7646949887275696,1,unknown
0.2580897510051727,0.0747709944844245,1.785688042640686,0.0474994257092475,0.0,2.2664730548858643,856,2675.501134683029,0.7653745412826538,1,unknown
0.3818293511867523,0.1172121539711952,2.528611183166504,0.1175609230995178,0.0,0.6563871502876282,857,2678.1630335380323,0.7665714621543884,0,unknown
0.2339691519737243,0.0570909604430198,1.7221676111221311,0.0466142743825912,0.0,0.9754904508590698,858,2681.203429136018,0.7675681710243225,1,unknown
0.2868468761444092,0.0983418524265289,1.8410950899124143,0.0439548268914222,0.0,0.5276117920875549,859,2684.2148420190206,0.7685356140136719,1,unknown
0.2888095676898956,0.1091519892215728,1.7542314529418943,0.0423442833125591,0.0,0.7400169968605042,860,2687.172709945007,0.7695118188858032,1,unknown
0.4532197415828705,0.1705430597066879,2.697675943374634,0.1290914416313171,0.0,1.324977993965149,861,2690.345643876004,0.771674633026123,0,unknown
0.3472878932952881,0.1100428998470306,2.274857521057129,0.0975927412509918,0.0,1.0035783052444458,862,2693.268890194013,0.7729521989822388,0,unknown
0.3545984029769897,0.1634626388549804,1.8510875701904297,0.0602703392505645,0.0,0.9018730521202089,863,2696.216648526024,0.7741494178771973,1,unknown
0.3294914960861206,0.1513055115938186,1.736872911453247,0.0449865534901618,0.0,0.9198874235153198,864,2698.8351218200405,0.7753446698188782,1,unknown
0.2686997056007385,0.0578556060791015,2.041461944580078,0.0669788122177124,0.0,0.9112998247146606,865,2701.7681655790075,0.7765371203422546,1,unknown
0.2838091552257538,0.1043401211500167,1.7477473020553589,0.0469429492950439,0.0,0.8469314575195312,866,2704.3926457120106,0.777910053730011,1,unknown
0.2505399882793426,0.0989967957139015,1.4879788160324097,0.0274530388414859,0.0,0.4047708809375763,867,2707.129831949016,0.7791483998298645,1,unknown
0.283884197473526,0.1239150539040565,1.565089464187622,0.0346018560230731,0.0,0.4900567531585693,868,2709.740415522014,0.7801969647407532,1,unknown
0.2433381080627441,0.0690657421946525,1.694211483001709,0.048512078821659,0.0,0.7132039666175842,869,2712.3595336250146,0.7811459898948669,1,unknown
0.2297383844852447,0.0588746890425682,1.6671247482299805,0.0415123142302036,0.0,0.8862242698669434,870,2715.307372178009,0.781981348991394,1,unknown
0.2642413973808288,0.0859789028763771,1.7413026094436646,0.041322723031044,0.0,0.695652961730957,871,2717.9194226730037,0.7827512621879578,1,unknown
0.2526908218860626,0.0523336939513683,1.936269998550415,0.067301332950592,0.0,0.8447133302688599,872,2720.570153992041,0.7836588025093079,1,unknown
0.2533304989337921,0.0829943418502807,1.6600090265274048,0.0433527678251266,0.0,0.4811565577983856,873,2722.685745206021,0.7844941020011902,1,unknown
0.338746964931488,0.1391523629426956,1.936362028121948,0.0595838353037834,0.0,0.9938283562660216,874,2725.6146000149893,0.7850844860076904,1,unknown
0.4678029417991638,0.2137396931648254,2.4449710845947266,0.0956620126962661,0.0,1.4834364652633667,875,2728.2414697839995,0.7834924459457397,0,unknown
0.365186870098114,0.1754364073276519,1.8476544618606567,0.049850445240736,0.0,1.0796583890914917,876,2730.370791380992,0.7818456888198853,1,unknown
0.233348861336708,0.0882791206240654,1.4195326566696167,0.0311645045876503,0.0,0.4943761229515075,877,2733.001377151988,0.7803722023963928,1,unknown
0.2851128876209259,0.1060155481100082,1.7391753196716309,0.0517983101308345,0.0,0.5585629343986511,878,2735.820328046044,0.7788878083229065,1,unknown
0.418385237455368,0.2622043192386627,1.5309303998947144,0.0308786742389202,0.0,0.8577795624732971,879,2738.4428138300427,0.7776215076446533,1,unknown
0.2723602056503296,0.1144581884145736,1.5499438047409058,0.0290765352547168,0.0,0.6550690531730652,880,2741.2075027250103,0.7765352129936218,1,unknown
0.2693023979663849,0.1134202554821968,1.52553129196167,0.0332900658249855,0.0,0.6056089997291565,881,2744.168586373038,0.7756400108337402,1,unknown
0.229068249464035,0.0714333280920982,1.538576602935791,0.0377725958824157,0.0,0.9777039885520936,882,2747.127435384027,0.774976909160614,1,unknown
0.241451010107994,0.0867278128862381,1.512404203414917,0.0348278023302555,0.0,0.7855996489524841,883,2749.839687709988,0.7744245529174805,1,unknown
0.2893211543560028,0.1232468336820602,1.6263854503631592,0.0343578346073627,0.0,0.6531718373298645,884,2752.534994915012,0.7741711735725403,1,unknown
0.2204611599445343,0.0523034259676933,1.6398777961730957,0.0416995547711849,0.0,1.4497298002243042,885,2755.28926058102,0.7739141583442688,1,unknown
0.2254180461168289,0.0497968085110187,1.7183992862701416,0.0378130413591861,0.0,0.6663198471069336,886,2758.132908353,0.7736949324607849,1,unknown
0.2109757512807846,0.0683376342058181,1.4045401811599731,0.0218409448862075,0.0,0.5116730332374573,887,2761.0593982069986,0.7735503315925598,1,unknown
0.2044553905725479,0.0518673509359359,1.494821548461914,0.031058844178915,0.0,0.7705830335617065,888,2763.152728022018,0.7736088633537292,1,unknown
0.1911935657262802,0.0425886958837509,1.4610607624053955,0.0249880235642194,0.0,0.656671941280365,889,2766.123308881012,0.7736527919769287,1,unknown
0.240788072347641,0.0833729803562164,1.5425820350646973,0.0315691232681274,0.0,0.5664811730384827,890,2769.27964418201,0.7737538814544678,1,unknown
0.474868893623352,0.2055502831935882,2.600830078125,0.0923557132482528,0.0,0.7797309160232544,891,2772.15851128602,0.7743357419967651,0,unknown
0.1821481138467788,0.0289832632988691,1.5054945945739746,0.026153964921832,0.0,0.3533184826374054,892,2775.1246155280387,0.7748522162437439,1,unknown
0.262541115283966,0.0929518118500709,1.652334213256836,0.0435586906969547,0.0,0.9864639639854432,893,2778.0866009760066,0.7752967476844788,1,unknown
0.2566639184951782,0.0768035948276519,1.7412561178207395,0.0573470070958137,0.0,0.6643733978271484,894,2781.2377653369917,0.7757613658905029,1,unknown
0.2185523211956024,0.0484465807676315,1.6643874645233154,0.0366702191531658,0.0,0.742509126663208,895,2784.359824415995,0.7761868238449097,1,unknown
0.2848339378833771,0.125319629907608,1.5634790658950806,0.0316640585660934,0.0,0.7265920639038086,896,2787.333652105008,0.7766140699386597,1,unknown
0.2172377407550811,0.0642960518598556,1.5021560192108154,0.0272607877850532,0.0,0.4296388328075409,897,2790.299729374994,0.7770540118217468,1,unknown
0.2659976184368133,0.1034537255764007,1.589666485786438,0.0357725583016872,0.0,0.7124004364013672,898,2793.265800265013,0.7774248123168945,1,unknown
0.4404916167259216,0.1757301986217498,2.548484563827514,0.0991296172142028,0.0,1.2015327215194702,899,2796.29198127304,0.7772853970527649,0,unknown
0.186585247516632,0.0450369864702224,1.38305401802063,0.0324284844100475,0.0,0.5597671866416931,900,2799.293257392012,0.7771961092948914,1,unknown
0.3680730164051056,0.116188496351242,2.41619610786438,0.1026490777730941,0.0,0.8441525101661682,901,2802.227186303993,0.7763088345527649,0,unknown
0.234894186258316,0.0665701627731323,1.6453512907028198,0.0378887839615345,0.0,0.6012004017829895,902,2805.2410504280124,0.7755845785140991,1,unknown
0.1697157621383667,0.0294588021934032,1.3812954425811768,0.0212741829454898,0.0,0.3325434029102325,903,2808.1897001680336,0.7749792337417603,1,unknown
0.2567910254001617,0.0982553511857986,1.554068088531494,0.031288631260395,0.0,0.6801705360412598,904,2810.796500086028,0.7741791009902954,1,unknown
0.2786534428596496,0.1277893185615539,1.4780995845794678,0.0305412542074918,0.0,0.6882911920547485,905,2813.402940715023,0.773431658744812,1,unknown
0.2710933983325958,0.109483428299427,1.5801594257354736,0.0359402932226657,0.0,0.5788421034812927,906,2816.15511943202,0.7727516889572144,1,unknown
0.250442624092102,0.1112243682146072,1.3685944080352783,0.023588003590703,0.0,0.6325185298919678,907,2819.407561570988,0.7721535563468933,1,unknown
0.2553277909755707,0.0637372806668281,1.8600566387176516,0.0558487921953201,0.0,0.7581914663314819,908,2822.501852040994,0.7716853022575378,1,unknown
0.2507685124874115,0.0890091210603714,1.581173062324524,0.0364205725491046,0.0,0.7962164282798767,909,2825.723886598018,0.7712782025337219,1,unknown
0.2811968028545379,0.1039681956171989,1.7305712699890137,0.0417147353291511,0.0,0.9380277395248412,910,2828.631395400036,0.7709584832191467,1,unknown
0.4212230443954468,0.1213416084647178,2.871057271957397,0.1277570277452469,0.0,1.2600289583206177,911,2831.7561309600133,0.7712703943252563,0,unknown
0.3313863277435303,0.1450895071029663,1.815209150314331,0.0477589964866638,0.0,1.0122534036636353,912,2835.009933784022,0.77162766456604,1,unknown
0.5110098123550415,0.248812049627304,2.523821353912353,0.098155952990055,0.0,5.771350383758545,913,2837.819646319025,0.771906316280365,0,unknown
0.3103309571743011,0.1558582782745361,1.5147500038146973,0.0299767013639211,0.0,0.6778439879417419,914,2840.9227128660423,0.7723983526229858,1,unknown
0.2371983379125595,0.0896950289607048,1.442684769630432,0.0323485843837261,0.0,0.837344229221344,915,2843.958027195011,0.7728501558303833,1,unknown
0.3812942206859588,0.201364666223526,1.7520896196365356,0.0472056493163108,0.0,0.6308746933937073,916,2846.8124596090056,0.7732253074645996,1,unknown
0.2978386878967285,0.1503151059150695,1.4488942623138428,0.026341788470745,0.0,0.4577961564064026,917,2849.535296979011,0.7736098170280457,1,unknown
0.2944872081279754,0.1328653544187545,1.5758510828018188,0.0403675846755504,0.0,1.1233763694763184,918,2852.151051059016,0.7739114761352539,1,unknown
0.2888421416282654,0.113190621137619,1.721058964729309,0.0354561358690261,0.0,0.5455016493797302,919,2855.181862183032,0.7741888761520386,1,unknown
0.2525028884410858,0.0893201231956482,1.5961835384368896,0.0356441028416156,0.0,0.68123459815979,920,2858.517158253002,0.7743127346038818,1,unknown
0.2130964547395706,0.0455447733402252,1.638599157333374,0.0369175039231777,0.0,0.6239461302757263,921,2861.497707316012,0.7744072079658508,1,unknown
0.2208885997533798,0.0475712977349758,1.6923117637634275,0.0408610627055168,0.0,0.5193656086921692,922,2864.705188149004,0.7745440602302551,1,unknown
0.2838908433914184,0.1113231033086776,1.683882474899292,0.0417949296534061,0.0,0.5918406844139099,923,2867.43249440199,0.7747211456298828,1,unknown
0.213044062256813,0.0699993148446083,1.4063689708709717,0.0240786429494619,0.0,0.7398939728736877,924,2870.7691598610254,0.7748602628707886,1,unknown
0.2944981455802917,0.1070221960544586,1.828783392906189,0.0459760352969169,0.0,0.6735573410987854,925,2873.9211304560304,0.7750510573387146,1,unknown
0.306566834449768,0.1214310899376869,1.8093276023864744,0.0420296899974346,0.0,0.7077252864837646,926,2877.080127159017,0.7752259373664856,1,unknown
0.3253278136253357,0.1614853590726852,1.5997447967529297,0.0386794432997703,0.0,0.5698195099830627,927,2880.1988395930384,0.7754843235015869,1,unknown
0.2506926953792572,0.0977639555931091,1.5002509355545044,0.029036309570074,0.0,0.3910636603832245,928,2883.4826645959984,0.7756973505020142,1,unknown
0.2115693390369415,0.0593868494033813,1.4950424432754517,0.0267824567854404,0.0,0.8664971590042114,929,2886.6558580580167,0.775877833366394,1,unknown
0.2690819203853607,0.1130429506301879,1.528437852859497,0.0319519601762294,0.0,0.7241182923316956,930,2889.754618002044,0.7760722041130066,1,unknown
0.302008718252182,0.1454271525144577,1.5280065536499023,0.037808995693922,0.0,1.692813754081726,931,2892.884187960008,0.7764589786529541,1,unknown
0.2374162971973419,0.0680833607912063,1.6532728672027588,0.0400565005838871,0.0,0.7836381196975708,932,2896.1777663670364,0.7768189311027527,1,unknown
0.265307068824768,0.1220946013927459,1.4049735069274902,0.0271513164043426,0.0,0.8800068497657776,933,2899.3288686780143,0.7771461009979248,1,unknown
0.218684509396553,0.0565176233649253,1.5905542373657229,0.0311144459992647,0.0,0.6400590538978577,934,2902.311720291036,0.7774361968040466,1,unknown
0.3496267795562744,0.1275003999471664,2.132890224456787,0.0883739739656448,0.0,1.399204134941101,935,2905.2085701749893,0.7788733839988708,0,unknown
0.2219966500997543,0.0634403303265571,1.5529969930648804,0.0325659848749637,0.0,0.5736032128334045,936,2908.514779752004,0.7801635265350342,1,unknown
0.4564646184444427,0.2591807544231415,1.9123826026916504,0.0604558810591697,0.0,1.3963587284088137,937,2911.4888244500034,0.7812902927398682,1,unknown
0.2254504263401031,0.0548098795115947,1.6624555587768557,0.043949656188488,0.0,0.6905152797698975,938,2914.566566001042,0.7824283242225647,1,unknown
0.279252678155899,0.1092442423105239,1.6625385284423828,0.0375458635389804,0.0,0.6715638637542725,939,2917.496233989019,0.7834765315055847,1,unknown
0.2728910446166992,0.11904077231884,1.508325695991516,0.0301770456135272,0.0,0.7924196720123291,940,2920.631433447008,0.7845471501350403,1,unknown
0.263960063457489,0.1092941015958786,1.5172139406204224,0.0294456984847784,0.0,0.5652416348457336,941,2923.8735409289948,0.7855172753334045,1,unknown
0.2665573954582214,0.0998994708061218,1.624358057975769,0.0422211438417434,0.0,0.6755537390708923,942,2926.961473386036,0.7864206433296204,1,unknown
0.2295690774917602,0.0521996095776557,1.7273192405700684,0.0463754273951053,0.0,0.7183704972267151,943,2930.0334984569927,0.7873561382293701,1,unknown
0.2132225930690765,0.0518515035510063,1.576364040374756,0.0373468175530433,0.0,0.4367356300354004,944,2933.120211422036,0.7880085110664368,1,unknown
0.2175261378288269,0.0692658573389053,1.4555000066757202,0.0271029863506555,0.0,0.339272677898407,945,2936.355602768017,0.7885934114456177,1,unknown
0.3541062176227569,0.1679290235042572,1.8137270212173464,0.0480451434850692,0.0,2.496835470199585,946,2939.465277084033,0.7888513207435608,1,unknown
0.3375129103660583,0.1677600890398025,1.6594575643539429,0.0380704626441001,0.0,0.6676546335220337,947,2942.39367074403,0.7891190648078918,1,unknown
0.2539558112621307,0.0743703842163086,1.7411845922470093,0.0546695888042449,0.0,0.7694687247276306,948,2945.3474331609905,0.7892748117446899,1,unknown
0.305482804775238,0.1481171548366546,1.541064977645874,0.0325912497937679,0.0,0.7016366720199585,949,2948.541628639039,0.7895155549049377,1,unknown
0.2572927474975586,0.1075589954853057,1.468313217163086,0.029024189338088,0.0,0.5329436659812927,950,2951.5974383570137,0.789816677570343,1,unknown
0.2652949094772339,0.0919529572129249,1.6890366077423096,0.0443830639123916,0.0,0.4850661754608154,951,2954.559236970032,0.790070116519928,1,unknown
0.2794853746891022,0.0979099124670028,1.767291784286499,0.0484627299010753,0.0,0.6773428916931152,952,2957.512465659005,0.7901795506477356,1,unknown
0.2198977023363113,0.0553528741002082,1.60986328125,0.0355851501226425,0.0,0.5082060694694519,953,2960.781806212035,0.7903470993041992,1,unknown
0.189477726817131,0.0464347079396247,1.4049904346466064,0.0254396572709083,0.0,0.6112739443778992,954,2963.771556714026,0.7905108332633972,1,unknown
0.2504518330097198,0.0915571451187133,1.5486652851104736,0.0402814112603664,0.0,0.9402590990066528,955,2966.8501473600045,0.7908714413642883,1,unknown
0.290707528591156,0.1357342451810836,1.5201696157455444,0.0295629948377609,0.0,0.5849435329437256,956,2969.928421902994,0.791130542755127,1,unknown
0.2802522778511047,0.0931683406233787,1.81417179107666,0.0566676147282123,0.0,1.022433876991272,957,2973.1822791959858,0.7915576696395874,1,unknown
0.2661674916744232,0.0978320017457008,1.6490041017532349,0.0343507900834083,0.0,0.51563960313797,958,2976.171281132032,0.7921603918075562,1,unknown
0.3013716042041778,0.1410399079322815,1.5712604522705078,0.0320567339658737,0.0,2.3077147006988525,959,2979.1159112729947,0.7927752137184143,1,unknown
0.2869938313961029,0.1105199754238128,1.7199809551239014,0.0447572171688079,0.0,0.8862830400466919,960,2982.187023520993,0.7935034036636353,1,unknown
0.189906895160675,0.0416582152247428,1.4399559497833252,0.0425309762358665,0.0,0.451342761516571,961,2985.3196512830327,0.794202983379364,1,unknown
0.3662493824958801,0.1168013215065002,2.3873205184936523,0.1071603149175643,0.0,1.3567824363708496,962,2988.235953913012,0.7937905192375183,0,unknown
0.3025348484516144,0.121794007718563,1.761667013168335,0.0457413531839847,0.0,0.8564186096191406,963,2991.315324756026,0.7933929562568665,1,unknown
0.2760236263275146,0.1346485316753387,1.3828448057174685,0.030906181782484,0.0,1.0431337356567385,964,2994.2615633020177,0.7929604649543762,1,unknown
0.2901663780212402,0.1308820694684982,1.5608394145965576,0.0320037305355072,0.0,0.5146140456199646,965,2997.33384850499,0.7925313115119934,1,unknown
0.321338027715683,0.0786800608038902,2.331651210784912,0.0949284359812736,0.0,0.4893586635589599,966,3000.4004118420416,0.7920014262199402,0,unknown
0.2794338464736938,0.1063664034008979,1.6946128606796265,0.036061480641365,0.0,1.8571947813034055,967,3003.359396799002,0.7919283509254456,1,unknown
0.2550398707389831,0.091758407652378,1.5997865200042725,0.033027920871973,0.0,0.7162236571311951,968,3006.4678180739866,0.7918902039527893,1,unknown
0.3147921562194824,0.151056095957756,1.600013017654419,0.0373477861285209,0.0,0.6782219409942627,969,3009.529465952015,0.7918635010719299,1,unknown
0.6037788391113281,0.4520175457000732,1.4885319471359253,0.0290818586945533,0.0,2.0909273624420166,970,3012.789895174036,0.7918668985366821,1,unknown
0.2355802804231643,0.0592719912528991,1.7224081754684448,0.0406745336949825,0.0,0.5275559425354004,971,3015.85486338404,0.7919616103172302,1,unknown
0.2491822838783264,0.0828679800033569,1.6279932260513306,0.0351498275995254,0.0,0.6108953952789307,972,3018.970350830001,0.7921450138092041,1,unknown
0.2586011588573456,0.1037386432290077,1.513831615447998,0.0347935557365417,0.0,0.4750318229198456,973,3022.061504384037,0.7922850251197815,1,unknown
0.2838126122951507,0.1174886673688888,1.6249690055847168,0.0382704474031925,0.0,0.6794620752334595,974,3025.220681648003,0.7924553155899048,1,unknown
0.2216770946979522,0.0512709654867649,1.6711565256118774,0.0329046659171581,0.0,0.9867672324180604,975,3028.1936300499947,0.7924774885177612,1,unknown
0.2294762432575225,0.067970260977745,1.584856629371643,0.0302031747996807,0.0,0.4247235655784607,976,3031.2942126530106,0.7924946546554565,1,unknown
0.5436602830886841,0.2859366238117218,2.482816696166992,0.0944200903177261,0.0,0.8372378945350647,977,3033.7544886019896,0.792839527130127,0,unknown
0.4094672799110412,0.1822984218597412,2.1874916553497314,0.0841968730092048,0.0,0.849202573299408,978,3036.8460241039866,0.7946087121963501,0,unknown
0.3735748529434204,0.1978951692581176,1.703595757484436,0.0532014891505241,0.0,0.6060288548469543,979,3040.031165643013,0.7962949275970459,1,unknown
0.388401597738266,0.1275549381971359,2.510377883911133,0.098088689148426,0.0,0.812001645565033,980,3042.825069413986,0.7982140183448792,0,unknown
0.2167749553918838,0.0331202410161495,1.7931451797485352,0.0434019491076469,0.0,0.6715254187583923,981,3045.9068800290115,0.7998311519622803,1,unknown
0.2459966242313385,0.0969553738832473,1.4555431604385376,0.0348693393170833,0.0,0.7550192475318909,982,3048.985771148,0.801352322101593,1,unknown
0.3703672587871551,0.1975115090608596,1.6932687759399414,0.0352885760366916,0.0,0.649625301361084,983,3052.114880688023,0.8026799559593201,1,unknown
0.3140605092048645,0.1403575539588928,1.7002060413360596,0.0368234738707542,0.0,1.0452560186386108,984,3055.08902282099,0.8039998412132263,1,unknown
0.297804594039917,0.1440436840057373,1.5083272457122805,0.0292818211019039,0.0,0.5057663321495056,985,3058.207006053009,0.8052477240562439,1,unknown
0.2791215181350708,0.0814975425601005,1.9160020351409912,0.0602374002337455,0.0,1.0295957326889038,986,3061.2474585890304,0.8062660694122314,1,unknown
0.390432596206665,0.2421824932098388,1.4524387121200562,0.0300624221563339,0.0,0.69422447681427,987,3064.552064568037,0.8072184920310974,1,unknown
0.1896962225437164,0.0309085510671138,1.554049730300903,0.0338268168270587,0.0,0.3910753428936004,988,3067.496799772023,0.8080247640609741,1,unknown
0.3720808923244476,0.1886405199766159,1.7896642684936523,0.0447393953800201,0.0,1.0039807558059692,989,3070.401982313022,0.8088425397872925,1,unknown
0.244760662317276,0.0981173440814018,1.4380444288253784,0.0283888448029756,0.0,0.7038779258728027,990,3073.127451322041,0.8095693588256836,1,unknown
0.2439478933811187,0.0653525441884994,1.7384239435195925,0.0475297532975673,0.0,0.8795061707496643,991,3075.999385175004,0.8103118538856506,1,unknown
0.2938862144947052,0.1426825672388076,1.4780158996582031,0.0340208038687706,0.0,0.7554162740707397,992,3078.964044844033,0.8110186457633972,1,unknown
0.3884066343307495,0.1023299396038055,2.7381155490875244,0.1226513534784317,0.0,1.001280665397644,993,3081.776885928004,0.8117126822471619,0,unknown
0.2337076365947723,0.0602350980043411,1.6982662677764893,0.036459170281887,0.0,0.5803157687187195,994,3084.7639203360304,0.8124156594276428,1,unknown
0.2591486871242523,0.0946763604879379,1.611741542816162,0.0329817496240139,0.0,0.5820887684822083,995,3087.939652592002,0.812956690788269,1,unknown
0.2473723292350769,0.0773267894983291,1.6592658758163452,0.0411895997822284,0.0,0.5450356006622314,996,3090.9081483890186,0.8135045170783997,1,unknown
0.3137358129024505,0.1493757218122482,1.5993030071258545,0.0442982129752635,0.0,0.948969304561615,997,3093.8687430020072,0.8143643736839294,1,unknown
0.2396688759326934,0.0816175639629364,1.5478196144104004,0.032693512737751,0.0,0.6152224540710449,998,3097.057681174017,0.815222442150116,1,unknown
0.2566344141960144,0.0981237813830375,1.554761290550232,0.0303449444472789,0.0,0.6598668098449707,999,3100.047393515008,0.8159387111663818,1,unknown
0.2712240219116211,0.1230327859520912,1.4528794288635254,0.0290329102426767,0.0,0.6779204607009888,1000,3102.126855984039,0.8166694045066833,1,unknown
0.2411109507083892,0.0940233469009399,1.4416643381118774,0.0292116831988096,0.0,0.6642561554908752,1001,3104.205691532989,0.8172626495361328,1,unknown
0.3565555810928345,0.1018266677856445,2.445716619491577,0.1015722304582595,0.0,1.11236572265625,1002,3106.7776716339868,0.8192883133888245,0,unknown
0.2527681291103363,0.0680846497416496,1.798269271850586,0.0485653541982173,0.0,0.6688300371170044,1003,3109.5690124010434,0.8212007284164429,1,unknown
0.4370322525501251,0.2708240151405334,1.6203744411468506,0.0417079105973243,0.0,1.3352315425872805,1004,3112.4559710100293,0.8232535719871521,1,unknown
0.2457737326622009,0.0863296240568161,1.56250262260437,0.0319384820759296,0.0,0.7237978577613831,1005,3115.3427264280035,0.8251655697822571,1,unknown
0.2746524810791015,0.1290862411260604,1.4325560331344604,0.0231062918901443,0.0,0.9539483785629272,1006,3118.281731681025,0.8268662691116333,1,unknown
0.3225206732749939,0.1491185277700424,1.6913161277770996,0.042705088853836,0.0,0.7597122192382812,1007,3121.474291911989,0.8284428119659424,1,unknown
0.1877288222312927,0.0556738078594207,1.2930296659469604,0.027520440518856,0.0,0.6554427146911621,1008,3123.8014377700165,0.8299272656440735,1,unknown
0.2589582204818725,0.0942090675234794,1.6070165634155271,0.0404750294983387,0.0,0.8119244575500488,1009,3126.3969044960104,0.8314712047576904,1,unknown
0.3132104277610779,0.1574310958385467,1.522388577461243,0.0354046747088432,0.0,0.7440780997276306,1010,3128.9950632330147,0.8328112959861755,1,unknown
0.1909341216087341,0.0456437915563583,1.4249323606491089,0.0279708448797464,0.0,0.4860315024852752,1011,3131.6095085979905,0.834019124507904,1,unknown
0.2352066934108734,0.0821294039487838,1.5022437572479248,0.02852931804955,0.0,0.4667841792106628,1012,3134.482650756021,0.835166335105896,1,unknown
0.237836480140686,0.0665559321641922,1.6706368923187256,0.042168378829956,0.0,0.5793260931968689,1013,3136.5649737290223,0.8362756967544556,1,unknown
0.4318168461322784,0.2704343497753143,1.5792237520217896,0.0346013493835926,0.0,0.9477280378341676,1014,3139.171673653007,0.8372790813446045,1,unknown
0.3757798671722412,0.2083158642053604,1.638345718383789,0.0362942069768905,0.0,0.7520090341567993,1015,3142.55299365503,0.8382394313812256,1,unknown
0.2665833830833435,0.1102661490440368,1.5263159275054932,0.0368563495576381,0.0,0.631831169128418,1016,3145.587644780986,0.8391004800796509,1,unknown
0.3978264927864074,0.1397200226783752,2.475135326385498,0.1059295535087585,0.0,0.8416748046875,1017,3147.537127097021,0.8395649194717407,0,unknown
0.2737767994403839,0.1015063747763633,1.6872854232788086,0.0354186408221721,0.0,1.3255022764205933,1018,3150.179604872013,0.8403111696243286,1,unknown
0.2761097252368927,0.1118935048580169,1.6110341548919678,0.0311279855668544,0.0,0.6651286482810974,1019,3152.8975463850074,0.8409845232963562,1,unknown
0.3716504573822021,0.0952342301607132,2.6397194862365723,0.1244429871439933,0.0,1.6600922346115112,1020,3156.082456818025,0.8415473103523254,0,unknown
0.1914069354534149,0.0274119228124618,1.6076680421829224,0.0322821736335754,0.0,0.6078998446464539,1021,3159.028660816024,0.8417977690696716,1,unknown
0.3944660127162933,0.2179583460092544,1.7260103225708008,0.0390664190053939,0.0,1.4771631956100464,1022,3161.770774185017,0.8420447707176208,1,unknown
0.3284560441970825,0.1621907651424408,1.624738097190857,0.0379145964980125,0.0,0.7517738938331604,1023,3164.558497422025,0.8423693776130676,1,unknown
0.2873545885086059,0.1082236096262931,1.7491782903671265,0.0421310625970363,0.0,0.5705800652503967,1024,3167.7203183670063,0.8426023125648499,1,unknown
0.2713095843791961,0.0963462144136428,1.700431227684021,0.0492022782564163,0.0,0.6151711344718933,1025,3224.147245561005,0.8426304459571838,1,unknown
0.2395539879798889,0.0707254856824874,1.650048851966858,0.0382360778748989,0.0,0.515471875667572,1026,3227.081018451019,0.8425825238227844,1,unknown
0.2251924574375152,0.0866460651159286,1.3655509948730469,0.0199128482490777,0.0,0.616579532623291,1027,3229.939056072035,0.8425751328468323,1,unknown
0.3218480944633484,0.1608960628509521,1.5744333267211914,0.0350869484245777,0.0,0.8077588677406311,1028,3232.982183918997,0.8425582051277161,1,unknown
0.3300647437572479,0.0894940197467804,2.31807804107666,0.0876289829611778,0.0,1.0954772233963013,1029,3235.7461796530406,0.8418819904327393,0,unknown
0.4642145335674286,0.2098124921321869,2.438039541244507,0.1059811189770698,0.0,0.5979673862457275,1030,3238.5008137040422,0.8410727381706238,0,unknown
0.2100696712732315,0.0603168010711669,1.4665356874465942,0.0309928972274065,0.0,1.446889042854309,1031,3241.240850178001,0.8401007056236267,1,unknown
0.2510183453559875,0.090575635433197,1.5715662240982056,0.0328607372939586,0.0,1.2077134847640991,1032,3244.2012080550194,0.8393614888191223,1,unknown
0.3132960796356201,0.1207592785358429,1.877968430519104,0.047399815171957,0.0,0.769162118434906,1033,3247.4079061440425,0.8387544751167297,1,unknown
0.2612254023551941,0.0997671484947204,1.5777361392974854,0.0368463620543479,0.0,0.4736406505107879,1034,3250.1504153000424,0.8381955623626709,1,unknown
0.2693757712841034,0.0946146547794342,1.71016263961792,0.0374487116932868,0.0,0.7055619955062866,1035,3253.1117070490145,0.837736964225769,1,unknown
0.2283315062522888,0.0878483280539512,1.3769221305847168,0.02790954336524,0.0,0.5808395743370056,1036,3255.822860624001,0.8373650312423706,1,unknown
0.2227338999509811,0.0577120222151279,1.6120997667312622,0.0381191410124301,0.0,1.4590331315994265,1037,3258.694288992032,0.8370169997215271,1,unknown
0.4854339063167572,0.1787875592708587,2.922497034072876,0.1439661085605621,0.0,1.0010908842086792,1038,3261.453547909041,0.8367987275123596,0,unknown
0.3077011108398437,0.1418812125921249,1.6253437995910645,0.0328551493585109,0.0,0.7578507661819458,1039,3264.174433753011,0.8365797996520996,1,unknown
0.2076247334480285,0.0380242578685283,1.652922749519348,0.0430817194283008,0.0,0.6935648322105408,1040,3266.9288568660268,0.8365569114685059,1,unknown
0.3793451488018036,0.1735004931688308,1.9889923334121704,0.0694541707634925,0.0,0.8239325284957886,1041,3269.827277264034,0.8366109728813171,1,unknown
0.5038565993309021,0.2061694711446762,2.8628854751586914,0.1139859110116958,0.0,0.7125692963600159,1042,3272.613365544996,0.8366535902023315,0,unknown
0.3667280077934265,0.1800574362277984,1.8121923208236692,0.0545135475695133,0.0,1.0140284299850464,1043,3275.546401432017,0.8367568254470825,1,unknown
0.2055993527173996,0.039941132068634,1.615795016288757,0.0407871827483177,0.0,0.5728838443756104,1044,3278.460034777003,0.8368889093399048,1,unknown
0.2094525545835495,0.0492493398487567,1.5683529376983645,0.0336791053414344,0.0,0.4895893931388855,1045,3281.385556933994,0.8369481563568115,1,unknown
0.2468223422765731,0.0847806632518768,1.581523060798645,0.0388935916125774,0.0,0.7786730527877808,1046,3284.321070748032,0.8371351957321167,1,unknown
0.2381923496723175,0.0864043906331062,1.4816691875457764,0.0362105444073677,0.0,0.6596208214759827,1047,3287.058953389991,0.8373554944992065,1,unknown
0.2796579003334045,0.1140846014022827,1.6096839904785156,0.0460491552948951,0.0,0.6731676459312439,1048,3289.7833524310263,0.8375100493431091,1,unknown
0.2425241619348526,0.0903657078742981,1.4850987195968628,0.0364857502281665,0.0,0.4132723212242126,1049,3292.5303407220053,0.8376725912094116,1,unknown
0.3312742114067077,0.1729852259159088,1.5484426021575928,0.0344475843012332,0.0,0.5176714062690735,1050,3295.7314012220013,0.8378085494041443,1,unknown
0.2609137296676636,0.0997826382517814,1.5772238969802856,0.0340870134532451,0.0,0.4561293423175812,1051,3298.6667876550346,0.8378574252128601,1,unknown
0.4484989643096924,0.1519885957241058,2.8582651615142822,0.1068388745188713,0.0,1.3202452659606934,1052,3301.445501292008,0.8378632664680481,0,unknown
0.2710030972957611,0.0804754421114921,1.850981950759888,0.0542944446206092,0.0,0.6934336423873901,1053,3304.163219259004,0.838058590888977,1,unknown
0.2556844353675842,0.0739157944917678,1.7649332284927368,0.0527532808482646,0.0,0.9959293007850648,1054,3307.1136291020084,0.8382142186164856,1,unknown
0.2521722912788391,0.1134505346417427,1.356594800949097,0.0306228231638669,0.0,0.3891966938972473,1055,3310.0655947530176,0.8383619785308838,1,unknown
0.1595343947410583,0.0287704411894083,1.284188985824585,0.0234504863619804,0.0,0.5335654616355896,1056,3313.022063478013,0.8385652899742126,1,unknown
0.2718125283718109,0.0989419445395469,1.6835249662399292,0.0451810359954834,0.0,4.835742473602295,1057,3315.762349519995,0.8386085629463196,1,unknown
0.3185228407382965,0.1502822488546371,1.6435434818267822,0.0388622321188449,0.0,0.8371230363845825,1058,3318.546413050033,0.8387307524681091,1,unknown
0.3392024636268616,0.1811410784721374,1.5459603071212769,0.0346535257995128,0.0,0.8119708299636841,1059,3321.272548582987,0.8390663862228394,1,unknown
0.3087045550346374,0.1645044684410095,1.4137450456619265,0.028255796059966,0.0,0.6186954975128174,1060,3323.886356736999,0.8393433690071106,1,unknown
0.264325886964798,0.0763591527938842,1.8329598903656008,0.0467075780034065,0.0,0.6708498001098633,1061,3326.600083130994,0.8393850326538086,1,unknown
0.2664207816123962,0.0953706428408622,1.667248010635376,0.043253444135189,0.0,0.5722313523292542,1062,3329.388371206994,0.8394110798835754,1,unknown
0.2140167355537414,0.0653997361660003,1.4578830003738403,0.0282868631184101,0.0,0.4504959881305694,1063,3331.349058139021,0.8394612669944763,1,unknown
0.3103939592838287,0.1192180961370468,1.8653541803359983,0.0464044027030468,0.0,1.4459424018859863,1064,3333.965776591038,0.8395926356315613,1,unknown
0.23645681142807,0.0612330958247184,1.70402991771698,0.0482071936130523,0.0,0.7135040760040283,1065,3336.253542441991,0.8396777510643005,1,unknown
0.2060847133398056,0.0494579263031482,1.5359563827514648,0.030311556532979,0.0,0.4226576685905456,1066,3339.0852498760214,0.8398585319519043,1,unknown
0.2326589822769165,0.0969399362802505,1.335728883743286,0.0214616060256958,0.0,0.504097044467926,1067,3341.1683009900157,0.839982807636261,1,unknown
0.2909936308860779,0.1526551693677902,1.3589301109313965,0.0244543924927711,0.0,0.7624687552452087,1068,3343.763482408016,0.8399702310562134,1,unknown
0.3306013941764831,0.1462366580963134,1.7944269180297852,0.0492208935320377,0.0,0.7668743133544922,1069,3346.5823706430383,0.8399713635444641,1,unknown
0.1849565804004669,0.0327656231820583,1.4909268617630005,0.0309826377779245,0.0,0.6689885854721069,1070,3349.24242023204,0.8398975133895874,1,unknown
0.2388376295566558,0.0674584135413169,1.6682528257369995,0.0455395020544528,0.0,0.7561322450637817,1071,3351.669355140999,0.8398210406303406,1,unknown
0.2905653119087219,0.1141648739576339,1.7155332565307615,0.0484710335731506,0.0,1.0120609998703003,1072,3354.318187426019,0.8400141596794128,1,unknown
0.337297111749649,0.1924953460693359,1.423283576965332,0.02473377995193,0.0,0.5084792971611023,1073,3357.2070054800133,0.8402548432350159,1,unknown
0.2521725594997406,0.0708010345697403,1.7663694620132446,0.047345794737339,0.0,0.5342121720314026,1074,3359.919923598005,0.8405065536499023,1,unknown
0.3080809414386749,0.1341662555932998,1.6943018436431885,0.0448452569544315,0.0,1.0781086683273315,1075,3362.758194115013,0.8406787514686584,1,unknown
0.3099215626716614,0.1547146141529083,1.5242857933044434,0.0277834795415401,0.0,0.5077767968177795,1076,3365.3946864940226,0.8408480286598206,1,unknown
0.2442389279603958,0.0783799737691879,1.6272575855255127,0.0313319005072116,0.0,0.5311245322227478,1077,3368.00502862304,0.8409786820411682,1,unknown
0.2598662674427032,0.0964791998267173,1.5973796844482422,0.0364909656345844,0.0,0.5322617888450623,1078,3370.624683336995,0.8411756753921509,1,unknown
0.2287027239799499,0.0668796151876449,1.5827703475952148,0.0354607924818992,0.0,0.4738724529743194,1079,3373.406192639028,0.8414024710655212,1,unknown
0.2147076576948166,0.0439670234918594,1.6681246757507324,0.0392819009721279,0.0,0.7095116972923279,1080,3376.030515510007,0.84162437915802,1,unknown
0.2501539587974548,0.0774100199341774,1.6841344833374023,0.0433049350976944,0.0,0.9048238396644592,1081,3378.743692648015,0.8416315317153931,1,unknown
0.3188081383705139,0.1481396853923797,1.6668957471847534,0.0397889874875545,0.0,0.8094156980514526,1082,3381.6689676420065,0.8416932821273804,1,unknown
0.2617474794387817,0.0973745808005333,1.6092593669891355,0.0344693623483181,0.0,0.8337921500205994,1083,3384.9274805980385,0.8418145775794983,1,unknown
0.2706014215946197,0.1213844865560531,1.4616318941116333,0.0305373817682266,0.0,0.4375288486480713,1084,3387.998393951042,0.8419454097747803,1,unknown
0.2922593057155609,0.1392103731632232,1.501954436302185,0.0285349730402231,0.0,0.745857834815979,1085,3391.0085445240256,0.8421005606651306,1,unknown
0.2448197901248932,0.0914593636989593,1.502788782119751,0.0308155547827482,0.0,0.486393392086029,1086,3393.974606272008,0.8422732949256897,1,unknown
0.3451204299926758,0.1491192728281021,1.905944347381592,0.0540671944618225,0.0,0.9063177704811096,1087,3397.155990078987,0.8424282073974609,1,unknown
0.2659316658973694,0.0995925366878509,1.6210638284683228,0.042327269911766,0.0,0.5096513628959656,1088,3400.09654382302,0.8425700664520264,1,unknown
0.2576311230659485,0.1111133843660354,1.4340872764587402,0.0310900527983903,0.0,0.7165077924728394,1089,3403.0976708530216,0.8428299427032471,1,unknown
0.2478072792291641,0.0869052559137344,1.5734126567840576,0.0356077253818511,0.0,0.8424738645553589,1090,3406.1753123910166,0.8430323004722595,1,unknown
0.2041512280702591,0.044279471039772,1.5636320114135742,0.0350856035947799,0.0,0.5264759659767151,1091,3409.318240655004,0.8432610630989075,1,unknown
0.2172079086303711,0.0804599225521087,1.3441684246063232,0.0233114622533321,0.0,0.4281184375286102,1092,3412.2884194790386,0.8435537219047546,1,unknown
0.1818744242191314,0.0358020812273025,1.4297975301742554,0.0309260170906782,0.0,0.6040849089622498,1093,3415.2695069300244,0.8437798023223877,1,unknown
0.4181510508060455,0.1584645509719848,2.490325689315796,0.1065389961004257,0.0,0.508150041103363,1094,3418.075508347014,0.8430407047271729,0,unknown
0.38689985871315,0.2185752093791961,1.6443367004394531,0.0389099270105361,0.0,0.8455992341041565,1095,3421.2232889130246,0.8422303199768066,1,unknown
0.3523697555065155,0.1454935669898986,2.0060582160949707,0.0627035722136497,0.0,0.8386769890785217,1096,3424.278611643007,0.8415307402610779,1,unknown
0.3099644780158996,0.1354538053274154,1.7033827304840088,0.0417239442467689,0.0,0.6344831585884094,1097,3427.390594259021,0.8409786820411682,1,unknown
0.2149726450443267,0.0456072948873043,1.6536442041397097,0.040009319782257,0.0,0.5476758480072021,1098,3430.6409180160263,0.8404452204704285,1,unknown
0.2230324149131775,0.0863585546612739,1.3459224700927734,0.0208159368485212,0.0,0.4014517962932586,1099,3433.6149775180384,0.8400081396102905,1,unknown
0.2139784544706344,0.0707620605826377,1.406589150428772,0.0255747530609369,0.0,0.7084842920303345,1100,3436.7966663420084,0.839633584022522,1,unknown
0.2866694331169128,0.1291308403015136,1.5341439247131348,0.0412417873740196,0.0,1.145278811454773,1101,3439.909824748989,0.8393464684486389,1,unknown
0.2981408834457397,0.156391903758049,1.3912168741226196,0.0262727867811918,0.0,0.656335175037384,1102,3442.880200898042,0.8391735553741455,1,unknown
0.2872103750705719,0.0976694449782371,1.8423417806625368,0.0530676655471324,0.0,1.3460789918899536,1103,3445.8345754560432,0.83892822265625,1,unknown
0.2882686853408813,0.1327362060546875,1.5212509632110596,0.0340739153325557,0.0,0.9788771271705629,1104,3449.0976057689986,0.8386811017990112,1,unknown
0.259562611579895,0.093858852982521,1.6184704303741455,0.0385669693350791,0.0,0.6191096901893616,1105,3452.066319177044,0.8386547565460205,1,unknown
0.2659909129142761,0.1063894927501678,1.561943531036377,0.034070685505867,0.0,0.8449344635009766,1106,3455.0576920169988,0.8385810852050781,1,unknown
0.3093277812004089,0.1472305357456207,1.5840615034103394,0.0369110032916069,0.0,0.632527768611908,1107,3457.989216268994,0.8385904431343079,1,unknown
0.2146925032138824,0.075437344610691,1.3653234243392944,0.0272280145436525,0.0,0.6212923526763916,1108,3461.133605409006,0.8386380076408386,1,unknown
0.4987396001815796,0.1943483501672744,2.92380952835083,0.1201028153300285,0.0,1.1280694007873535,1109,3464.05231905001,0.8387544751167297,0,unknown
0.4538092315196991,0.2759323120117187,1.7307604551315308,0.0480083599686622,0.0,0.8829770684242249,1110,3467.124751797004,0.8387779593467712,1,unknown
0.2660311162471771,0.1010721325874328,1.6099811792373655,0.0396085046231746,0.0,1.0893498659133911,1111,3470.088650960009,0.8389588594436646,1,unknown
0.2346541434526443,0.0776939541101455,1.532829999923706,0.0367717668414115,0.0,1.026355862617493,1112,3473.2704973520013,0.8392123579978943,1,unknown
0.2464050501585006,0.0560501143336296,1.8505990505218504,0.052950270473957,0.0,0.5556984543800354,1113,3476.384559001017,0.8395611047744751,1,unknown
0.3440568447113037,0.1886466443538665,1.5225887298583984,0.031512826681137,0.0,0.8783169388771057,1114,3479.3985558790155,0.839856743812561,1,unknown
0.274574339389801,0.1116814091801643,1.5937410593032837,0.0351885259151458,0.0,0.5370668768882751,1115,3482.3988191059907,0.8400357961654663,1,unknown
0.2605343163013458,0.1073389500379562,1.501772165298462,0.0301816258579492,0.0,0.4135375618934631,1116,3485.596531916992,0.8402808904647827,1,unknown
0.2244524359703064,0.0491840355098247,1.7039453983306885,0.0487384721636772,0.0,0.5485305190086365,1117,3488.578778391995,0.8404477834701538,1,unknown
0.2627150416374206,0.1009926497936248,1.5802700519561768,0.0369541123509407,0.0,0.4319434463977813,1118,3491.533987970033,0.8406578302383423,1,unknown
0.3204392194747925,0.153359368443489,1.6297847032546997,0.0410135798156261,0.0,0.9600597023963928,1119,3494.6277834390057,0.8410921692848206,1,unknown
0.2428250610828399,0.0802215263247489,1.587592840194702,0.0384422652423381,0.0,0.803494393825531,1120,3497.8516382270027,0.8416591882705688,1,unknown
0.2487474381923675,0.0804906263947486,1.6426541805267334,0.0399138443171978,0.0,0.4509856104850769,1121,3500.8383088870323,0.8421384692192078,1,unknown
0.3556621670722961,0.1283279359340667,2.177075862884521,0.0962662249803543,0.0,0.9802895784378052,1122,3503.757551599003,0.8423374891281128,0,unknown
0.2365755438804626,0.0550886914134025,1.766932487487793,0.0479357652366161,0.0,0.7629018425941467,1123,3506.7130210270407,0.8425162434577942,1,unknown
0.3355253040790558,0.169176697731018,1.6315414905548096,0.0319444984197616,0.0,0.5855915546417236,1124,3509.669323900016,0.8427719473838806,1,unknown
0.2610235214233398,0.0901914685964584,1.66163432598114,0.0466863587498664,0.0,0.6305913329124451,1125,3512.821873521025,0.8429471254348755,1,unknown
0.2689427137374878,0.1292516887187957,1.3699251413345337,0.0269850883632898,0.0,0.4622757136821747,1126,3515.8897523350315,0.8430191278457642,1,unknown
0.3101042509078979,0.162705659866333,1.4471672773361206,0.0268183853477239,0.0,0.5872873663902283,1127,3518.785874099005,0.8430764675140381,1,unknown
0.2637195587158203,0.0986824706196785,1.613605499267578,0.0367651432752609,0.0,0.8111652135848999,1128,3521.7663660729886,0.8434130549430847,1,unknown
0.3555341362953186,0.2040249705314636,1.4785341024398804,0.0365574583411216,0.0,0.8004122972488403,1129,3525.032054275041,0.8437095880508423,1,unknown
0.2775065302848816,0.1214731857180595,1.5276949405670166,0.0326384156942367,0.0,0.6661415696144104,1130,3527.9834890160128,0.84400874376297,1,unknown
0.3977399468421936,0.2223744839429855,1.7147564888000488,0.0388979278504848,0.0,0.6499123573303223,1131,3531.073654398031,0.8442537188529968,1,unknown
0.3162964582443237,0.1380778402090072,1.7345203161239624,0.0476657040417194,0.0,0.9093719124794006,1132,3534.043091494008,0.8442621827125549,1,unknown
0.3266950845718384,0.1526283919811248,1.6954562664031982,0.045210625976324,0.0,1.102967381477356,1133,3537.309926877031,0.8439182639122009,1,unknown
0.2778151333332062,0.0785123705863952,1.937981128692627,0.055046547204256,0.0,0.7011669874191284,1134,3540.3844668979877,0.8435741662979126,1,unknown
0.3404110074043274,0.1701907664537429,1.653964638710022,0.0482373721897602,0.0,0.7684789299964905,1135,3543.39698932902,0.8432455062866211,1,unknown
0.2017244100570678,0.044273518025875,1.5389738082885742,0.0355349220335483,0.0,0.4069900810718536,1136,3546.851456571021,0.8429954648017883,1,unknown
0.2263181060552597,0.0772392526268959,1.460450291633606,0.030338242650032,0.0,0.5833780169487,1137,3550.535130992997,0.842786967754364,1,unknown
0.2685830295085907,0.1063740700483322,1.5795409679412842,0.0425486601889133,0.0,0.6670364141464233,1138,3553.967739870015,0.8426417112350464,1,unknown
0.2642754316329956,0.0936369523406028,1.661200761795044,0.0451838821172714,0.0,0.5839148163795471,1139,3557.419403491018,0.8426763415336609,1,unknown
0.2479894906282425,0.0862835124135017,1.5814378261566162,0.0356220081448555,0.0,0.8395876288414001,1140,3560.856643834035,0.8426066040992737,1,unknown
0.2193754613399505,0.0570329576730728,1.5853091478347778,0.0381159372627735,0.0,0.4643847346305847,1141,3564.519054229022,0.842584490776062,1,unknown
0.3425860404968261,0.2049620449542999,1.351096272468567,0.0251431949436664,0.0,0.5870079398155212,1142,3567.9576046740403,0.8425819873809814,1,unknown
0.2352382987737655,0.0525005161762237,1.7854506969451904,0.0419271141290664,0.0,0.5524378418922424,1143,3571.362528805039,0.8426498174667358,1,unknown
0.2395844459533691,0.0549120008945465,1.7942651510238647,0.0524591356515884,0.0,0.6198708415031433,1144,3574.718509268016,0.8427135944366455,1,unknown
0.266358733177185,0.1007541418075561,1.6164541244506836,0.0395921058952808,0.0,0.6239885687828064,1145,3578.3947232830105,0.8428457379341125,1,unknown
0.2394121587276458,0.0824338421225547,1.5361146926879885,0.0336685478687286,0.0,0.497791051864624,1146,3581.815015408036,0.8430029153823853,1,unknown
0.4511005878448486,0.1598445028066635,2.765291452407837,0.1472693830728531,0.0,0.9215911626815796,1147,3585.060342386016,0.8436471223831177,0,unknown
0.3056209981441498,0.1119048148393631,1.881686210632324,0.0554757490754127,0.0,0.9881130456924438,1148,3588.485686796019,0.8443949222564697,1,unknown
0.2541240453720093,0.0727765187621116,1.7649903297424316,0.0484849996864795,0.0,0.503176748752594,1149,3591.935733248014,0.8450616002082825,1,unknown
0.2468105256557464,0.0839583426713943,1.5916945934295654,0.036827377974987,0.0,0.528520405292511,1150,3595.5836314710323,0.8458176255226135,1,unknown
0.2077172398567199,0.0689802393317222,1.3611509799957275,0.026219068095088,0.0,0.4601490795612335,1151,3599.0073443999863,0.8465151786804199,1,unknown
0.279123306274414,0.1072192937135696,1.6762527227401731,0.0427872613072395,0.0,0.4665723443031311,1152,3602.360778236005,0.8471277356147766,1,unknown
0.5581054091453552,0.2702341973781585,2.762120008468628,0.1165913492441177,0.0,1.3286772966384888,1153,3605.564760403999,0.8478500843048096,0,unknown
0.2221139967441558,0.0637860223650932,1.5539507865905762,0.0293289497494697,0.0,0.5005850195884705,1154,3609.2678035410354,0.84858238697052,1,unknown
0.2096516191959381,0.0600050799548625,1.4659820795059204,0.0304832849651575,0.0,0.7269219756126404,1155,3612.702053591027,0.8492639064788818,1,unknown
0.3489999771118164,0.1610441654920578,1.818986177444458,0.0605719462037086,0.0,0.8723474740982056,1156,3616.1397482620087,0.849982500076294,1,unknown
0.2157294750213623,0.0445103906095027,1.6671791076660156,0.0450116768479347,0.0,0.8754016160964966,1157,3619.5871368420194,0.85078364610672,1,unknown
0.3166599571704864,0.1597747355699539,1.53088116645813,0.0379710681736469,0.0,0.5781322121620178,1158,3623.2534387370106,0.851518452167511,1,unknown
0.2733168005943298,0.0871546491980552,1.8064854145050049,0.0551364719867706,0.0,0.9264779686927797,1159,3626.705301137001,0.8522568941116333,1,unknown
0.3671797811985016,0.2050474286079406,1.573874592781067,0.0474489703774452,0.0,0.9094852805137634,1160,3630.020850661036,0.8527947664260864,1,unknown
0.3053928911685943,0.1725021004676818,1.3017578125,0.0271498560905456,0.0,0.7961952686309814,1161,3633.4198355810368,0.8532620668411255,1,unknown
0.2391584366559982,0.0821013674139976,1.5390474796295166,0.0315232686698436,0.0,0.5918338298797607,1162,3637.10150065599,0.853692889213562,1,unknown
0.2335587441921234,0.0758454501628875,1.5444880723953247,0.0326448641717433,0.0,0.8430138826370239,1163,3640.5171446439927,0.8540082573890686,1,unknown
0.2168491035699844,0.0511434376239776,1.6204310655593872,0.036625538021326,0.0,0.7780178785324097,1164,3643.937701083021,0.854249894618988,1,unknown
0.4258879721164703,0.1718721836805343,2.437633752822876,0.1025241017341613,0.0,2.1269280910491943,1165,3647.126322041033,0.8543939590454102,0,unknown
0.2578233182430267,0.0850242227315902,1.669492244720459,0.0584985204041004,0.0,0.758137583732605,1166,3650.804115592037,0.8545207381248474,1,unknown
0.2315171360969543,0.0753420442342758,1.526781678199768,0.0349694155156612,0.0,0.9078025221824646,1167,3654.1187085370175,0.8544173240661621,1,unknown
0.3833432197570801,0.1905292719602584,1.8723247051239011,0.0558150820434093,0.0,0.8028273582458496,1168,3657.415439241042,0.8542921543121338,1,unknown
0.2835057079792022,0.1450342983007431,1.350451946258545,0.0342622473835945,0.0,0.4597851932048797,1169,3660.9984242820074,0.8541841506958008,1,unknown
0.2266800999641418,0.1125311553478241,1.1220859289169312,0.0194032546132802,0.0,0.6768417954444885,1170,3664.70255620603,0.8541026711463928,1,unknown
0.2276098728179931,0.0727565139532089,1.5079987049102783,0.0405348949134349,0.0,0.7467025518417358,1171,3668.1227511930047,0.8539858460426331,1,unknown
0.1915033608675003,0.0442027524113655,1.4419550895690918,0.0310509800910949,0.0,0.6147875189781189,1172,3671.501448821044,0.8538514375686646,1,unknown
0.2500006258487701,0.0961701944470405,1.503455400466919,0.0348484739661216,0.0,0.542047917842865,1173,3674.919884286006,0.8537184000015259,1,unknown
0.2747243642807007,0.0340090245008468,2.316272735595703,0.0908805280923843,0.0,0.5639162659645081,1174,3678.16549948504,0.8537712693214417,0,unknown
0.3182470202445984,0.1551580280065536,1.5926029682159424,0.0382866561412811,0.0,0.7796491384506226,1175,3681.855718256033,0.853794276714325,1,unknown
0.2522517144680023,0.0722903609275817,1.756064772605896,0.0435489378869533,0.0,0.4907233417034149,1176,3685.304703111004,0.8537828326225281,1,unknown
0.2155655771493911,0.050109464675188,1.6201759576797483,0.0343850888311862,0.0,0.4493682086467743,1177,3688.73254219204,0.8538462519645691,1,unknown
0.2207631915807724,0.0633505061268806,1.5371509790420532,0.0369758009910583,0.0,0.7758107781410217,1178,3692.072609689029,0.853883683681488,1,unknown
0.287622332572937,0.1330623775720596,1.5135934352874756,0.0320061109960079,0.0,0.4112769961357116,1179,3695.773753485002,0.8539713621139526,1,unknown
0.3032351732254028,0.1312262266874313,1.6727218627929688,0.0473672375082969,0.0,0.8145331144332886,1180,3699.2164353909902,0.8540879487991333,1,unknown
0.2433920353651046,0.0830886885523796,1.563356876373291,0.0396764874458313,0.0,0.4651109576225281,1181,3702.619589004025,0.8541679978370667,1,unknown
0.2605232894420624,0.1019813120365142,1.5513144731521606,0.0341049768030643,0.0,0.5709397196769714,1182,3705.990123832016,0.8541392683982849,1,unknown
0.2973977029323578,0.1422732472419738,1.5173709392547607,0.033873975276947,0.0,0.912892758846283,1183,3709.600919247023,0.8541032075881958,1,unknown
0.1983098685741424,0.0533577874302864,1.423215627670288,0.0263050999492406,0.0,0.5542911887168884,1184,3713.041972036008,0.8540070652961731,1,unknown
0.2345602214336395,0.0816061645746231,1.5009859800338743,0.0285548940300941,0.0,0.6795158982276917,1185,3716.4167079179897,0.8538843393325806,1,unknown
0.256385862827301,0.1079366207122802,1.4528677463531494,0.0316248089075088,0.0,0.6125803589820862,1186,3719.731317872997,0.8537862300872803,1,unknown
0.1854591220617294,0.0539395585656166,1.2904529571533203,0.0247429031878709,0.0,0.5559527277946472,1187,3723.41339394002,0.8537273406982422,1,unknown
0.2943919003009796,0.1506354808807373,1.408539056777954,0.0290250945836305,0.0,0.6209018230438232,1188,3726.487523860007,0.8536690473556519,1,unknown
0.4191704094409942,0.134734034538269,2.715824842453003,0.128538966178894,0.0,0.7878322005271912,1189,3729.460389960034,0.8527657389640808,0,unknown
0.488984614610672,0.3327149152755737,1.5309032201766968,0.0317935831844806,0.0,1.7538163661956787,1190,3732.402365782007,0.8519952297210693,1,unknown
0.2527299523353576,0.0897417888045311,1.5884363651275637,0.0414453260600566,0.0,0.5046787858009338,1191,3735.694207069988,0.8512414693832397,1,unknown
0.2125001549720764,0.0536351911723613,1.5541096925735474,0.0345397144556045,0.0,0.7515076994895935,1192,3738.797643373022,0.8505529761314392,1,unknown
0.2580808699131012,0.0942251458764076,1.602614402770996,0.0359430164098739,0.0,0.5701623558998108,1193,3741.461854348018,0.8500174283981323,1,unknown
0.2443823516368866,0.0706523656845092,1.696462631225586,0.0408371835947036,0.0,0.8065399527549744,1194,3744.355333927029,0.8495926260948181,1,unknown
0.3381367325782776,0.0801028534770011,2.4823546409606934,0.0979841947555542,0.0,0.8566073179244995,1195,3746.948162048997,0.8485881686210632,0,unknown
0.2471886575222015,0.076347216963768,1.66667902469635,0.0417353175580501,0.0,0.5763822197914124,1196,3749.767145180027,0.8476531505584717,1,unknown
0.2591267824172973,0.1281658262014389,1.2872438430786133,0.0223655756562948,0.0,0.5910224914550781,1197,3752.378066078003,0.8468813300132751,1,unknown
0.2057762444019317,0.045792132616043,1.561211347579956,0.0386297404766082,0.0,0.4621711075305938,1198,3755.011847602029,0.846200168132782,1,unknown
0.3461986780166626,0.1003364473581314,2.3557653427124023,0.1028568670153617,0.0,0.9318308234214784,1199,3757.762464956031,0.8463449478149414,0,unknown
0.2307098358869552,0.0528863780200481,1.7287356853485107,0.0494987219572067,0.0,0.6234837174415588,1200,3760.554059141025,0.8464078903198242,1,unknown
0.2604244947433471,0.0931658297777175,1.6367006301879885,0.0358856581151485,0.0,0.6476655006408691,1201,3763.177415451035,0.8465067744255066,1,unknown
0.2885889410972595,0.1217118799686431,1.6276278495788574,0.0411430560052394,0.0,0.7650079131126404,1202,3765.8014302030206,0.8467017412185669,1,unknown
0.2620573937892914,0.0860197469592094,1.714569330215454,0.0458072461187839,0.0,0.5586609244346619,1203,3768.4239088360337,0.846996545791626,1,unknown
0.284687340259552,0.1067303940653801,1.725872039794922,0.0536970794200897,0.0,0.7677279710769653,1204,3770.766624428041,0.8472334146499634,1,unknown
0.2515750527381897,0.1075016781687736,1.4128689765930176,0.0278646443039178,0.0,0.9073944091796876,1205,3773.377870770986,0.8473888039588928,1,unknown
0.2520245313644409,0.1050052195787429,1.4361627101898191,0.0340301543474197,0.0,0.919152855873108,1206,3776.027552866028,0.8477739691734314,1,unknown
0.320802092552185,0.1443112641572952,1.718144774436951,0.0467634201049804,0.0,1.0109381675720217,1207,3778.763950633991,0.8481870889663696,1,unknown
0.2811146378517151,0.0919004529714584,1.841501235961914,0.0506405681371688,0.0,0.8304277658462524,1208,3781.990388628037,0.8487276434898376,1,unknown
0.2097769230604171,0.0458130128681659,1.6037336587905884,0.0359055697917938,0.0,0.7069176435470581,1209,3784.726614403015,0.8491865992546082,1,unknown
0.2139714509248733,0.0557542592287063,1.5540006160736084,0.0281713102012872,0.0,0.5258837342262268,1210,3787.451420654019,0.8496704697608948,1,unknown
0.2069746553897857,0.0618863590061664,1.421891212463379,0.0289916899055242,0.0,0.4710105061531067,1211,3790.134248754999,0.8501200675964355,1,unknown
0.2054279297590255,0.064468502998352,1.38438618183136,0.0252081453800201,0.0,0.7771124243736267,1212,3792.942295468005,0.8505204916000366,1,unknown
0.2862669825553894,0.1185488700866699,1.636941909790039,0.0402396507561206,0.0,1.0187186002731323,1213,3796.220586482028,0.8508856892585754,1,unknown
0.2561119198799133,0.0765770971775055,1.7401129007339478,0.0552351027727127,0.0,0.7672784328460693,1214,3799.2066457599863,0.8512641191482544,1,unknown
0.2417500764131546,0.1075478419661521,1.317061424255371,0.0249607153236866,0.0,0.4343833327293396,1215,3802.221163408016,0.8515241146087646,1,unknown
0.1926959455013275,0.0514383800327777,1.386698842048645,0.0258768741041421,0.0,0.5371957421302795,1216,3805.694182182022,0.8518383502960205,1,unknown
0.2939030528068542,0.0952319428324699,1.9236785173416135,0.0630323886871337,0.0,0.65633225440979,1217,3808.821354057,0.8520010709762573,1,unknown
0.2006611973047256,0.0609372742474079,1.3716717958450315,0.0255673807114362,0.0,0.5457761883735657,1218,3810.949407684034,0.8521587252616882,1,unknown
0.4454837739467621,0.1803971081972122,2.549675464630127,0.1011910736560821,0.0,0.569712221622467,1219,3813.551711882989,0.8517180681228638,0,unknown
0.233416199684143,0.0918422639369964,1.3915462493896484,0.0241931453347206,0.0,0.6290745139122009,1220,3816.687443781004,0.8513858914375305,1,unknown
0.2273620963096618,0.0804765000939369,1.443488359451294,0.0253674853593111,0.0,0.8221139907836914,1221,3819.942514944996,0.8510799407958984,1,unknown
0.2205348908901214,0.0746451169252395,1.426944375038147,0.0319533385336399,0.0,0.541351854801178,1222,3823.065449301037,0.8507615327835083,1,unknown
0.2425320893526077,0.0978308171033859,1.4222452640533447,0.0247673615813255,0.0,0.4012332260608673,1223,3826.06999735802,0.8505285978317261,1,unknown
0.3940998017787933,0.1379992514848709,2.4496357440948486,0.1113696321845054,0.0,0.9930668473243712,1224,3828.696235459997,0.8491548299789429,0,unknown
0.223917618393898,0.088450588285923,1.3291972875595093,0.0254730395972728,0.0,0.5039160847663879,1225,3831.465280778997,0.8479484915733337,1,unknown
0.3066407442092895,0.1571070849895477,1.46374773979187,0.0315888226032257,0.0,0.6041271686553955,1226,3834.080682485015,0.8468007445335388,1,unknown
0.2428429126739502,0.1004137843847274,1.3982363939285278,0.0260548815131187,0.0,0.4550256133079529,1227,3836.699821265997,0.8458342552185059,1,unknown
0.2203652113676071,0.0869266912341117,1.3102548122406006,0.0241305697709321,0.0,0.7808375954627991,1228,3839.300012148044,0.8450184464454651,1,unknown
0.2858970165252685,0.1342318207025528,1.485580563545227,0.0310712177306413,0.0,0.7800244688987732,1229,3842.063184723025,0.8443002700805664,1,unknown
0.2997275292873382,0.1441327631473541,1.518172264099121,0.0377750992774963,0.0,0.6366385817527771,1230,3844.845125516004,0.8435867428779602,1,unknown
0.297615110874176,0.1288669854402542,1.645763635635376,0.0417171753942966,0.0,0.7146176695823669,1231,3847.795468141034,0.8429245352745056,1,unknown
0.248471513390541,0.1011355891823768,1.4462143182754517,0.0271448027342557,0.0,0.5921797752380371,1232,3850.8280477389926,0.8424051403999329,1,unknown
0.2692046761512756,0.1313137263059616,1.354686975479126,0.0242223497480154,0.0,0.6504494547843933,1233,3853.726620275993,0.8419147729873657,1,unknown
0.1966115832328796,0.0406416691839695,1.524523377418518,0.0351756550371646,0.0,0.5879746079444885,1234,3856.850432048028,0.8413569331169128,1,unknown
0.2644286453723907,0.1326117515563964,1.2961512804031372,0.0220175478607416,0.0,0.5074514746665955,1235,3859.826151198999,0.8407602906227112,1,unknown
0.2007354646921157,0.0546029545366764,1.435736060142517,0.0255889371037483,0.0,0.5927281379699707,1236,3862.67856486002,0.8402496576309204,1,unknown
0.2751501202583313,0.1396329849958419,1.3305602073669434,0.024611072614789,0.0,0.5431303977966309,1237,3865.817569211009,0.8398116827011108,1,unknown
0.2349949777126312,0.0752640292048454,1.5513601303100586,0.0459491796791553,0.0,0.6000166535377502,1238,3868.903011569986,0.8394971489906311,1,unknown
0.2110370248556137,0.0491232685744762,1.586888074874878,0.0322494022548198,0.0,0.4479670524597168,1239,3871.5282612710143,0.8392327427864075,1,unknown
0.2958783507347107,0.1352757960557937,1.5708537101745603,0.0351718813180923,0.0,0.6072788834571838,1240,3874.331055140996,0.8390081524848938,1,unknown
0.2967393100261688,0.1430775225162506,1.5061973333358765,0.0304206889122724,0.0,0.6048359870910645,1241,3877.059949663002,0.8388614058494568,1,unknown
0.2452766150236129,0.0937118232250213,1.4880777597427368,0.0275703780353069,0.0,0.5648590922355652,1242,3879.982007422019,0.8387853503227234,1,unknown
0.3214393258094787,0.1597447693347931,1.5786279439926147,0.0383177362382411,0.0,0.5777799487113953,1243,3882.0927991550416,0.8386942148208618,1,unknown
0.4259387850761413,0.1501947492361068,2.654260873794556,0.1031793355941772,0.0,0.932609498500824,1244,3884.550048375037,0.839617133140564,0,unknown
0.4044296741485595,0.240487664937973,1.60127055644989,0.0381496138870716,0.0,0.7524330615997314,1245,3887.3403161400342,0.8404533863067627,1,unknown
0.1886534243822097,0.0498906522989273,1.362569808959961,0.025057865306735,0.0,0.4400292038917541,1246,3890.386903184,0.8412100672721863,1,unknown
0.2796642184257507,0.1305647790431976,1.4567257165908811,0.0342688262462616,0.0,0.5533876419067383,1247,3893.553383021034,0.8418872356414795,1,unknown
0.3702893853187561,0.1124159693717956,2.4782168865203857,0.1005171611905098,0.0,0.7447691559791565,1248,3896.442582933989,0.842613935470581,0,unknown
0.2721734941005707,0.1365803778171539,1.3336565494537354,0.0222744047641754,0.0,0.5008434653282166,1249,3899.622418373008,0.8432751297950745,1,unknown
0.3759528994560241,0.2030563801527023,1.684417724609375,0.0445477217435836,0.0,0.68709796667099,1250,3902.807136541989,0.843963086605072,1,unknown
0.2568547427654266,0.1070989519357681,1.4700759649276731,0.0274820495396852,0.0,0.5784928202629089,1251,3905.8811750439927,0.8446337580680847,1,unknown
0.3570871353149414,0.2036519199609756,1.503874659538269,0.0304778777062892,0.0,0.6535472869873047,1252,3908.9779851930216,0.8453041315078735,1,unknown
0.1912896782159805,0.0398639179766178,1.481835126876831,0.0324223600327968,0.0,0.9746352434158324,1253,3912.0137412039912,0.8459844589233398,1,unknown
0.3006764948368072,0.128467708826065,1.6784805059432983,0.0436071902513504,0.0,0.569227397441864,1254,3915.1886559959967,0.846683919429779,1,unknown
0.2836983203887939,0.1134702339768409,1.6649441719055176,0.0373366139829158,0.0,0.4532594382762909,1255,3917.814506825991,0.8473247289657593,1,unknown
0.2749589681625366,0.1271854192018509,1.4461404085159302,0.0315951853990554,0.0,0.7226997017860413,1256,3920.438464632025,0.8478949666023254,1,unknown
0.2107198536396026,0.0552580431103706,1.519946813583374,0.0346712991595268,0.0,0.5553769469261169,1257,3923.062119037029,0.8484334349632263,1,unknown
0.2429009079933166,0.0827666670083999,1.5632705688476562,0.0380716621875762,0.0,0.5249529480934143,1258,3925.906642657006,0.8489331007003784,1,unknown
0.2003023326396942,0.043481308966875,1.5322372913360596,0.0359730049967765,0.0,0.5622527599334717,1259,3928.5376730129938,0.8494276404380798,1,unknown
0.2477165162563324,0.0684557855129242,1.7452802658081057,0.0473268963396549,0.0,0.4716968238353729,1260,3931.154710798001,0.8498167395591736,1,unknown
0.2941811084747314,0.1275271922349929,1.6305034160614014,0.0360356532037258,0.0,0.5253730416297913,1261,3933.465189033013,0.850182831287384,1,unknown
0.2053520083427429,0.0348012000322341,1.6624993085861206,0.0430085957050323,0.0,0.652091920375824,1262,3936.323892966029,0.8504274487495422,1,unknown
0.2143812030553817,0.0615920163691043,1.497101068496704,0.0307909026741981,0.0,0.4795057475566864,1263,3938.920408879989,0.8506466150283813,1,unknown
0.2544942796230316,0.1169800013303756,1.3513662815093994,0.0237765405327081,0.0,0.6696739196777344,1264,3941.018340851995,0.8508790135383606,1,unknown
0.257668673992157,0.1020059660077095,1.52630877494812,0.0303180236369371,0.0,0.4665648937225342,1265,3943.647977358021,0.8512000441551208,1,unknown
0.2298028171062469,0.0748182833194732,1.520053744316101,0.0297916308045387,0.0,0.4857809841632843,1266,3946.2463438670384,0.8515100479125977,1,unknown
0.2381968796253204,0.0815392658114433,1.5348161458969116,0.031760100275278,0.0,0.8603639006614685,1267,3949.02046641201,0.8518028855323792,1,unknown
0.2119172066450119,0.0306102596223354,1.7700963020324707,0.0429729558527469,0.0,0.6111716628074646,1268,3951.629088882008,0.8520761132240295,1,unknown
0.2402544021606445,0.0830161496996879,1.534308671951294,0.0380739383399486,0.0,0.4792312979698181,1269,3954.225145562028,0.8523213863372803,1,unknown
0.3039666712284088,0.0781968757510185,2.1699907779693604,0.0877070799469947,0.0,0.493843525648117,1270,3956.947279590997,0.8522342443466187,0,unknown
0.221625730395317,0.0613879933953285,1.569408655166626,0.0329686738550663,0.0,0.5616238117218018,1271,3959.697367260989,0.852104902267456,1,unknown
0.2078804522752761,0.0396992564201355,1.6428618431091309,0.0389499403536319,0.0,0.8617268204689026,1272,3962.312592130038,0.8518891930580139,1,unknown
0.2087371051311493,0.0706650167703628,1.3558717966079712,0.0248491074889898,0.0,0.5244314074516296,1273,3964.913628523005,0.8516519665718079,1,unknown
0.2845719158649444,0.135931134223938,1.4546194076538086,0.0317882224917411,0.0,0.4417125880718231,1274,3967.553321177024,0.8514469861984253,1,unknown
0.2446847558021545,0.097556248307228,1.4404497146606443,0.0308354161679744,0.0,0.5625935196876526,1275,3970.364073095028,0.8513361811637878,1,unknown
0.2512440383434295,0.0905570387840271,1.5756903886795044,0.0311794616281986,0.0,0.7231873869895935,1276,3972.967245587032,0.8512796759605408,1,unknown
0.2765540480613708,0.1128957197070121,1.595259666442871,0.0413233712315559,0.0,0.5678357481956482,1277,3975.592027773033,0.8513550758361816,1,unknown
0.2051628977060318,0.0383289605379104,1.6324162483215332,0.0359229743480682,0.0,0.515387237071991,1278,3978.2095003760182,0.8513619303703308,1,unknown
0.4222037196159363,0.1547620445489883,2.5769529342651367,0.0974641069769859,0.0,0.7428674101829529,1279,3980.828895017039,0.85170578956604,0,unknown
0.2110121250152588,0.0439601093530654,1.63339102268219,0.0371290333569049,0.0,0.6313338875770569,1280,3983.4370098370127,0.8520194888114929,1,unknown
0.216030016541481,0.0517302900552749,1.6008803844451904,0.0421168841421604,0.0,0.4625007510185241,1281,3986.093053385033,0.8523330092430115,1,unknown
0.2805593907833099,0.1379884481430053,1.399285078048706,0.0264242142438888,0.0,0.484897643327713,1282,3988.84558635304,0.8526239395141602,1,unknown
0.5755232572555542,0.3415388166904449,2.240647315979004,0.0991973504424095,0.0,1.135274887084961,1283,3991.868446758017,0.8506583571434021,0,unknown
0.191034123301506,0.0256737023591995,1.6127886772155762,0.0408157259225845,0.0,0.8344734907150269,1284,3994.570810370031,0.8489468693733215,1,unknown
0.2944019436836242,0.1469325870275497,1.4477424621582031,0.0269512757658958,0.0,0.5460237860679626,1285,3997.247721325024,0.8474804162979126,1,unknown
0.2536075413227081,0.1062890067696571,1.4444286823272705,0.0287565235048532,0.0,0.6590015292167664,1286,3999.531184204039,0.8463109135627747,1,unknown
0.2384079098701477,0.0947509109973907,1.4102600812911987,0.0263098049908876,0.0,0.4676050841808319,1287,4002.143931806029,0.8453400731086731,1,unknown
0.2550906240940094,0.0988995730876922,1.525102972984314,0.0368075966835022,0.0,0.4955210387706756,1288,4004.453693702992,0.8444465398788452,1,unknown
0.3964491486549377,0.224523440003395,1.6756681203842163,0.0435890220105648,0.0,1.196766018867493,1289,4007.059665039007,0.8437935709953308,1,unknown
0.2432798445224762,0.0896868705749511,1.5072089433670044,0.0287206936627626,0.0,0.4144885838031769,1290,4009.6743673410383,0.8432974815368652,1,unknown
0.2148110270500183,0.0766431018710136,1.355571985244751,0.0261072386056184,0.0,0.4730272889137268,1291,4012.297742424009,0.8429147601127625,1,unknown
0.2596373260021209,0.1098587214946746,1.465850591659546,0.0319354832172393,0.0,0.489934891462326,1292,4015.0597145649954,0.8426318764686584,1,unknown
0.2066925764083862,0.0404075421392917,1.6291370391845703,0.0337132588028907,0.0,0.4825498759746551,1293,4017.7237786840415,0.8424593806266785,1,unknown
0.3190134167671203,0.1529596894979477,1.6251635551452637,0.035373754799366,0.0,0.4942133128643036,1294,4020.3328672070056,0.842379629611969,1,unknown
0.1842157393693924,0.0241436846554279,1.5682330131530762,0.032487466931343,0.0,0.4129257798194885,1295,4023.085407000035,0.8422560691833496,1,unknown
0.2598953545093536,0.1188735365867614,1.3849278688430786,0.0252904258668422,0.0,0.538086473941803,1296,4025.841049402021,0.8422417044639587,1,unknown
0.4541626274585724,0.1712897568941116,2.7273199558258057,0.1014088541269302,0.0,1.2656859159469604,1297,4028.2792079340434,0.8423146605491638,0,unknown
0.206966757774353,0.068178616464138,1.360703706741333,0.0271778237074613,0.0,0.5082105994224548,1298,4030.8968111200375,0.8423401117324829,1,unknown
0.2196745574474334,0.0651105120778083,1.5063122510910034,0.0393282882869243,0.0,0.5458259582519531,1299,4033.500024362991,0.8423131704330444,1,unknown
0.2302025854587555,0.0761655122041702,1.5112545490264893,0.0291162729263305,0.0,0.4966320991516113,1300,4036.2771587659954,0.8423546552658081,1,unknown
0.3473964333534241,0.1895766854286193,1.5412102937698364,0.0369872562587261,0.0,0.7811723351478577,1301,4038.899565856031,0.8423895239830017,1,unknown
0.2351500540971756,0.0956895053386688,1.3656142950057983,0.0289909224957227,0.0,0.5277517437934875,1302,4041.5373229520046,0.8425818085670471,1,unknown
0.2100010961294174,0.0818969905376434,1.2556540966033936,0.0253869630396366,0.0,0.5379266142845154,1303,4044.172719046997,0.8427793383598328,1,unknown
0.2048584222793579,0.0449928678572177,1.5657501220703125,0.0329051800072193,0.0,0.6949964165687561,1304,4047.021264309005,0.8430271744728088,1,unknown
0.3350915014743805,0.1987854391336441,1.3364160060882568,0.0266444254666566,0.0,0.6193162798881531,1305,4049.620156623016,0.8433375358581543,1,unknown
0.2353316992521286,0.0835854262113571,1.4885493516921997,0.0289133880287408,0.0,0.5481856465339661,1306,4052.24097725004,0.8436282873153687,1,unknown
0.2850492298603058,0.1183504536747932,1.625864028930664,0.0411238372325897,0.0,0.6012068390846252,1307,4054.995692823024,0.8439723253250122,1,unknown
0.2781306505203247,0.1300660967826843,1.447429656982422,0.0332160294055938,0.0,1.1045379638671875,1308,4058.204785062,0.8442040681838989,1,unknown
0.2594346106052398,0.1097987815737724,1.4613752365112305,0.0349829122424125,0.0,0.6229920387268066,1309,4061.18875159102,0.8443902730941772,1,unknown
0.2430797219276428,0.0663089156150817,1.722008228302002,0.0456999242305755,0.0,0.7950133681297302,1310,4063.922974863032,0.844510555267334,1,unknown
0.2177755236625671,0.0861905589699745,1.2937694787979126,0.0220800787210464,0.0,0.6083546280860901,1311,4066.911163541023,0.8446522951126099,1,unknown
0.2196284234523773,0.0618556849658489,1.546649932861328,0.0310774818062782,0.0,0.5038022398948669,1312,4069.882781888999,0.8447786569595337,1,unknown
0.2300010174512863,0.0745119974017143,1.520969271659851,0.0339209958910942,0.0,0.6912720203399658,1313,4073.072921677027,0.8445364236831665,1,unknown
0.2990239560604095,0.1227475926280021,1.7200908660888672,0.0426728650927543,0.0,1.3752373456954956,1314,4075.806713733007,0.8443224430084229,1,unknown
0.2950920164585113,0.1652202308177948,1.2767642736434937,0.0219534747302532,0.0,0.6916967630386353,1315,4078.5678753970415,0.8441230654716492,1,unknown
0.167502149939537,0.0325303450226783,1.323147535324097,0.0265705026686191,0.0,0.3994768261909485,1316,4081.183641789016,0.8439745306968689,1,unknown
0.1729785501956939,0.016551062464714,1.532717227935791,0.031557597219944,0.0,0.5171401500701904,1317,4083.520118885033,0.8439422249794006,1,unknown
0.2417154908180236,0.0890577584505081,1.4928699731826782,0.0337075404822826,0.0,0.4445142745971679,1318,4086.4876031880262,0.8440433144569397,1,unknown
0.28443044424057,0.1139105409383773,1.6639230251312256,0.0412757657468318,0.0,1.1264690160751345,1319,4089.245086237032,0.8440886735916138,1,unknown
0.293265163898468,0.1171640083193779,1.7168916463851929,0.044119693338871,0.0,0.6351568102836609,1320,4091.409917145036,0.8440777063369751,1,unknown
0.2466028928756714,0.0885233804583549,1.5463706254959106,0.0344243980944156,0.0,0.6132928729057312,1321,4094.1364152150345,0.8441959023475647,1,unknown
0.2786539196968078,0.1051114052534103,1.6982468366622925,0.0371781513094902,0.0,0.9213064908981324,1322,4096.92181989504,0.8443385362625122,1,unknown
0.247677281498909,0.1200586706399917,1.2548222541809082,0.0213638730347156,0.0,0.718346118927002,1323,4100.129754618043,0.844536542892456,1,unknown
0.2760124802589416,0.1317224502563476,1.4125465154647827,0.0303537733852863,0.0,0.6011621952056885,1324,4103.37250478199,0.8447906374931335,1,unknown
0.2857465445995331,0.1312826126813888,1.508010983467102,0.0366281755268573,0.0,0.5960595011711121,1325,4106.645972741011,0.8449978828430176,1,unknown
0.2606269717216491,0.1089425012469291,1.4837223291397097,0.0331224165856838,0.0,0.8923706412315369,1326,4109.826536740991,0.8451431393623352,1,unknown
0.3610251545906067,0.1860161274671554,1.7021890878677368,0.0479010716080665,0.0,0.7880119681358337,1327,4113.001264195016,0.8452179431915283,1,unknown
0.2508597671985626,0.0963950753211975,1.5104544162750244,0.0341925546526908,0.0,0.7962440848350525,1328,4116.37593660003,0.8452160954475403,1,unknown
0.2086707651615142,0.0463838279247283,1.5918786525726318,0.0309906397014856,0.0,0.5557927489280701,1329,4119.564158051042,0.8453578352928162,1,unknown
0.3265533149242401,0.1594139486551284,1.6283409595489502,0.0430527962744236,0.0,0.8301296830177307,1330,4122.500892091019,0.8458594083786011,1,unknown
0.2288329452276229,0.0866676792502403,1.3849579095840454,0.0366945751011371,0.0,0.4104922115802765,1331,4125.581145058037,0.8462809920310974,1,unknown
0.2710262238979339,0.1179930567741394,1.5015521049499512,0.0287797581404447,0.0,0.5668932795524597,1332,4128.871181957016,0.8466350436210632,1,unknown
0.3927401602268219,0.1219505816698074,2.6102333068847656,0.0976626351475715,0.0,0.6892216205596924,1333,4131.876087846991,0.8477455973625183,0,unknown
0.2767935991287231,0.1443398743867874,1.3029205799102783,0.0216167457401752,0.0,0.4183351397514343,1334,4134.937494228012,0.8487804532051086,1,unknown
0.2675328552722931,0.1335752755403518,1.3151603937149048,0.0244150534272193,0.0,0.7276649475097656,1335,4138.011540047999,0.8498455286026001,1,unknown
0.2472533583641052,0.1011425107717514,1.431546688079834,0.0295616500079631,0.0,0.735896646976471,1336,4141.082960959,0.8506824374198914,1,unknown
0.2317848950624466,0.0833436101675033,1.451374053955078,0.0330385453999042,0.0,0.4533407986164093,1337,4144.056788371992,0.8514232635498047,1,unknown
0.407580018043518,0.2450499683618545,1.5878015756607056,0.037499114871025,0.0,0.9589619636535645,1338,4147.2114166659885,0.8521412014961243,1,unknown
0.271843820810318,0.1085911616683006,1.5895800590515137,0.0429465174674987,0.0,0.6771847009658813,1339,4150.225704687997,0.8527441620826721,1,unknown
0.2395945191383361,0.101222425699234,1.3560223579406738,0.0276986025273799,0.0,0.4675931334495544,1340,4153.363020590041,0.853283166885376,1,unknown
0.2325679510831833,0.0628711059689521,1.6595873832702637,0.0373809449374675,0.0,0.5493722558021545,1341,4156.435509197996,0.8538203239440918,1,unknown
0.2511470913887024,0.0772908478975296,1.687174916267395,0.0513876527547836,0.0,0.8711737394332886,1342,4159.847732365015,0.8544152975082397,1,unknown
0.2578420341014862,0.1010556146502494,1.5376030206680298,0.0302611123770475,0.0,0.5377218723297119,1343,4162.809664721019,0.8550142049789429,1,unknown
0.1855771392583847,0.0330301187932491,1.4988913536071775,0.0265787579119205,0.0,0.5152539610862732,1344,4165.914557532989,0.855567455291748,1,unknown
0.235861450433731,0.0849532410502433,1.479177951812744,0.0299042928963899,0.0,0.4611854255199432,1345,4168.996338811994,0.8560455441474915,1,unknown
0.2473123967647552,0.1101894080638885,1.3482835292816162,0.0229464471340179,0.0,0.5220792889595032,1346,4172.205724850996,0.8565272092819214,1,unknown
0.2883867621421814,0.1329470574855804,1.5214276313781738,0.0329692550003528,0.0,0.7433381080627441,1347,4175.380207768991,0.8570011258125305,1,unknown
0.1912151426076889,0.0592355206608772,1.292398452758789,0.0273976102471351,0.0,0.5752213597297668,1348,4178.47036108101,0.8573037981987,1,unknown
0.1922167539596557,0.0478836297988891,1.4151349067687988,0.0281963907182216,0.0,0.5441694855690002,1349,4181.42971999303,0.8575863242149353,1,unknown
0.2384469509124755,0.0784733369946479,1.566746950149536,0.0329890213906765,0.0,0.5098773837089539,1350,4184.546059915039,0.8579343557357788,1,unknown
0.3892209827899933,0.1033825129270553,2.747200965881348,0.1111837178468704,0.0,1.8170682191848757,1351,4187.351147769019,0.8583329319953918,0,unknown
0.2219833433628082,0.0729356333613395,1.460970163345337,0.0295067857950925,0.0,0.5706711411476135,1352,4190.522514450015,0.8587793707847595,1,unknown
0.2726755738258362,0.109623946249485,1.597814917564392,0.0327014364302158,0.0,0.5544477105140686,1353,4193.677741041989,0.8592644333839417,1,unknown
0.3360063433647156,0.1958086639642715,1.3738332986831665,0.0281436294317245,0.0,0.9748353958129884,1354,4196.861430065997,0.8593527674674988,1,unknown
0.3206159770488739,0.1638286411762237,1.5357080698013306,0.0321656018495559,0.0,0.8836550712585449,1355,4199.82256433001,0.859565258026123,1,unknown
0.3178336024284363,0.1322350949048996,1.8076653480529783,0.0483194068074226,0.0,1.0356920957565308,1356,4202.773295723018,0.8594829440116882,1,unknown
0.3075433671474457,0.1269355714321136,1.7568069696426392,0.0492710955440998,0.0,0.5854513049125671,1357,4205.748800416011,0.8591876029968262,1,unknown
0.2303641587495803,0.0650354698300361,1.6143819093704224,0.0389050580561161,0.0,0.6866373419761658,1358,4208.917061880988,0.8588894009590149,1,unknown
0.2951350212097168,0.1448377966880798,1.4734933376312256,0.0294790100306272,0.0,0.6222009658813477,1359,4211.992616098025,0.8586549758911133,1,unknown
0.3898244798183441,0.1225833892822265,2.570610761642456,0.1018002927303314,0.0,1.175365924835205,1360,4214.781683335023,0.8596945405006409,0,unknown
0.3012759387493133,0.1754239499568939,1.239687204360962,0.0188325010240077,0.0,0.5783224105834961,1361,4217.852142771008,0.860695481300354,1,unknown
0.2651436924934387,0.1278246343135833,1.3491967916488647,0.0239937305450439,0.0,0.4553284049034118,1362,4220.837110267021,0.8616781830787659,1,unknown
0.2747468650341034,0.108189933001995,1.620409607887268,0.0451595969498157,0.0,0.5810313820838928,1363,4224.180587365001,0.8623952865600586,1,unknown
0.3616288602352142,0.1862667351961136,1.715548396110535,0.0380727834999561,0.0,0.6234276294708252,1364,4227.247352408012,0.8632665276527405,1,unknown
0.2228862196207046,0.0980749353766441,1.2285490036010742,0.0195638351142406,0.0,0.6445727944374084,1365,4230.206589467998,0.8640294075012207,1,unknown
0.2029170095920562,0.0734363198280334,1.2732794284820557,0.0215275753289461,0.0,0.5673790574073792,1366,4233.2759881269885,0.8648303747177124,1,unknown
0.3701954483985901,0.1959972381591797,1.6998597383499146,0.0421223305165767,0.0,0.6176459193229675,1367,4236.637379127031,0.8656033873558044,1,unknown
0.3787713646888733,0.1082548275589943,2.5779826641082764,0.1271828860044479,0.0,0.6785851120948792,1368,4239.419127559988,0.8663937449455261,0,unknown
0.2110745161771774,0.0788919776678085,1.2982261180877686,0.0235991571098566,0.0,0.6138626933097839,1369,4242.581014110998,0.8672246932983398,1,unknown
0.2588565051555633,0.1169737949967384,1.390972137451172,0.0278547704219818,0.0,0.6908354759216309,1370,4245.648406454013,0.8679865002632141,1,unknown
0.2562578320503235,0.1042319387197494,1.4801312685012815,0.0401276424527168,0.0,0.626151978969574,1371,4248.81613859802,0.8687589168548584,1,unknown
0.2487215399742126,0.0994890257716178,1.4622485637664795,0.0300765838474035,0.0,0.5034117102622986,1372,4251.793430021033,0.8695321679115295,1,unknown
0.4484984874725342,0.1882551908493042,2.504612445831299,0.0978197082877159,0.0,1.4840474128723145,1373,4254.646624730027,0.8706877827644348,0,unknown
0.2547555565834045,0.1231343224644661,1.290902018547058,0.0253103524446487,0.0,0.4800264537334442,1374,4258.265642334009,0.8716887831687927,1,unknown
0.1869136691093444,0.0420947186648845,1.415963649749756,0.0322256200015544,0.0,0.5152265429496765,1375,4261.625028631999,0.8726621270179749,1,unknown
0.2050797343254089,0.0595380216836929,1.4215744733810425,0.0338424779474735,0.0,0.5699798464775085,1376,4264.783411993994,0.8735041618347168,1,unknown
0.3511398732662201,0.0924849063158035,2.478907585144043,0.1076423376798629,0.0,1.2791318893432615,1377,4267.779760842037,0.8735910654067993,0,unknown
0.2118466198444366,0.0772562474012374,1.3166046142578125,0.0292991623282432,0.0,0.5483279824256897,1378,4270.787316634029,0.8736600875854492,1,unknown
0.2206624746322631,0.0744843184947967,1.4279184341430664,0.033863116055727,0.0,0.5866255760192871,1379,4273.991309034987,0.8737607598304749,1,unknown
0.2355530858039856,0.0675263181328773,1.643584966659546,0.0366826839745044,0.0,0.5883683562278748,1380,4277.218188712024,0.8737412095069885,1,unknown
0.3891003131866455,0.1356983780860901,2.446012020111084,0.0880073979496955,0.0,0.730258047580719,1381,4280.016239977034,0.8744621276855469,0,unknown
0.331120103597641,0.1982727795839309,1.3074527978897097,0.0210204571485519,0.0,0.5564523339271545,1382,4283.126043558004,0.8751024603843689,1,unknown
0.2166428416967392,0.0498745813965797,1.6251013278961182,0.0425812155008316,0.0,0.7928004860877991,1383,4286.253315487003,0.8758417963981628,1,unknown
0.2306921482086181,0.0691832974553108,1.581236481666565,0.0338519215583801,0.0,0.7505722045898438,1384,4289.421556799032,0.8764891624450684,1,unknown
0.1811296939849853,0.0345661118626594,1.4366294145584106,0.0290063768625259,0.0,0.4035666286945343,1385,4292.520147342992,0.8771883845329285,1,unknown
0.187416985630989,0.0479267053306102,1.3694508075714111,0.0254520829766988,0.0,0.67145836353302,1386,4295.502808875986,0.8778043985366821,1,unknown
0.2586444914340973,0.088000938296318,1.6622271537780762,0.0442084297537803,0.0,0.8623328804969788,1387,4298.831407341,0.8784429430961609,1,unknown
0.2467779368162155,0.0960273668169975,1.4775768518447876,0.0299289748072624,0.0,0.4956419169902801,1388,4302.112830387021,0.8790579438209534,1,unknown
0.2597392499446869,0.0988944694399833,1.5739388465881348,0.0345089212059974,0.0,0.7592402100563049,1389,4305.482434783015,0.8797274231910706,1,unknown
0.2268119007349014,0.061474286019802,1.6165540218353271,0.0368222780525684,0.0,0.7508448958396912,1390,4308.657741599018,0.8803581595420837,1,unknown
0.4038797318935394,0.1142413765192031,2.7728524208068848,0.1235312670469284,0.0,1.4585531949996948,1391,4311.863083933014,0.8799225687980652,0,unknown
0.2221428155899047,0.0622858703136444,1.5632647275924685,0.0353047251701355,0.0,0.61216139793396,1392,4315.305131995992,0.8795341849327087,1,unknown
0.2499943375587463,0.1011124849319458,1.4571768045425415,0.0316419601440429,0.0,0.436007559299469,1393,4318.455433094001,0.8792188167572021,1,unknown
0.2618654370307922,0.1075237095355987,1.507135272026062,0.036282017827034,0.0,0.5311722755432129,1394,4321.813890900987,0.8790555596351624,1,unknown
0.2277468293905258,0.0858571901917457,1.3921425342559814,0.0267537143081426,0.0,0.4965203106403351,1395,4325.248404424987,0.8789934515953064,1,unknown
0.2479634284973144,0.078865185379982,1.64754056930542,0.043441854417324,0.0,0.8194490075111389,1396,4328.4228042199975,0.8789231777191162,1,unknown
0.4281173348426819,0.1166098713874816,2.9707515239715576,0.1443227529525756,0.0,1.29703950881958,1397,4331.462498872017,0.8792940378189087,0,unknown
0.2040864378213882,0.060457207262516,1.4075967073440552,0.0286954641342163,0.0,0.5951859951019287,1398,4334.462251625024,0.8797469139099121,1,unknown
0.2515643537044525,0.0916505604982376,1.5637941360473633,0.0353438258171081,0.0,0.7801126837730408,1399,4337.421692030039,0.8801931738853455,1,unknown
0.2470031678676605,0.0871713310480117,1.5627753734588623,0.0355429388582706,0.0,0.6482868790626526,1400,4340.286710010027,0.8805253505706787,1,unknown
0.3143889904022217,0.0781046599149704,2.2619073390960693,0.1009361371397972,0.0,0.5455432534217834,1401,4343.065475220035,0.880940854549408,0,unknown
0.2941920161247253,0.1246393099427223,1.6543232202529907,0.0412036851048469,0.0,0.7441573143005371,1402,4346.044536816014,0.8813391923904419,1,unknown
0.1803240180015564,0.0370154976844787,1.401421308517456,0.0316638760268688,0.0,0.4108462929725647,1403,4348.764498644043,0.8817059397697449,1,unknown
0.2475588023662567,0.0832169353961944,1.599669337272644,0.0437493249773979,0.0,0.812438428401947,1404,4351.615041663987,0.8820903301239014,1,unknown
0.3330367505550384,0.1924324184656143,1.3787436485290527,0.0272997487336397,0.0,0.9831205606460572,1405,4354.508245958015,0.8824226260185242,1,unknown
0.2761591672897339,0.1009930446743965,1.7098510265350342,0.0418100170791149,0.0,0.5365228652954102,1406,4357.136020620004,0.882695198059082,1,unknown
0.3143306076526642,0.1509592682123184,1.5921409130096436,0.0415724851191043,0.0,1.032809138298035,1407,4359.227270517033,0.8831332921981812,1,unknown
0.4584377706050873,0.1991598159074783,2.5004093647003174,0.0923698171973228,0.0,0.9247241616249084,1408,4361.697836284991,0.8842068910598755,0,unknown
0.2451195567846298,0.087530143558979,1.542177438735962,0.0337168015539646,0.0,0.7341908812522888,1409,4364.44920338504,0.8852024078369141,1,unknown
0.2192474454641342,0.0686142072081565,1.4763911962509155,0.0299413185566663,0.0,0.4110220074653625,1410,4366.563236945018,0.8861018419265747,1,unknown
0.2934693396091461,0.1317623257637024,1.5845303535461426,0.0325398296117782,0.0,0.7756810784339905,1411,4369.47083970299,0.8868310451507568,1,unknown
0.284933865070343,0.1456869393587112,1.3676869869232178,0.0247824508696794,0.0,0.7792434096336365,1412,4372.095762554032,0.8875086307525635,1,unknown
0.2412386983633041,0.0791753828525543,1.5813851356506348,0.0392477214336395,0.0,0.595823347568512,1413,4374.888934966002,0.8881407976150513,1,unknown
0.2517511546611786,0.1128232106566429,1.3627257347106934,0.0265535190701484,0.0,0.5847882628440857,1414,4377.497325690987,0.8886808753013611,1,unknown
0.1743815541267395,0.0263317506760358,1.451583981513977,0.0289137698709964,0.0,0.6335673928260803,1415,4379.43609269202,0.8891159296035767,1,unknown
0.27720507979393,0.1063224971294403,1.6650021076202393,0.0438239499926567,0.0,0.9663004875183104,1416,4381.544510795036,0.8895304203033447,1,unknown
0.2345163077116012,0.0845357254147529,1.4670041799545288,0.0328014567494392,0.0,0.6563372015953064,1417,4384.288772288011,0.8899120688438416,1,unknown
0.2793804407119751,0.1263586729764938,1.5004957914352417,0.0297217331826686,0.0,0.566639244556427,1418,4386.921187055006,0.8902242183685303,1,unknown
0.206459030508995,0.0551230609416961,1.4842398166656494,0.0291198417544364,0.0,0.4842260181903839,1419,4388.862342145992,0.8905564546585083,1,unknown
0.2104280441999435,0.0436680652201175,1.6316578388214111,0.0359419472515583,0.0,0.3961237668991089,1420,4391.493860599992,0.8908323049545288,1,unknown
0.3697929680347442,0.2030348628759384,1.631120204925537,0.0364614948630332,0.0,0.8106213212013245,1421,4394.351462786028,0.8911293148994446,1,unknown
0.3210850656032562,0.1584950536489486,1.5905444622039795,0.035355307161808,0.0,0.9148407578468324,1422,4396.969716997992,0.8913607001304626,1,unknown
0.1490781009197235,0.0331683829426765,1.1409971714019775,0.0180999804288148,0.0,0.4684794247150421,1423,4399.595585184987,0.8914994597434998,1,unknown
0.2732962667942047,0.1342039704322815,1.3638715744018557,0.0270513873547315,0.0,0.8142423033714294,1424,4402.201392721036,0.8916253447532654,1,unknown
0.4223514795303345,0.26066854596138,1.5766539573669434,0.0401753559708595,0.0,0.9787283539772034,1425,4405.052920079033,0.8918090462684631,1,unknown
0.3575496971607208,0.1598682105541229,1.924112558364868,0.0527020245790481,0.0,0.8748255968093872,1426,4407.678679369041,0.8919946551322937,1,unknown
0.2233669012784958,0.0641978234052658,1.5588598251342771,0.0328308679163455,0.0,0.5714004039764404,1427,4410.293647725019,0.8921975493431091,1,unknown
0.3867601454257965,0.2132392972707748,1.6978659629821775,0.0373424254357814,0.0,0.862751841545105,1428,4413.227678270021,0.8923270106315613,1,unknown
0.2199012339115142,0.0812892317771911,1.3546462059020996,0.0314737036824226,0.0,0.5410690903663635,1429,4415.839992346009,0.8924099206924438,1,unknown
0.1847281455993652,0.0342633165419101,1.4765160083770752,0.0281320363283157,0.0,0.4266245067119598,1430,4418.660367444041,0.8924900889396667,1,unknown
0.2159986346960067,0.0846408680081367,1.2912732362747192,0.0223043411970138,0.0,0.5042717456817627,1431,4421.270403498027,0.8925394415855408,1,unknown
0.2334506809711456,0.0549621433019638,1.7455873489379885,0.0392982065677642,0.0,0.5925148129463196,1432,4424.033202934021,0.892511248588562,1,unknown
0.2867826223373413,0.1117540076375007,1.705482840538025,0.0448032654821872,0.0,0.6928977966308594,1433,4426.636666227016,0.8924955129623413,1,unknown
0.2569824457168579,0.1002561599016189,1.528531551361084,0.0387315154075622,0.0,0.6967648267745972,1434,4429.317417299026,0.8924872875213623,1,unknown
0.4109421670436859,0.249758094549179,1.576080322265625,0.0357603095471859,0.0,0.9264255166053772,1435,4432.254355553014,0.8923712372779846,1,unknown
0.2969001829624176,0.1685596853494644,1.2644002437591553,0.0190045442432165,0.0,1.014931082725525,1436,4435.2039439530345,0.8922432065010071,1,unknown
0.2560775876045227,0.1229091212153434,1.3042924404144287,0.0273921340703964,0.0,0.7508426904678345,1437,4437.959568282997,0.8921772837638855,1,unknown
0.2392964959144592,0.1147159710526466,1.2239621877670288,0.0218431074172258,0.0,0.495543509721756,1438,4440.720439561002,0.8921413421630859,1,unknown
0.3229339718818664,0.1521156430244445,1.672405481338501,0.0357774943113327,0.0,1.1058069467544556,1439,4443.314754515013,0.8921844363212585,1,unknown
0.2596574127674103,0.1237746477127075,1.3300329446792605,0.0287946704775095,0.0,0.9438456296920776,1440,4445.925990672025,0.8920855522155762,1,unknown
0.2353226840496063,0.0680982694029808,1.6373947858810425,0.0348490364849567,0.0,0.4595999419689178,1441,4448.5730280689895,0.8921239376068115,1,unknown
0.2526199221611023,0.098939374089241,1.5016062259674072,0.03519918769598,0.0,0.6000894904136658,1442,4451.781522206031,0.8922168612480164,1,unknown
0.2204776257276535,0.0677065476775169,1.4896820783615112,0.0380285643041133,0.0,0.569490373134613,1443,4454.726929692028,0.8925135731697083,1,unknown
0.2341622710227966,0.0746072083711624,1.554132103919983,0.0414186082780361,0.0,0.5935584902763367,1444,4457.451020735025,0.8928120136260986,1,unknown
0.2250212132930755,0.0863307565450668,1.358201503753662,0.0287028774619102,0.0,0.492531955242157,1445,4460.203705731023,0.8930878043174744,1,unknown
0.2348761111497879,0.0793805047869682,1.518901228904724,0.0360548608005046,0.0,0.487839937210083,1446,4462.85742003104,0.8933752179145813,1,unknown
0.2515541911125183,0.1017999723553657,1.4682024717330933,0.0293399021029472,0.0,0.7563672661781311,1447,4465.796221547993,0.8937596082687378,1,unknown
0.2544566690921783,0.0898793339729309,1.6077123880386353,0.038060788065195,0.0,1.4947748184204102,1448,4468.764056030021,0.894625723361969,1,unknown
0.2143578678369522,0.0554659888148307,1.5508602857589722,0.0380584225058555,0.0,0.5363417267799377,1449,4472.077726727992,0.895430326461792,1,unknown
0.2702783048152923,0.1205196231603622,1.466192603111267,0.0313944220542907,0.0,0.8242379426956177,1450,4475.511127875012,0.8962203860282898,1,unknown
0.2530402243137359,0.1046207100152969,1.454845309257507,0.0293497238308191,0.0,0.8544338941574097,1451,4478.671396671038,0.8969165086746216,1,unknown
0.2190488874912262,0.0758340880274772,1.4030965566635132,0.0290515273809433,0.0,0.4506678581237793,1452,4481.856235884014,0.8974596858024597,1,unknown
0.237669289112091,0.0955766588449478,1.3886698484420776,0.0322561003267765,0.0,1.243399977684021,1453,4485.221439206041,0.8978866338729858,1,unknown
0.2081288993358612,0.0408104546368122,1.6356899738311768,0.0374945253133773,0.0,0.523616373538971,1454,4488.528460014029,0.898401141166687,1,unknown
0.2496287226676941,0.0853784382343292,1.6073737144470217,0.0351289510726928,0.0,0.874876856803894,1455,4491.993612821039,0.8988869786262512,1,unknown
0.2683684527873993,0.1300556808710098,1.3575409650802612,0.0255866199731826,0.0,0.6468862891197205,1456,4494.943658317032,0.8993858098983765,1,unknown
0.3576847016811371,0.0992779284715652,2.4855990409851074,0.0984686017036438,0.0,1.738270878791809,1457,4497.495201617014,0.8997237086296082,0,unknown
0.2997799217700958,0.1602599024772644,1.3710181713104248,0.0241821222007274,0.0,0.7619839906692505,1458,4500.556690672995,0.8999913334846497,1,unknown
0.2254370748996734,0.0728014037013053,1.4941788911819458,0.0321776755154132,0.0,0.3846397697925567,1459,4503.927252363006,0.9002598524093628,1,unknown
0.3205064535140991,0.1735585778951645,1.43841552734375,0.0310636591166257,0.0,0.6363745331764221,1460,4506.861145491013,0.9004905819892883,1,unknown
0.2319995909929275,0.0548184216022491,1.7272001504898071,0.044611383229494,0.0,0.9529929757118224,1461,4509.822535462037,0.9007507562637328,1,unknown
0.2138966768980026,0.0722668319940567,1.3882114887237549,0.0280868802219629,0.0,1.1080759763717651,1462,4512.652013565996,0.901011049747467,1,unknown
0.3470637202262878,0.200961023569107,1.4306777715682983,0.0303490217775106,0.0,0.8279358148574829,1463,4515.841997381009,0.9013327360153198,1,unknown
0.3983838558197021,0.2468531429767608,1.4860981702804563,0.0292089749127626,0.0,0.6865897178649902,1464,4518.5497646830045,0.901703715324402,1,unknown
0.2526534497737884,0.1179061979055404,1.3190594911575315,0.0284130685031414,0.0,0.7044134140014648,1465,4521.494035748008,0.9020470976829528,1,unknown
0.2623625099658966,0.1158148944377899,1.4349613189697266,0.0305148437619209,0.0,0.6691209077835083,1466,4524.479258137988,0.9023965001106262,1,unknown
0.2395503222942352,0.0826243609189987,1.537551999092102,0.0317076779901981,0.0,0.4444013237953186,1467,4527.711362597009,0.9027361869812012,1,unknown
0.236757293343544,0.0812964811921119,1.518904685974121,0.0357033349573612,0.0,0.9951234459877014,1468,4530.466389066016,0.9029297232627868,1,unknown
0.2260615527629852,0.0911383777856826,1.324679613113403,0.0245519559830427,0.0,0.6248857975006104,1469,4532.921116159007,0.9031277894973756,1,unknown
0.1801963746547699,0.0396872758865356,1.3803244829177856,0.0247665271162986,0.0,0.4834151864051819,1470,4535.757446372008,0.9032968878746032,1,unknown
0.1914368569850921,0.0609205812215805,1.276124358177185,0.0290383826941251,0.0,0.5019322037696838,1471,4538.992611365044,0.9034746885299684,1,unknown
0.2515988945960998,0.0837713479995727,1.6415446996688845,0.0367309488356113,0.0,0.7057256102561951,1472,4541.975091953005,0.9036386013031006,1,unknown
0.2520309686660766,0.0963848382234573,1.522802710533142,0.0336585007607936,0.0,0.7661842703819275,1473,4544.944917302986,0.9039127230644226,1,unknown
0.2957252264022827,0.1412054896354675,1.5118238925933838,0.033373299986124,0.0,0.9888910055160522,1474,4547.990713233012,0.9042622447013856,1,unknown
0.2577365636825561,0.1227350533008575,1.322561502456665,0.0274535417556762,0.0,0.7011539936065674,1475,4551.064938335039,0.9045813679695128,1,unknown
0.274520605802536,0.1085063815116882,1.6247581243515017,0.0353837609291076,0.0,0.920693814754486,1476,4554.023768585001,0.9049392342567444,1,unknown
0.1879022419452667,0.0618875995278358,1.2349083423614502,0.0252381041646003,0.0,0.3495025336742401,1477,4556.761337300995,0.9052637815475464,1,unknown
0.2774797677993774,0.1099399402737617,1.6348905563354492,0.0405077748000621,0.0,0.759257435798645,1478,4559.607600953023,0.9052369594573976,1,unknown
0.3628219366073608,0.217911034822464,1.4188547134399414,0.0302538275718688,0.0,0.6783126592636108,1479,4562.583645794017,0.9051945209503174,1,unknown
0.3751429617404938,0.0977683812379837,2.6519150733947754,0.1218302622437477,0.0,0.8701611161231995,1480,4565.345752814028,0.904524266719818,0,unknown
0.2657662034034729,0.1100886389613151,1.5216622352600098,0.0351134575903415,0.0,0.7694472074508667,1481,4567.945551924,0.9039309024810792,1,unknown
0.1957096010446548,0.0465495027601718,1.4644775390625,0.0271233785897493,0.0,0.6084504723548889,1482,4570.563970168994,0.9033768177032472,1,unknown
0.251108318567276,0.1125587746500969,1.3563799858093262,0.0291154831647872,0.0,0.5677666068077087,1483,4573.211840321019,0.9028231501579284,1,unknown
0.211467295885086,0.0809919089078903,1.2786545753479004,0.0260991845279932,0.0,0.7348593473434448,1484,4576.117418120033,0.9024022817611694,1,unknown
0.209561139345169,0.0724647268652916,1.3473880290985107,0.0235763061791658,0.0,0.4376986026763916,1485,4578.841556046042,0.9020404815673828,1,unknown
0.3373478055000305,0.1975988894701004,1.3671265840530396,0.0303625911474227,0.0,0.6365842819213867,1486,4582.231613871991,0.901797890663147,1,unknown
0.2524315118789673,0.0858670622110366,1.6260278224945068,0.039616409689188,0.0,0.635585367679596,1487,4585.686339343025,0.9015896916389464,1,unknown
0.2267737984657287,0.0823985263705253,1.4142533540725708,0.0294994451105594,0.0,0.4280139803886413,1488,4589.353342785034,0.9015121459960938,1,unknown
0.2471585869789123,0.1070884317159652,1.370850682258606,0.0298508591949939,0.0,0.4288532733917236,1489,4592.69690146402,0.9014587998390198,1,unknown
0.2170850038528442,0.0668664127588272,1.4707616567611694,0.0314243994653224,0.0,0.6362305283546448,1490,4596.083869719005,0.9014167189598083,1,unknown
0.2288414388895034,0.1002321764826774,1.262712836265564,0.023379411548376,0.0,0.530479371547699,1491,4599.526320469042,0.9013141989707948,1,unknown
0.2090309858322143,0.0344258472323417,1.7081525325775146,0.0378988906741142,0.0,0.5093290209770203,1492,4603.264889263024,0.9013045430183412,1,unknown
0.2537607848644256,0.1043751165270805,1.4657151699066162,0.0281414799392223,0.0,0.5683290958404541,1493,4606.685247898044,0.9013341665267944,1,unknown
0.3875273168087005,0.0977898836135864,2.788241147994995,0.1091333553194999,0.0,0.6203592419624329,1494,4609.930589427007,0.9023085236549376,0,unknown
0.2107128500938415,0.0682516321539878,1.3979425430297852,0.0266696196049451,0.0,0.4097700119018554,1495,4613.363794818986,0.9031745195388794,1,unknown
0.2378852218389511,0.0801961794495582,1.542859673500061,0.034030545502901,0.0,0.6508756279945374,1496,4617.008375259,0.9040727615356444,1,unknown
0.4479657411575317,0.1778916716575622,2.593817710876465,0.1069228500127792,0.0,0.802672266960144,1497,4620.2137641670415,0.9045876860618592,0,unknown
0.2497559785842895,0.0963695123791694,1.4987123012542725,0.035152219235897,0.0,0.4630939960479736,1498,4623.653248359042,0.9050426483154296,1,unknown
0.2059859335422516,0.0676418244838714,1.3575003147125244,0.0259407106786966,0.0,0.4114541709423065,1499,4627.211184115033,0.9054495692253112,1,unknown
0.3346291780471802,0.1830441504716873,1.4823918342590332,0.0334580838680267,0.0,1.2132312059402466,1500,4630.619988611026,0.905741572380066,1,unknown
0.2461483031511306,0.0932955890893936,1.4904663562774658,0.0380608513951301,0.0,0.4664802849292755,1501,4633.744830743992,0.9060497879981996,1,unknown
0.2136042714118957,0.0746508166193962,1.364832639694214,0.0247018337249755,0.0,0.3718819618225097,1502,4636.866339215019,0.9063381552696228,1,unknown
0.2211792916059494,0.0918700918555259,1.2697850465774536,0.0233069732785224,0.0,0.5119400024414062,1503,4639.477271625015,0.9066577553749084,1,unknown
0.2705596089363098,0.1150214076042175,1.5226722955703735,0.0327097401022911,0.0,0.8343105912208557,1504,4642.107159734005,0.9066707491874696,1,unknown
0.3136451840400696,0.1738570779561996,1.3733197450637815,0.024561209604144,0.0,0.4862194061279297,1505,4644.902165797015,0.9066959023475648,1,unknown
0.220900297164917,0.0694008469581604,1.488395929336548,0.0265985652804374,0.0,0.7625077962875366,1506,4647.314350416011,0.9068288803100586,1,unknown
0.3319068253040313,0.1785968989133834,1.4995630979537964,0.0335360802710056,0.0,0.6725025773048401,1507,4650.088222349004,0.90700101852417,1,unknown
0.4395577907562256,0.1744714975357055,2.5422232151031494,0.1086395755410194,0.0,1.0496238470077517,1508,4652.547628924018,0.9082940220832824,0,unknown
0.2084728926420211,0.0656903162598609,1.3976459503173828,0.0301797948777675,0.0,0.629619300365448,1509,4655.297740905022,0.9095131158828736,1,unknown
0.2981487512588501,0.1445521116256714,1.5024142265319824,0.0335520282387733,0.0,0.4613337814807892,1510,4657.9100654789945,0.9107299447059632,1,unknown
0.4074482917785644,0.1301898509263992,2.6628293991088867,0.109755054116249,0.0,0.7423807382583618,1511,4660.371179340989,0.9112846851348876,0,unknown
0.2486708760261535,0.0945732519030571,1.5097287893295288,0.0312474090605974,0.0,0.4631557166576385,1512,4662.528837380989,0.9118622541427612,1,unknown
0.2100233882665634,0.0615581050515174,1.4525936841964722,0.0320591554045677,0.0,0.6355651021003723,1513,4665.395863025042,0.9124584794044496,1,unknown
0.3165147304534912,0.1765826791524887,1.3662022352218628,0.0331183448433876,0.0,0.7729753851890564,1514,4668.1126899709925,0.9128723740577698,1,unknown
0.3875467479228973,0.1257364898920059,2.5270345211029053,0.0910677835345268,0.0,0.5749172568321228,1515,4670.891435954021,0.913905918598175,0,unknown
0.2211177945137024,0.0822216942906379,1.3629014492034912,0.0260594133287668,0.0,0.585578978061676,1516,4673.489823604003,0.9147544503211976,1,unknown
0.4752646684646606,0.2218313515186309,2.435950517654419,0.0983825400471687,0.0,1.474288821220398,1517,4676.149071614025,0.9152552485466005,0,unknown
0.201642096042633,0.0488565266132354,1.4954562187194824,0.0323993153870105,0.0,0.6995570659637451,1518,4678.819857374998,0.9156582355499268,1,unknown
0.1842235177755355,0.0441136620938777,1.3689141273498535,0.0321841649711132,0.0,0.3570161163806915,1519,4681.42785951402,0.9160422086715698,1,unknown
0.22659432888031,0.0788987725973129,1.4473862648010254,0.0295694060623645,0.0,0.6470553874969482,1520,4684.314603517007,0.9162575006484984,1,unknown
0.2462902516126632,0.0971518978476524,1.4569858312606812,0.0343977510929107,0.0,0.6063135266304016,1521,4686.936967748043,0.916559100151062,1,unknown
0.2797012031078338,0.1364191174507141,1.4051226377487185,0.0276982951909303,0.0,0.6296935081481934,1522,4689.740479024011,0.9168145656585692,1,unknown
0.376400887966156,0.1090067625045776,2.5611400604248047,0.1128012239933013,0.0,1.0188475847244265,1523,4692.195554456033,0.9162176847457886,0,unknown
0.2574268579483032,0.1166834011673927,1.3814095258712769,0.0260250475257635,0.0,0.7175818085670471,1524,4694.825575017021,0.9156591296195984,1,unknown
0.2161663174629211,0.052593495696783,1.59563148021698,0.0400966592133045,0.0,0.8860507607460022,1525,4697.608559546992,0.9151607155799866,1,unknown
0.1808661222457885,0.0454822182655334,1.3260105848312378,0.0278285294771194,0.0,0.421937495470047,1526,4700.369502937014,0.9148293137550354,1,unknown
0.3647156059741974,0.2142138332128524,1.4708824157714844,0.0341352671384811,0.0,0.5684850811958313,1527,4702.981276620994,0.914523720741272,1,unknown
0.1722413897514343,0.0302025415003299,1.3958590030670166,0.024529380723834,0.0,0.4251680076122284,1528,4705.596057276009,0.9143434762954712,1,unknown
0.2074236720800399,0.0403722077608108,1.633013129234314,0.0375015065073967,0.0,0.6188082098960876,1529,4707.710047464992,0.914283275604248,1,unknown
0.2844375669956207,0.1504328697919845,1.3155269622802734,0.0245198551565408,0.0,0.5367470383644104,1530,4710.474443571991,0.9142661690711976,1,unknown
0.29203861951828,0.146213561296463,1.4267656803131104,0.0314847044646739,0.0,0.6538903117179871,1531,4713.092068934988,0.9142516255378724,1,unknown
0.1567910313606262,0.0342841334640979,1.203847885131836,0.0212212912738323,0.0,0.3065386116504669,1532,4716.068371513044,0.914280891418457,1,unknown
0.1803084164857864,0.0630706548690795,1.151768445968628,0.0206090249121189,0.0,0.4372106194496155,1533,4718.728561441996,0.9143207669258118,1,unknown
0.1724010854959488,0.0340516120195388,1.3572169542312622,0.0262779388576746,0.0,0.5038136839866638,1534,4721.525719152996,0.914306342601776,1,unknown
0.2110477685928344,0.0749993771314621,1.3310617208480835,0.0294221024960279,0.0,0.365947276353836,1535,4724.2138144309865,0.9142680764198304,1,unknown
0.3878165185451507,0.1019150912761688,2.740297317504883,0.1187166646122932,0.0,0.8404549956321716,1536,4727.12454273703,0.9141381978988647,0,unknown
0.2375733107328415,0.0896424949169159,1.4415475130081177,0.037760704755783,0.0,0.4325697124004364,1537,4730.523231127008,0.9139044880867004,1,unknown
0.2407740801572799,0.0922743454575538,1.4515022039413452,0.0334952250123024,0.0,0.6267489790916443,1538,4733.640566226037,0.9136993288993835,1,unknown
0.1887726783752441,0.074981689453125,1.120991349220276,0.0169185083359479,0.0,0.5341654419898987,1539,4737.0941976360045,0.913528859615326,1,unknown
0.2060475349426269,0.0663707330822944,1.368711233139038,0.0280569642782211,0.0,0.6862578988075256,1540,4740.0411757809925,0.9133822917938232,1,unknown
0.5775394439697266,0.3106901049613952,2.56398868560791,0.1045045554637909,0.0,1.3513261079788208,1541,4743.029866844998,0.9131299257278442,0,unknown
0.2759554386138916,0.1540257781744003,1.1974763870239258,0.0218202471733093,0.0,0.529270350933075,1542,4746.037506828026,0.9128917455673218,1,unknown
0.3437449336051941,0.1987310349941253,1.4168394804000854,0.0332990102469921,0.0,0.6515676379203796,1543,4749.1447659230325,0.9127118587493896,1,unknown
0.182217001914978,0.0584566034376621,1.2150133848190308,0.0225905757397413,0.0,0.3934845626354217,1544,4752.232318010007,0.9125598073005676,1,unknown
0.3171296715736389,0.1771890819072723,1.3730779886245728,0.0263277254998683,0.0,0.6718345284461975,1545,4755.234566558036,0.9124061465263368,1,unknown
0.2009070068597793,0.051768884062767,1.4560022354125977,0.0353791043162345,0.0,0.4814378619194031,1546,4757.869142243988,0.9122166037559508,1,unknown
0.2088165283203125,0.0858555287122726,1.208008885383606,0.0216009542346,0.0,0.5646597743034363,1547,4760.660937100009,0.912062168121338,1,unknown
0.2470280826091766,0.0738824233412742,1.6830921173095703,0.0483643673360347,0.0,1.8940680027008057,1548,4763.596275384014,0.9118544459342957,1,unknown
0.3907871544361114,0.1382142901420593,2.4295098781585693,0.0962189808487892,0.0,0.8637294173240662,1549,4766.47000536602,0.9110320806503296,0,unknown
0.2008252590894699,0.0486324355006217,1.480269432067871,0.0416587851941585,0.0,0.6674314141273499,1550,4769.499320984993,0.9102134108543396,1,unknown
0.208030492067337,0.0567701794207096,1.478135108947754,0.034467913210392,0.0,0.6937866806983948,1551,4772.654764974024,0.9094085693359376,1,unknown
0.2440989166498184,0.0894276425242424,1.5161305665969849,0.0305819753557443,0.0,0.7380305528640747,1552,4775.5917348589865,0.9086614847183228,1,unknown
0.2017558217048645,0.0562970489263534,1.4223469495773315,0.0322405360639095,0.0,0.8720034956932068,1553,4778.654065927025,0.9080783128738404,1,unknown
0.2185444980859756,0.0865294262766838,1.2909727096557615,0.0291778780519962,0.0,0.5230942368507385,1554,4781.28751040803,0.907629132270813,1,unknown
0.1871971487998962,0.0478887632489204,1.366895079612732,0.026188826188445,0.0,0.4429925084114074,1555,4784.094140111993,0.9073954820632936,1,unknown
0.274575263261795,0.1234874948859214,1.4784739017486572,0.0324038043618202,0.0,0.6603297591209412,1556,4786.694824881037,0.9072453379631042,1,unknown
0.1850377023220062,0.0277478136122226,1.5416324138641355,0.0312665179371833,0.0,0.4551405608654022,1557,4789.313148573041,0.9070480465888976,1,unknown
0.3238957524299621,0.1902090162038803,1.3144001960754397,0.0224671121686697,0.0,0.8748784065246582,1558,4791.485038147017,0.9068477153778076,1,unknown
0.2131208181381225,0.0478635281324386,1.6167861223220823,0.0357866398990154,0.0,0.6901414394378662,1559,4794.295369737025,0.90688157081604,1,unknown
0.2927097082138061,0.1339573115110397,1.546226978302002,0.041296899318695,0.0,1.0636357069015503,1560,4796.906007086043,0.9067720770835876,1,unknown
0.178525224328041,0.0354628302156925,1.404188632965088,0.0264349356293678,0.0,0.5910804271697998,1561,4798.999299633026,0.9067090153694152,1,unknown
0.2211155444383621,0.0627665668725967,1.5438830852508545,0.039606787264347,0.0,0.9678555727005004,1562,4801.636372322042,0.9066779613494872,1,unknown
0.2608900368213653,0.0943362638354301,1.6253914833068848,0.0401459001004695,0.0,0.6383873820304871,1563,4804.6072513980325,0.9066817760467528,1,unknown
0.1586317718029022,0.0313690528273582,1.2507898807525637,0.0218372363597154,0.0,0.4602613151073456,1564,4807.312136961031,0.9068427681922911,1,unknown
0.206070601940155,0.0668091550469398,1.3669413328170776,0.025673234835267,0.0,0.5153231620788574,1565,4809.931130220008,0.9070126414299012,1,unknown
0.2347970008850097,0.0696241781115531,1.6124355792999268,0.0392924435436725,0.0,0.6231353878974915,1566,4812.738999753026,0.9072495698928832,1,unknown
0.1986877471208572,0.0374897010624408,1.5774492025375366,0.0345313549041748,0.0,0.6519494652748108,1567,4815.352072613023,0.9074766039848328,1,unknown
0.2127997279167175,0.0749536603689193,1.3525426387786863,0.0259178802371025,0.0,0.63084477186203,1568,4818.160947247001,0.907746434211731,1,unknown
0.2161865830421447,0.0638013482093811,1.4872370958328247,0.0366153120994567,0.0,0.7859110236167908,1569,4820.772059142997,0.9080170392990112,1,unknown
0.1829003542661667,0.0387293919920921,1.415208339691162,0.0265012346208095,0.0,0.3980380892753601,1570,4823.384175011015,0.9082657694816588,1,unknown
0.2663234174251556,0.1109826862812042,1.5187385082244873,0.0346686542034149,0.0,0.7334507703781128,1571,4826.002278150001,0.9084630012512208,1,unknown
0.5544734597206116,0.4038725793361664,1.4742807149887085,0.0317280627787113,0.0,1.9046298265457156,1572,4828.746090790024,0.9085864424705504,1,unknown
0.2516008615493774,0.113279215991497,1.359937071800232,0.0232791174203157,0.0,0.5114300847053528,1573,4831.358458625036,0.9087209701538086,1,unknown
0.2212764769792556,0.0799223706126213,1.38610577583313,0.0274353865534067,0.0,0.5546247363090515,1574,4833.980032685038,0.9089128375053406,1,unknown
0.3442355692386627,0.1033303216099739,2.317455053329468,0.0915974006056785,0.0,0.7066235542297363,1575,4836.432144983031,0.909614324569702,0,unknown
0.3811293542385101,0.2398509979248047,1.3855736255645752,0.0272097773849964,0.0,0.7392067313194275,1576,4838.696356583037,0.9102370738983154,1,unknown
0.3185140788555145,0.1597920656204223,1.5429989099502563,0.0442211106419563,0.0,0.6380509734153748,1577,4841.309626615024,0.911000669002533,1,unknown
0.2030305415391922,0.0527765601873397,1.4681432247161863,0.0343966111540794,0.0,0.5103902220726013,1578,4843.914517664991,0.9115644097328186,1,unknown
0.2195053547620773,0.0396611355245113,1.7590426206588743,0.0393996424973011,0.0,0.6522689461708069,1579,4846.677934867039,0.9121120572090148,1,unknown
0.296375960111618,0.0771908387541771,2.120307683944702,0.0715434774756431,0.0,0.5974841117858887,1580,4849.296206603001,0.912803828716278,0,unknown
0.2241919934749603,0.070410817861557,1.5070843696594238,0.0307273436337709,0.0,0.7811455130577087,1581,4851.951170362998,0.913482666015625,1,unknown
0.2481835931539535,0.1071990728378295,1.3834987878799438,0.0263463985174894,0.0,0.5401265621185303,1582,4854.583309893031,0.9142526388168336,1,unknown
0.2969134151935577,0.1564607620239257,1.3751376867294312,0.0293887667357921,0.0,0.5802498459815979,1583,4857.195416968025,0.914885640144348,1,unknown
0.2374389916658401,0.0850677043199539,1.4930278062820437,0.0306848995387554,0.0,0.5506114363670349,1584,4860.007215168036,0.9155393242836,1,unknown
0.5335670709609985,0.3835365176200866,1.4714314937591553,0.0288742277771234,0.0,1.5778969526290894,1585,4862.614128591027,0.916061520576477,1,unknown
0.1912224739789962,0.0538164004683494,1.348821759223938,0.0252389777451753,0.0,0.5392498970031738,1586,4865.3142825689865,0.916509747505188,1,unknown
0.2388835549354553,0.0970803499221801,1.3832499980926514,0.0347821153700351,0.0,0.5923298001289368,1587,4867.910741744039,0.9168909788131714,1,unknown
0.2180979400873184,0.0618909262120723,1.5293229818344116,0.0327470935881137,0.0,0.7086303234100342,1588,4870.737709076027,0.9172765612602234,1,unknown
0.2000602483749389,0.066293254494667,1.3094419240951538,0.0282280147075653,0.0,0.6392943263053894,1589,4872.834519139025,0.9175653457641602,1,unknown
0.2207885235548019,0.0887876227498054,1.2946211099624634,0.0253879558295011,0.0,0.4344632625579834,1590,4875.451268072997,0.917937695980072,1,unknown
0.2401565164327621,0.0966014489531517,1.4093515872955322,0.0261991489678621,0.0,0.6438002586364746,1591,4878.039857364027,0.9184144139289856,1,unknown
0.3090577721595764,0.1481009423732757,1.571319341659546,0.0382488258183002,0.0,0.6637403964996338,1592,4880.672425337019,0.9187442064285278,1,unknown
0.4227215349674225,0.1824604719877243,2.315846920013428,0.0867639034986496,0.0,1.7183334827423096,1593,4883.294325000024,0.9191144704818726,0,unknown
0.3445201814174652,0.1841636300086975,1.5653507709503174,0.0382147282361984,0.0,0.7064245939254761,1594,4885.899693009036,0.9194105863571168,1,unknown
0.2533646821975708,0.1130739003419876,1.3778077363967896,0.025099977850914,0.0,0.6444039940834045,1595,4888.605738674989,0.9196599721908568,1,unknown
0.3133345246315002,0.1436447352170944,1.656948208808899,0.0399496145546436,0.0,0.8544607758522034,1596,4891.192464385007,0.9197884798049928,1,unknown
0.2427917569875717,0.1014802679419517,1.385849952697754,0.0272648185491561,0.0,0.5609236359596252,1597,4893.98189972702,0.9199327230453492,1,unknown
0.2588893473148346,0.0960076749324798,1.5903342962265017,0.0384822748601436,0.0,0.8284372687339783,1598,4896.686410997994,0.9199097752571106,1,unknown
0.1772173643112182,0.0373594835400581,1.3754597902297974,0.0231188684701919,0.0,0.6833871603012085,1599,4899.284683818987,0.9198993444442748,1,unknown
0.2278772741556167,0.0832972973585128,1.418600082397461,0.027199525386095,0.0,0.5337467789649963,1600,4901.908141793043,0.9199578762054444,1,unknown
0.2030189633369445,0.0656829252839088,1.3473658561706543,0.0259944852441549,0.0,0.3624588847160339,1601,4904.366678541002,0.9200363755226136,1,unknown
0.1957437247037887,0.06240876019001,1.3094083070755005,0.0239412505179643,0.0,0.4814943969249725,1602,4907.02733949502,0.9200739860534668,1,unknown
0.3096797466278076,0.1743236631155014,1.3271757364273071,0.0263847690075635,0.0,0.3744518160820007,1603,4909.761833602039,0.920101284980774,1,unknown
0.1980342864990234,0.0587797202169895,1.3621971607208252,0.0303484462201595,0.0,0.4397532641887665,1604,4912.94444062002,0.9202941656112672,1,unknown
0.1874045729637146,0.0453489273786544,1.390269160270691,0.0302871130406856,0.0,0.5297360420227051,1605,4916.078992868017,0.9203691482543944,1,unknown
0.2519205510616302,0.1099735796451568,1.3918894529342651,0.0275803841650486,0.0,0.6221827864646912,1606,4919.043353101995,0.920461654663086,1,unknown
0.188898965716362,0.0470004193484783,1.385791540145874,0.0331938117742538,0.0,0.786348819732666,1607,4922.003591699002,0.9204990863800048,1,unknown
0.2030986249446869,0.054659616202116,1.4562582969665527,0.0281315371394157,0.0,0.3806902766227722,1608,4925.648810543004,0.920565128326416,1,unknown
0.1784977465867996,0.0333304181694984,1.4225009679794312,0.0291723124682903,0.0,0.4240865409374237,1609,4928.831672936038,0.920624315738678,1,unknown
0.2457661479711532,0.0707080960273742,1.7101386785507202,0.0404417440295219,0.0,1.2728447914123535,1610,4931.812195289007,0.920673966407776,1,unknown
0.1670685410499572,0.0347958169877529,1.2990682125091553,0.0236589647829532,0.0,0.6166242957115173,1611,4934.804774385993,0.9205933213233948,1,unknown
0.236380398273468,0.0915919616818428,1.4158732891082764,0.0320111066102981,0.0,0.8756076097488403,1612,4938.327182910987,0.9204576015472412,1,unknown
0.2255892157554626,0.0864678993821144,1.3673070669174194,0.0239061899483203,0.0,0.5834102034568787,1613,4941.695892169024,0.920377254486084,1,unknown
0.2327136993408203,0.0729539319872856,1.5590146780014038,0.0385830700397491,0.0,0.8357468247413635,1614,4945.135722320003,0.9202952980995178,1,unknown
0.2539347112178802,0.1236559003591537,1.2781195640563965,0.0246685482561588,0.0,0.5948474407196045,1615,4948.109860143042,0.9201610684394836,1,unknown
0.2004006654024124,0.0696044340729713,1.2824156284332275,0.0255465451627969,0.0,0.5464534759521484,1616,4951.252813421015,0.9201369881629944,1,unknown
0.1770661622285843,0.04126937687397,1.3301479816436768,0.0278198048472404,0.0,0.6821523904800415,1617,4954.305701344041,0.9201033115386964,1,unknown
0.2070491462945938,0.0639246851205825,1.40348482131958,0.0277598425745964,0.0,0.386159211397171,1618,4957.499365366995,0.9200831055641174,1,unknown
0.2662294507026672,0.1015391647815704,1.6060489416122437,0.0408540442585945,0.0,0.8658695220947266,1619,4960.447765118035,0.920151710510254,1,unknown
0.3726914525032043,0.2276249974966049,1.4204622507095337,0.0302019976079463,0.0,0.6632034182548523,1620,4963.198004767008,0.9201802611351012,1,unknown
0.2996990978717804,0.1564381271600723,1.4020929336547852,0.0305167473852634,0.0,0.7349067330360413,1621,4966.0567631830345,0.9201306104660034,1,unknown
0.1784668862819671,0.0425894446671009,1.3340487480163574,0.0247256308794021,0.0,0.4007878005504608,1622,4969.278015666001,0.9201197028160096,1,unknown
0.3755063116550445,0.1485941410064697,2.1933486461639404,0.0757727846503257,0.0,0.7476630210876465,1623,4972.051248066011,0.9209405183792114,0,unknown
0.2308579534292221,0.0558487027883529,1.712165594100952,0.037926759570837,0.0,0.7460923194885254,1624,4974.937841759005,0.9217475056648254,1,unknown
0.2053351253271103,0.0658264532685279,1.3649407625198364,0.0301456283777952,0.0,0.7147049903869629,1625,4977.86492118903,0.9225700497627258,1,unknown
0.2365235537290573,0.1079592332243919,1.2589340209960938,0.026709234341979,0.0,0.4985823035240173,1626,4980.537874912028,0.923343539237976,1,unknown
0.197498619556427,0.0619843937456607,1.3295490741729736,0.0255930572748184,0.0,0.7197313904762268,1627,4982.936386679008,0.9240063428878784,1,unknown
0.2737019956111908,0.1493207216262817,1.2161418199539185,0.0276707746088504,0.0,0.5102829933166504,1628,4985.647974357009,0.924641489982605,1,unknown
0.221370056271553,0.0634110122919082,1.5440219640731812,0.0355686619877815,0.0,0.7115737199783325,1629,4988.624533439986,0.925245761871338,1,unknown
0.1732154190540313,0.0429176650941371,1.2775856256484983,0.0253917258232831,0.0,0.6126627326011658,1630,4991.434771021013,0.9257559180259703,1,unknown
0.2226055413484573,0.0721067562699318,1.4695016145706177,0.0354860350489616,0.0,0.6638603806495667,1631,4993.480881541036,0.9262980818748474,1,unknown
0.4295785129070282,0.1416823267936706,2.759588718414306,0.1193728595972061,0.0,1.3138638734817505,1632,4995.96793092601,0.9269831776618958,0,unknown
0.2694138884544372,0.1392329484224319,1.273855447769165,0.027953827753663,0.0,0.6705194115638733,1633,4998.590132979036,0.9276129007339478,1,unknown
0.1968599259853363,0.0688790827989578,1.2578555345535278,0.0219530574977397,0.0,0.6917939782142639,1634,5001.496049258043,0.9281888008117676,1,unknown
0.3790045976638794,0.1391648054122924,2.3139052391052246,0.0844929367303848,0.0,0.9353861212730408,1635,5003.52031716099,0.9294344186782836,0,unknown
0.1860039234161377,0.0362811833620071,1.4644960165023804,0.0327312462031841,0.0,0.4899390339851379,1636,5006.163959521044,0.930558443069458,1,unknown
0.1908740103244781,0.0530077069997787,1.3488998413085938,0.0297632068395614,0.0,0.5793650150299072,1637,5008.947824709001,0.9315801858901978,1,unknown
0.2225867807865142,0.0849674418568611,1.3496400117874146,0.0265532210469245,0.0,0.714860200881958,1638,5011.577232390991,0.9325259923934937,1,unknown
0.3889768719673157,0.2168458700180053,1.6754249334335327,0.0458849929273128,0.0,1.1023675203323364,1639,5014.387721767009,0.9334781765937804,1,unknown
0.2872353196144104,0.1176048666238784,1.6546391248703003,0.0416651405394077,0.0,0.5913302898406982,1640,5017.020711338031,0.934307873249054,1,unknown
0.2103014290332794,0.060524221509695,1.46795916557312,0.0298130400478839,0.0,1.1373505592346191,1641,5019.616555011016,0.9351677298545836,1,unknown
0.1868364214897155,0.0628544464707374,1.221591830253601,0.0182277131825685,0.0,0.5249938368797302,1642,5021.79545654502,0.9359602332115172,1,unknown
0.180471733212471,0.0395054221153259,1.3811407089233398,0.0285223759710788,0.0,0.5009782910346985,1643,5024.546242278011,0.9367701411247252,1,unknown
0.3479876518249511,0.1926703751087188,1.517420530319214,0.0357524566352367,0.0,0.8134068846702576,1644,5027.633318700013,0.9377540946006776,1,unknown
0.2464791089296341,0.0970201343297958,1.4606157541275024,0.033973854035139,0.0,0.5318202972412109,1645,5030.704313814,0.9388671517372132,1,unknown
0.1788124144077301,0.0470914207398891,1.291218638420105,0.0259911846369504,0.0,0.4440796673297882,1646,5033.707722666033,0.9399204254150392,1,unknown
0.1802990585565567,0.0462412163615226,1.317988634109497,0.0225897878408432,0.0,1.2007466554641724,1647,5036.796361702029,0.940698504447937,1,unknown
0.3085766136646271,0.1498192548751831,1.5501410961151123,0.0374326482415199,0.0,0.620177686214447,1648,5039.718170112988,0.9414323568344116,1,unknown
0.4086642265319824,0.1194693595170974,2.7610232830047607,0.1309254467487335,0.0,0.7365204095840454,1649,5042.500343513035,0.942506730556488,0,unknown
0.2281678467988968,0.0690359100699424,1.5593771934509275,0.0319422334432601,0.0,0.5970001816749573,1650,5045.502298583044,0.943492829799652,1,unknown
0.2082483619451522,0.054615631699562,1.505048394203186,0.0312788747251033,0.0,0.6831621527671814,1651,5048.497186337016,0.9443870186805724,1,unknown
0.2617709338665008,0.1053873226046562,1.5247983932495115,0.0390380136668682,0.0,0.5751757621765137,1652,5051.586036162044,0.9451670050621032,1,unknown
0.2115203142166137,0.0617152526974678,1.4645384550094604,0.0335120074450969,0.0,0.9072861671447754,1653,5054.523118888028,0.9458600878715516,1,unknown
0.2995427250862121,0.1474070698022842,1.4886269569396973,0.0327293649315834,0.0,0.6532037258148193,1654,5057.528685541998,0.9465823173522948,1,unknown
0.1831774264574051,0.0365477949380874,1.4342881441116333,0.032008096575737,0.0,0.4257717430591583,1655,5060.549531680008,0.947167158126831,1,unknown
0.2217465490102768,0.0805438831448555,1.378476858139038,0.0335496068000793,0.0,0.745817244052887,1656,5063.390329908987,0.9477444887161256,1,unknown
0.2862938344478607,0.1208517253398895,1.616530418395996,0.0378908179700374,0.0,0.934676706790924,1657,5066.006305163028,0.9483280777931212,1,unknown
0.2049062997102737,0.072291612625122,1.3042532205581665,0.0218936372548341,0.0,0.5227810740470886,1658,5068.832244499994,0.9488965272903442,1,unknown
0.3167448937892914,0.1758360564708709,1.3809430599212646,0.0281455758959054,0.0,0.7188511490821838,1659,5072.030915765034,0.9494485259056092,1,unknown
0.261882334947586,0.1184143275022506,1.404010534286499,0.030669679865241,0.0,0.6348925232887268,1660,5075.091853591031,0.949938952922821,1,unknown
0.2177145928144455,0.0685745030641555,1.4565110206604004,0.0348897613584995,0.0,0.4435570538043976,1661,5078.021950908995,0.9504204392433168,1,unknown
0.1948324292898178,0.05601741746068,1.3598592281341553,0.0282910019159317,0.0,0.8381361365318298,1662,5081.253177445033,0.9508785009384156,1,unknown
0.2440062016248703,0.0801832526922226,1.603471279144287,0.0347581394016742,0.0,0.7923001050949097,1663,5083.9723457189975,0.9512574672698976,1,unknown
0.4705981314182281,0.195859745144844,2.63594126701355,0.1114428043365478,0.0,0.7914315462112427,1664,5086.608595100988,0.951191782951355,0,unknown
0.2530839145183563,0.0799873545765876,1.6874784231185913,0.0434872917830944,0.0,1.4195774793624878,1665,5089.225781882997,0.9513508081436156,1,unknown
0.2162466794252395,0.0800034552812576,1.3382318019866943,0.0242002718150615,0.0,0.5414186120033264,1666,5091.887775622017,0.9515483379364014,1,unknown
0.3609358668327331,0.1027047559618949,2.486605644226074,0.0957054048776626,0.0,0.8343783020973206,1667,5094.427992303041,0.9506454467773438,0,unknown
0.2520178854465484,0.0991068184375763,1.4965609312057495,0.0325495935976505,0.0,0.7621586322784424,1668,5097.320383062004,0.9498376250267028,1,unknown
0.2151791304349899,0.0689182505011558,1.4303927421569824,0.0322158634662628,0.0,0.5631013512611389,1669,5099.939615235024,0.949084997177124,1,unknown
0.406452476978302,0.110586903989315,2.824998617172241,0.1336567252874374,0.0,0.9593320488929749,1670,5102.387762152008,0.9483026266098022,0,unknown
0.1985000073909759,0.0743701830506324,1.2164087295532229,0.0248895287513732,0.0,0.7717346549034119,1671,5105.015761573042,0.9477855563163756,1,unknown
0.1760759055614471,0.0443332903087139,1.2928555011749268,0.0245705544948577,0.0,0.479374885559082,1672,5107.843620108033,0.9473353028297424,1,unknown
0.2332759797573089,0.0946965962648391,1.359757423400879,0.0260365083813667,0.0,0.5090692639350891,1673,5110.460024714004,0.9469935297966005,1,unknown
0.2498486638069152,0.1020625457167625,1.442406415939331,0.0354549810290336,0.0,0.612521231174469,1674,5113.179421212,0.9467045068740844,1,unknown
0.3084560930728912,0.0684103071689605,2.3018641471862797,0.0985936969518661,0.0,0.6112100481987,1675,5115.655148964026,0.946134865283966,0,unknown
0.5015759468078613,0.2736890316009521,2.1982789039611816,0.0805897489190101,0.0,1.7514246702194214,1676,5118.691044451029,0.945796012878418,0,unknown
0.2024353593587875,0.0535828620195388,1.455818772315979,0.0327061153948307,0.0,0.559394896030426,1677,5121.812042675039,0.9454355835914612,1,unknown
0.1651405543088913,0.0283796079456806,1.3366856575012207,0.0309236086905002,0.0,0.5301528573036194,1678,5124.946607180988,0.9451435804367064,1,unknown
0.2860814332962036,0.1393888592720031,1.4345451593399048,0.0323808789253234,0.0,0.5262951254844666,1679,5128.224874382024,0.9449484944343568,1,unknown
0.3126611709594726,0.1503041982650756,1.583681344985962,0.0398882515728473,0.0,5.808472633361816,1680,5131.555603081011,0.9449154138565063,1,unknown
0.2083467245101928,0.0501714386045932,1.5462684631347656,0.0354842655360698,0.0,0.5224406123161316,1681,5134.659118928015,0.9448466897010804,1,unknown
0.2066377401351928,0.0511221550405025,1.520044207572937,0.0351115725934505,0.0,0.8479128479957581,1682,5137.7630210790085,0.9448537826538086,1,unknown
0.2073521763086319,0.0777409747242927,1.27206552028656,0.0240464247763156,0.0,0.8198623061180115,1683,5140.898910660006,0.9448860883712769,1,unknown
0.2121275812387466,0.0732003152370452,1.3598006963729858,0.0294717606157064,0.0,0.4857578873634338,1684,5143.556197939033,0.9450533986091614,1,unknown
0.1674383878707885,0.0200341790914535,1.4376816749572754,0.0363603010773658,0.0,0.3411361575126648,1685,5146.349942917004,0.945081889629364,1,unknown
0.2506295442581177,0.1057040393352508,1.422843098640442,0.0264118649065494,0.0,0.4255199134349823,1686,5148.943302667991,0.9452167749404908,1,unknown
0.200989156961441,0.0508399568498134,1.4713205099105835,0.0301713589578866,0.0,0.7538214325904846,1687,5151.548866133031,0.9453681707382202,1,unknown
0.2349615693092346,0.0694378316402435,1.613571286201477,0.0416662991046905,0.0,6.380337715148926,1688,5154.148123547027,0.9456397891044616,1,unknown
0.1872970759868621,0.0400173887610435,1.4425299167633057,0.0302666630595922,0.0,0.4999694228172302,1689,5156.892383860017,0.9458500146865844,1,unknown
0.229981780052185,0.0977990999817848,1.2987914085388184,0.0230352878570556,0.0,0.8745865821838379,1690,5159.823634407017,0.9460797905921936,1,unknown
0.2929114103317261,0.1290833353996276,1.6000460386276243,0.0382343828678131,0.0,1.0020757913589478,1691,5162.779311491991,0.9461865425109864,1,unknown
0.218290701508522,0.0703309178352356,1.4459148645401,0.0336827859282493,0.0,0.584350049495697,1692,5165.816581048013,0.9463320374488832,1,unknown
0.1890799254179,0.0413054898381233,1.4479796886444092,0.029764711856842,0.0,0.5968177914619446,1693,5169.052619104041,0.9465420842170716,1,unknown
0.3007077276706695,0.1462614238262176,1.5061899423599243,0.0382731035351753,0.0,0.736826479434967,1694,5172.112912396027,0.9467374086380004,1,unknown
0.2091647237539291,0.0565087161958217,1.4925670623779297,0.0339928045868873,0.0,0.4422273635864258,1695,5175.157499046007,0.9469686150550842,1,unknown
0.2446197271347046,0.1032800078392028,1.3799911737442017,0.0334057509899139,0.0,0.6973958611488342,1696,5178.2998005030095,0.9471448063850404,1,unknown
0.3182183802127838,0.1374129056930542,1.765904188156128,0.042150355875492,0.0,0.8795289993286133,1697,5181.507634712034,0.9475231766700744,1,unknown
0.3781391382217407,0.127799242734909,2.3938798904418945,0.109519362449646,0.0,1.4095498323440552,1698,5184.323059057992,0.9484986662864684,0,unknown
0.2112951576709747,0.0619780533015728,1.4584643840789795,0.0347067005932331,0.0,0.6043460965156555,1699,5187.452920014039,0.9494574666023254,1,unknown
0.3619298338890075,0.1029696762561798,2.4840750694274902,0.1055262610316276,0.0,1.1474095582962036,1700,5190.276762687019,0.9491441249847412,0,unknown
0.1798101365566253,0.0384369827806949,1.3848354816436768,0.0288959294557571,0.0,0.6327619552612305,1701,5193.506046263035,0.9488589763641356,1,unknown
0.2921293377876282,0.135288268327713,1.5324954986572266,0.0359155349433422,0.0,0.9180325269699096,1702,5196.626147867006,0.9487850069999696,1,unknown
0.4198089838027954,0.1741785705089569,2.3604207038879395,0.0958832576870918,0.0,0.5874643921852112,1703,5199.6039522530045,0.9487304091453552,0,unknown
0.2321714907884597,0.0894538015127182,1.3978049755096436,0.0293717645108699,0.0,0.7110456824302673,1704,5202.736077932001,0.948771357536316,1,unknown
0.3369368314743042,0.1907316297292709,1.4322056770324707,0.0298463366925716,0.0,0.5993252396583557,1705,5205.728499168006,0.9488595128059388,1,unknown
0.2056010961532592,0.0522543266415596,1.5002095699310305,0.0332579836249351,0.0,0.606675386428833,1706,5208.913876728038,0.94891756772995,1,unknown
0.183089941740036,0.0445040538907051,1.3587820529937744,0.0270767547190189,0.0,0.5325458645820618,1707,5211.889890850987,0.9491422772407532,1,unknown
0.2080242335796356,0.0528757609426975,1.5195307731628418,0.0319539345800876,0.0,0.4975471198558807,1708,5214.897357192007,0.9492809176445008,1,unknown
0.3297055065631866,0.1830679923295974,1.431607007980347,0.0347681455314159,0.0,0.7593149542808533,1709,5217.866814839013,0.9493928551673888,1,unknown
0.176637977361679,0.0375910811126232,1.3554376363754272,0.0350313782691955,0.0,0.4093571305274963,1710,5221.137149594026,0.9494893550872804,1,unknown
0.4203461408615112,0.2604012787342071,1.5615397691726685,0.0379086658358573,0.0,0.6886969208717346,1711,5224.246974098031,0.949710488319397,1,unknown
0.2531094253063202,0.1054407954216003,1.4474945068359375,0.0291914362460374,0.0,0.597504198551178,1712,5227.37713455304,0.949873149394989,1,unknown
0.2805171906948089,0.1258442997932434,1.5137017965316772,0.0330271087586879,0.0,0.6740164756774902,1713,5230.489271106024,0.9500731825828552,1,unknown
0.379418134689331,0.0943509712815284,2.7287051677703857,0.1219668164849281,0.0,0.635101854801178,1714,5233.60259424703,0.949826717376709,0,unknown
0.2354028224945068,0.0818867161870002,1.5045647621154783,0.0305962264537811,0.0,0.4476538300514221,1715,5236.583615282027,0.9496474266052246,1,unknown
0.2415942847728729,0.0933136940002441,1.448183298110962,0.0346225462853908,0.0,0.7348979711532593,1716,5239.583184749004,0.9495849013328552,1,unknown
0.2589281499385834,0.11920116096735,1.3681386709213257,0.029131269082427,0.0,0.4923465549945831,1717,5242.5002300729975,0.949548840522766,1,unknown
0.1781494170427322,0.0461299903690815,1.2972822189331057,0.0229119472205638,0.0,0.5929815769195557,1718,5245.709598495043,0.9495402574539183,1,unknown
0.2086941003799438,0.0774748548865318,1.290168523788452,0.0220239795744419,0.0,0.5049527287483215,1719,5248.8088297690265,0.949613392353058,1,unknown
0.2261534631252288,0.0918376296758651,1.3182512521743774,0.0249071102589368,0.0,0.5638461709022522,1720,5251.79761206999,0.949641764163971,1,unknown
0.2266181409358978,0.0764316916465759,1.4703030586242676,0.031561255455017,0.0,0.568027913570404,1721,5254.918209395022,0.9497020840644836,1,unknown
0.4316186308860779,0.1627905219793319,2.578444242477417,0.1098371148109436,0.0,0.5585207939147949,1722,5257.973071181041,0.9499088525772096,0,unknown
0.2637320458889007,0.1201431304216384,1.4049091339111328,0.0309799145907163,0.0,0.8222445249557495,1723,5260.979766536038,0.9498993158340454,1,unknown
0.2300602495670318,0.0790752917528152,1.4771034717559814,0.0327459461987018,0.0,0.556774377822876,1724,5263.9864148860215,0.9499871730804444,1,unknown
0.2659903466701507,0.1349954009056091,1.2856699228286743,0.0242793764919042,0.0,0.6478757262229919,1725,5267.24497400102,0.950092077255249,1,unknown
0.5311366319656372,0.2992756068706512,2.238673210144043,0.0799372643232345,0.0,0.8699308633804321,1726,5270.189830804011,0.949152410030365,0,unknown
0.2468844801187515,0.0928182825446128,1.5051560401916504,0.0355060063302516,0.0,0.645531952381134,1727,5273.472908906988,0.9483397603034972,1,unknown
0.2198684513568878,0.0640050843358039,1.5236228704452517,0.035010740160942,0.0,0.6320995688438416,1728,5276.603725632012,0.9475505352020264,1,unknown
0.2000603973865509,0.0569556728005409,1.4008222818374634,0.0302251018583774,0.0,0.8409543037414551,1729,5279.726899953035,0.9469279050827026,1,unknown
0.2022997289896011,0.07228285074234,1.2773200273513794,0.0228487234562635,0.0,0.441082239151001,1730,5282.848285740998,0.9463567733764648,1,unknown
0.1968861818313598,0.0598304234445095,1.3430230617523191,0.0275343041867017,0.0,0.3426506519317627,1731,5286.244246607996,0.9459022283554076,1,unknown
0.2042837440967559,0.0661425590515136,1.3521522283554075,0.0292598977684974,0.0,0.5495758652687073,1732,5289.264769949019,0.9454509615898132,1,unknown
0.2842591404914856,0.115959845483303,1.643718957901001,0.0392739400267601,0.0,1.1134992837905884,1733,5292.38645463303,0.9450932145118712,1,unknown
0.211768165230751,0.0657310038805008,1.429089903831482,0.0312817022204399,0.0,0.4802029728889465,1734,5295.391652885999,0.9446731805801392,1,unknown
0.2121534943580627,0.0981675535440445,1.1236896514892578,0.0161697417497634,0.0,0.3949856162071228,1735,5298.676647174987,0.944406032562256,1,unknown
0.2990774810314178,0.1595130115747451,1.3698581457138062,0.0257865320891141,0.0,0.6207935214042664,1736,5301.646194725996,0.9442845582962036,1,unknown
0.2393194139003753,0.0996265187859535,1.3656837940216064,0.0312451720237731,0.0,0.4711624979972839,1737,5304.660503278021,0.944185197353363,1,unknown
0.2827077805995941,0.1368743032217025,1.4246621131896973,0.0336725078523159,0.0,0.749541699886322,1738,5307.686088784016,0.9440978765487672,1,unknown
0.1790391057729721,0.0592746958136558,1.1778724193572998,0.0197717528790235,0.0,0.6301164031028748,1739,5310.911467291997,0.9440975785255432,1,unknown
0.185947984457016,0.0536865293979644,1.2972139120101929,0.0254005566239357,0.0,0.5608944892883301,1740,5314.067058289016,0.944118082523346,1,unknown
0.1803394854068756,0.0480175428092479,1.29593825340271,0.0272812917828559,0.0,0.4384372532367706,1741,5316.99587008002,0.944155216217041,1,unknown
0.2749582529067993,0.1166628748178482,1.5377579927444458,0.0451956950128078,0.0,0.480251133441925,1742,5320.150552064006,0.9441922307014464,1,unknown
0.226319745182991,0.0931765660643577,1.305254578590393,0.0261772107332944,0.0,0.6758466362953186,1743,5323.472395297024,0.944168746471405,1,unknown
0.3489581942558288,0.2200148999691009,1.2663261890411377,0.0231065656989812,0.0,0.8544970750808716,1744,5326.469053053996,0.9437931776046752,1,unknown
0.1943085044622421,0.0631411373615264,1.283926248550415,0.0277474634349346,0.0,0.6216797232627869,1745,5329.467153356003,0.9434356093406676,1,unknown
0.1608794182538986,0.0378546901047229,1.2110538482666016,0.0191936362534761,0.0,0.393094539642334,1746,5332.486850349989,0.943188726902008,1,unknown
0.3364733159542084,0.1988649070262909,1.344394564628601,0.031689777970314,0.0,0.6084485054016113,1747,5335.857086725009,0.9430133700370787,1,unknown
0.3720303177833557,0.1304404884576797,2.325387954711914,0.0905105024576187,0.0,1.0773051977157593,1748,5338.808926364989,0.9442920088768004,0,unknown
0.2106761485338211,0.055739514529705,1.5177559852600098,0.0316104665398597,0.0,0.6084620356559753,1749,5341.830529677041,0.9453625679016112,1,unknown
0.173321396112442,0.0457800365984439,1.2512165307998655,0.0241970308125019,0.0,0.5797786712646484,1750,5344.832064808987,0.9463762640953064,1,unknown
0.229260116815567,0.0753206312656402,1.5075199604034424,0.0318750478327274,0.0,0.9122430086135864,1751,5347.87994779303,0.9474146962165833,1,unknown
0.2951396107673645,0.153141587972641,1.393342137336731,0.0266381129622459,0.0,0.6099905967712402,1752,5351.2080531870015,0.948430061340332,1,unknown
0.1694701164960861,0.0381642058491706,1.288899540901184,0.0241595990955829,0.0,0.5706967711448669,1753,5354.222594254999,0.9493826031684875,1,unknown
0.2312670797109604,0.0842335373163223,1.4348043203353882,0.0355310775339603,0.0,0.5820879340171814,1754,5357.359223637031,0.9502780437469482,1,unknown
0.3114673197269439,0.1770365238189697,1.3189986944198608,0.0253093335777521,0.0,0.8270358443260193,1755,5360.376712916012,0.951089084148407,1,unknown
0.2866607010364532,0.1385422796010971,1.4473378658294678,0.0338460318744182,0.0,0.83193439245224,1756,5363.633809877036,0.9517841339111328,1,unknown
0.2059961706399917,0.0708540827035904,1.3225867748260498,0.0288343001157045,0.0,0.4549670219421386,1757,5366.760607586999,0.9524762630462646,1,unknown
0.2361246645450592,0.0970150530338287,1.3571513891220093,0.0339448228478431,0.0,0.599863588809967,1758,5369.902135348006,0.9532225131988524,1,unknown
0.2545720934867859,0.0972504094243049,1.535958170890808,0.0372585915029048,0.0,0.5923777222633362,1759,5372.904434977041,0.9538958072662354,1,unknown
0.1832020431756973,0.0515193454921245,1.2937633991241455,0.023063339293003,0.0,0.5075240731239319,1760,5376.1869995809975,0.9544970393180848,1,unknown
0.247626855969429,0.0719154328107833,1.7188453674316406,0.0382688157260417,0.0,0.6708608269691467,1761,5379.1721353449975,0.9551433324813844,1,unknown
0.1902868598699569,0.0678836852312088,1.2003755569458008,0.0236562527716159,0.0,0.707613468170166,1762,5382.38289370999,0.9557913541793824,1,unknown
0.2019628435373306,0.0596957355737686,1.3973928689956665,0.025278115645051,0.0,0.4572171568870544,1763,5385.385070422024,0.9564520716667176,1,unknown
0.3563996851444244,0.2223084419965744,1.311661720275879,0.0292503759264946,0.0,0.6641460061073303,1764,5388.712493067025,0.9570617079734802,1,unknown
0.1770513653755188,0.0489506758749485,1.2588584423065186,0.0221481975167989,0.0,0.6633768677711487,1765,5391.631440252007,0.9576224684715272,1,unknown
0.2801193296909332,0.1345975250005722,1.42916738986969,0.0260507594794034,0.0,0.5469833016395569,1766,5394.738648121012,0.9580598473548888,1,unknown
0.2125814855098724,0.070017971098423,1.3952468633651731,0.0303884223103523,0.0,0.4158000648021698,1767,5397.780272044009,0.95843243598938,1,unknown
0.2823899984359741,0.1559604108333587,1.2438781261444092,0.0204174611717462,0.0,0.6822630167007446,1768,5401.011835523997,0.958805501461029,1,unknown
0.3150401413440704,0.1631037443876266,1.4829230308532717,0.0364408306777477,0.0,0.5486292243003845,1769,5404.13798439299,0.959189474582672,1,unknown
0.2391709983348846,0.0595525316894054,1.748404860496521,0.0477797649800777,0.0,1.1678290367126465,1770,5407.149754221027,0.9594435095787048,1,unknown
0.1952657699584961,0.0749641135334968,1.1796534061431885,0.0233632288873195,0.0,0.5374601483345032,1771,5410.188617078005,0.9596956372261048,1,unknown
0.2048253566026687,0.0654109939932823,1.3672934770584106,0.0268498472869396,0.0,0.4286718666553497,1772,5413.56799777603,0.959915041923523,1,unknown
0.4028754234313965,0.1377021819353103,2.55351996421814,0.0982125476002693,0.0,0.8828696608543396,1773,5416.54497956601,0.9606752395629884,0,unknown
0.2296996712684631,0.0682111680507659,1.5743467807769775,0.0405379943549633,0.0,0.7569564580917358,1774,5419.572278757987,0.9613314270973206,1,unknown
0.1857796609401703,0.0352599658071994,1.4720962047576904,0.0331006646156311,0.0,0.8795638680458069,1775,5422.523729071021,0.9620580077171326,1,unknown
0.1600423455238342,0.0349494777619838,1.228358507156372,0.0225701890885829,0.0,0.513357400894165,1776,5425.541859076999,0.9627866148948668,1,unknown
0.30486860871315,0.1835947334766388,1.18993878364563,0.0228000618517398,0.0,0.7007013559341431,1777,5428.787956466025,0.9633983969688416,1,unknown
0.1831789165735244,0.053214207291603,1.2788599729537964,0.0207871757447719,0.0,0.7118154764175415,1778,5431.838683706999,0.963968813419342,1,unknown
0.2985528707504272,0.1524386256933212,1.4300752878189087,0.0310667995363473,0.0,0.8439131379127502,1779,5434.890430399042,0.964587926864624,1,unknown
0.2057341784238815,0.0824895799160003,1.2089534997940063,0.023492507636547,0.0,0.4394614994525909,1780,5438.05013875803,0.9651339054107666,1,unknown
0.1671620309352874,0.0388345345854759,1.2607141733169556,0.0225607398897409,0.0,0.5671588778495789,1781,5441.349594479019,0.9656541347503662,1,unknown
0.2571330368518829,0.1086368262767791,1.4555922746658323,0.0293697956949472,0.0,1.2117037773132324,1782,5444.380302480015,0.966192066669464,1,unknown
0.3038249015808105,0.1549065560102462,1.4535940885543823,0.035589475184679,0.0,1.021382212638855,1783,5447.271734606009,0.9667333960533142,1,unknown
0.2287319004535675,0.0752076432108879,1.49653422832489,0.0387081690132617,0.0,0.6110830903053284,1784,5450.281820653996,0.9672608375549316,1,unknown
0.290442556142807,0.1414859145879745,1.4601856470108032,0.0293807070702314,0.0,0.5760179162025452,1785,5453.517481887015,0.9677243232727052,1,unknown
0.2139574587345123,0.0864995419979095,1.25278902053833,0.0217902213335037,0.0,0.4711942672729492,1786,5456.682380417013,0.9680922627449036,1,unknown
0.313150554895401,0.1414533406496048,1.6794379949569702,0.0375340245664119,0.0,0.7255769371986389,1787,5459.842734355014,0.968492865562439,1,unknown
0.1776121258735656,0.0452314019203186,1.296822190284729,0.0269851088523864,0.0,0.6190434098243713,1788,5462.989323719987,0.9688395857810974,1,unknown
0.3519728779792785,0.2051076292991638,1.441813588142395,0.0268393885344266,0.0,0.7651328444480896,1789,5466.204633685993,0.9691287875175476,1,unknown
0.3279138207435608,0.1849738210439682,1.3987634181976318,0.0306366086006164,0.0,0.6963105797767639,1790,5469.310733260005,0.969406247138977,1,unknown
0.2149795591831207,0.0573287568986415,1.5445685386657717,0.031939323991537,0.0,1.400532841682434,1791,5472.4259716550005,0.9698636531829834,1,unknown
0.328714519739151,0.2007321119308471,1.256683111190796,0.0231410954147577,0.0,0.7271242737770081,1792,5475.425001520023,0.9702267646789552,1,unknown
0.1806301176548004,0.0564342811703681,1.2214820384979248,0.0204761754721403,0.0,0.2968904078006744,1793,5478.65575813601,0.9705566763877868,1,unknown
0.1983118504285812,0.0701591745018959,1.2580516338348389,0.0234750136733055,0.0,0.4295509457588196,1794,5481.658212842012,0.9708614945411682,1,unknown
0.1842764168977737,0.0714961886405944,1.106313943862915,0.0214883722364902,0.0,0.4780645370483398,1795,5484.787042214011,0.9711621403694152,1,unknown
0.2271631062030792,0.0704680830240249,1.5268486738204956,0.0401015356183052,0.0,0.6084938645362854,1796,5487.77263185702,0.9714375138282776,1,unknown
0.2158185094594955,0.0704428404569625,1.423047423362732,0.0307093858718872,0.0,0.5702197551727295,1797,5490.98164497799,0.9717664122581482,1,unknown
0.2559833526611328,0.1196271330118179,1.3389205932617188,0.0246417056769132,0.0,0.5713399052619934,1798,5493.952388734033,0.9720810055732728,1,unknown
0.3005976676940918,0.1680016070604324,1.2953157424926758,0.0306446850299835,0.0,0.6605268120765686,1799,5497.060597277014,0.9723934531211852,1,unknown
0.2860822081565857,0.1389168947935104,1.438174605369568,0.0334786437451839,0.0,0.6238439083099365,1800,5500.346125549986,0.9726609587669371,1,unknown
0.2391378134489059,0.1002396941184997,1.3616572618484497,0.0273239742964506,0.0,0.6263312697410583,1801,5503.435534946038,0.9728552103042604,1,unknown
0.3067847192287445,0.1612139344215393,1.4241472482681274,0.0315604917705059,0.0,0.6461114287376404,1802,5506.644619763014,0.9730752110481262,1,unknown
0.2054296284914016,0.0603230558335781,1.4227063655853271,0.0283595342189073,0.0,0.6934385895729065,1803,5509.64281362301,0.973235547542572,1,unknown
0.3207858800888061,0.0563449077308177,2.532678842544556,0.1117310002446174,0.0,1.232970118522644,1804,5512.586851030006,0.9736924171447754,0,unknown
0.3496730327606201,0.1981477737426757,1.4780759811401367,0.0371762812137603,0.0,0.5763171315193176,1805,5515.515763006988,0.9741515517234802,1,unknown
0.2262612432241439,0.0803006365895271,1.4290826320648191,0.0305232033133506,0.0,0.9105390906333924,1806,5518.693031751027,0.9746580719947816,1,unknown
0.3685311675071716,0.134502962231636,2.247321605682373,0.0929604619741439,0.0,0.6932560205459595,1807,5521.483419624041,0.974736213684082,0,unknown
0.1895837038755417,0.0458148196339607,1.406198024749756,0.0314909592270851,0.0,1.1700271368026731,1808,5524.493987814989,0.9748672246932985,1,unknown
0.1642919480800628,0.023339768871665,1.3810045719146729,0.0285171549767255,0.0,0.5181205868721008,1809,5527.631133718009,0.9749639630317688,1,unknown
0.3567205667495727,0.1959200799465179,1.5706701278686523,0.037334494292736,0.0,0.912711262702942,1810,5530.845920087013,0.9749450087547302,1,unknown
0.1796236783266067,0.0364615023136138,1.4035296440124512,0.0280921272933483,0.0,0.7632957100868225,1811,5533.867890954018,0.9748587012290956,1,unknown
0.3549399077892303,0.0989970266819,2.4646096229553223,0.094819389283657,0.0,0.7241239547729492,1812,5536.698842067039,0.9737018942832948,0,unknown
0.2249286919832229,0.0750176906585693,1.468157410621643,0.0309526994824409,0.0,0.7435195446014404,1813,5539.77841599501,0.972754716873169,1,unknown
0.2239578366279602,0.0784075558185577,1.422904372215271,0.0325983390212059,0.0,0.6466802954673767,1814,5542.951970565016,0.9719942212104796,1,unknown
0.2178787589073181,0.062416773289442,1.5193626880645752,0.0352570563554763,0.0,0.4541008472442627,1815,5546.075396882021,0.9712976813316344,1,unknown
0.2045144289731979,0.0602467581629753,1.4124590158462524,0.0302177146077156,0.0,0.5092332363128662,1816,5549.181839234021,0.9706763625144958,1,unknown
0.2375594675540924,0.1063697934150695,1.288926362991333,0.0229702461510896,0.0,0.6308961510658264,1817,5552.139881954994,0.9700032472610474,1,unknown
0.2616251409053802,0.1030193865299224,1.5482306480407717,0.037826769053936,0.0,0.6131992936134338,1818,5555.446411412035,0.969566285610199,1,unknown
0.3591286838054657,0.0799738764762878,2.6719343662261963,0.1196139678359031,0.0,1.2656258344650269,1819,5558.283726063033,0.9700519442558287,0,unknown
0.1960268169641494,0.042079884558916,1.5082515478134155,0.0312178060412406,0.0,0.6128049492835999,1820,5561.224831925007,0.9704355597496032,1,unknown
0.1431508064270019,0.0320266522467136,1.0928246974945068,0.0184168685227632,0.0,0.4422321021556854,1821,5564.377499348018,0.970860242843628,1,unknown
0.1736774742603302,0.0413807183504104,1.2991923093795776,0.0237752087414264,0.0,0.90932035446167,1822,5567.382142144023,0.9712911248207092,1,unknown
0.229237824678421,0.0762301981449127,1.4938524961471558,0.0362236574292182,0.0,0.922862470149994,1823,5570.579515648016,0.9717673659324646,1,unknown
0.203513041138649,0.0801290199160575,1.2126905918121338,0.0211494956165552,0.0,0.3570607006549835,1824,5573.499638720998,0.9722425937652588,1,unknown
0.3503038585186004,0.2138093709945678,1.3398717641830444,0.0250727869570255,0.0,0.8915892839431763,1825,5576.471364278987,0.97270667552948,1,unknown
0.228923961520195,0.081282652914524,1.4416059255599976,0.0348075218498706,0.0,0.598964512348175,1826,5579.569935559004,0.9731130003929138,1,unknown
0.2904900312423706,0.162719652056694,1.254998803138733,0.022704979404807,0.0,0.6787532567977905,1827,5582.652112234035,0.9735364317893982,1,unknown
0.2763973772525787,0.1305747777223587,1.425705909729004,0.0325199216604232,0.0,0.6795588731765747,1828,5585.632342981,0.9739342331886292,1,unknown
0.2812235057353973,0.1498937904834747,1.291680932044983,0.0216162651777267,0.0,0.7054532766342163,1829,5588.606025443005,0.9742920994758606,1,unknown
0.4056850373744964,0.1623125672340393,2.3389346599578857,0.0947896763682365,0.0,1.3790462017059326,1830,5591.435622768011,0.974320352077484,0,unknown
0.1717393696308136,0.035223051905632,1.3408656120300293,0.0242974963039159,0.0,0.7970505356788635,1831,5594.6378201320185,0.9743105173110962,1,unknown
0.378339409828186,0.1250413060188293,2.439770221710205,0.0932105630636215,0.0,1.343934178352356,1832,5597.522243871994,0.974189281463623,0,unknown
0.2431168258190155,0.112528771162033,1.282888889312744,0.0229914300143718,0.0,0.6543677449226379,1833,5600.516447725007,0.9741494655609132,1,unknown
0.3215243220329284,0.2011687159538269,1.1834763288497925,0.0200795512646436,0.0,0.8421334028244019,1834,5603.609458126011,0.9741329550743104,1,unknown
0.3550854325294494,0.0912344381213188,2.520957946777344,0.1175522804260253,0.0,0.775027871131897,1835,5606.709265605023,0.974237322807312,0,unknown
0.2338766753673553,0.1085892468690872,1.2289890050888062,0.0238850377500057,0.0,0.5808913111686707,1836,5609.664899329015,0.97433739900589,1,unknown
0.2315561473369598,0.0919093266129493,1.364938735961914,0.0315296538174152,0.0,0.6203138828277588,1837,5612.629696688033,0.9744793176651,1,unknown
0.237089529633522,0.1128331646323204,1.220113754272461,0.0224497616291046,0.0,0.6395425796508789,1838,5615.711674428021,0.9745607376098632,1,unknown
0.1996781229972839,0.0574746131896972,1.3868001699447632,0.0352348387241363,0.0,0.5886062979698181,1839,5618.995940033987,0.9745864272117616,1,unknown
0.2575805187225342,0.1080419793725013,1.4628126621246338,0.0325730256736278,0.0,0.8715218305587769,1840,5622.071652527025,0.9747369289398192,1,unknown
0.2343188673257827,0.0902287811040878,1.4060721397399902,0.0348287671804428,0.0,0.4284896552562713,1841,5624.9790162220015,0.974893033504486,1,unknown
0.3705048859119415,0.1042612493038177,2.555546283721924,0.1068902462720871,0.0,0.6863927245140076,1842,5627.917599498003,0.975691020488739,0,unknown
0.1728662550449371,0.0518042370676994,1.1894360780715942,0.0211841501295566,0.0,0.3621048629283905,1843,5631.121258620988,0.9765282869338988,1,unknown
0.1945425271987915,0.0741692185401916,1.1793590784072876,0.024374034255743,0.0,0.5105517506599426,1844,5634.251366906043,0.9773274660110474,1,unknown
0.2078229784965515,0.0671392232179641,1.377448558807373,0.0293889883905649,0.0,0.4844823181629181,1845,5637.237092141993,0.977960467338562,1,unknown
0.20846489071846,0.0658840015530586,1.3875749111175537,0.0382340401411056,0.0,0.5351011157035828,1846,5640.355684645998,0.9785329103469848,1,unknown
0.2285069823265075,0.0816006064414978,1.4396919012069702,0.0293719470500946,0.0,0.8472052812576294,1847,5643.523523029988,0.9791101217269896,1,unknown
0.2169258594512939,0.0780915468931198,1.3543399572372437,0.0340031236410141,0.0,0.5666369795799255,1848,5646.828653404024,0.9797109961509703,1,unknown
0.2115831971168518,0.0700460970401763,1.38073468208313,0.0346361547708511,0.0,0.7381907105445862,1849,5649.781369303004,0.980287492275238,1,unknown
0.1731718033552169,0.0320000872015953,1.3775492906570437,0.0341680087149143,0.0,0.5498204827308655,1850,5652.894662734994,0.9807915091514589,1,unknown
0.1877724826335907,0.0542895421385765,1.3046884536743164,0.0301410071551799,0.0,0.4194777309894562,1851,5656.299205758027,0.9812219142913818,1,unknown
0.2266936600208282,0.09736218303442,1.2699427604675293,0.0233720149844884,0.0,0.6927237510681152,1852,5659.589137644041,0.9817050099372864,1,unknown
0.1968570798635482,0.0624022111296653,1.3207236528396606,0.0238252226263284,0.0,0.604951798915863,1853,5662.562336805044,0.9821149706840516,1,unknown
0.2451444119215011,0.1089371964335441,1.3331245183944702,0.0289477240294218,0.0,0.4341706931591034,1854,5665.64074827201,0.982466757297516,1,unknown
0.1959741562604904,0.058723971247673,1.3424029350280762,0.0300988592207431,0.0,0.7407140135765076,1855,5668.737335968006,0.982814610004425,1,unknown
0.2025107145309448,0.0607302300632,1.385690450668335,0.0321144722402095,0.0,0.5641947388648987,1856,5671.871544722002,0.9831593036651612,1,unknown
0.2795755863189697,0.1362917125225067,1.4024196863174438,0.0304188653826713,0.0,0.7737051248550415,1857,5674.975221786997,0.983437955379486,1,unknown
0.3306703567504883,0.2012198567390442,1.268015742301941,0.0264887008816003,0.0,0.8084716200828552,1858,5678.080670667987,0.9837071895599364,1,unknown
0.1619661599397659,0.0349060259759426,1.2461588382720947,0.0244425367563962,0.0,0.3745128512382507,1859,5681.308548849018,0.9839609265327454,1,unknown
0.2830182909965515,0.1372883319854736,1.419533371925354,0.0377662479877471,0.0,0.5699222087860107,1860,5684.537074123044,0.9841775298118592,1,unknown
0.1553992331027984,0.0405501499772071,1.1309549808502195,0.0175357442349195,0.0,0.5506322979927063,1861,5687.69379631104,0.9844852089881896,1,unknown
0.2043019086122512,0.0788678452372551,1.2314567565917969,0.0228838548064231,0.0,0.3328175842761993,1862,5690.875630825991,0.9848335385322572,1,unknown
0.1865496784448623,0.0524613671004772,1.314246654510498,0.0266364254057407,0.0,1.1267036199569702,1863,5694.132465047005,0.9851188659667968,1,unknown
0.1945455372333526,0.0339432582259178,1.5705928802490234,0.0354297496378421,0.0,0.7374410033226013,1864,5697.293861637008,0.9854098558425904,1,unknown
0.2584587335586548,0.1132249981164932,1.4159021377563477,0.0364350788295269,0.0,0.5118682980537415,1865,5700.402725682012,0.9856634736061096,1,unknown
0.2264685332775116,0.0795940831303596,1.440540075302124,0.0282042175531387,0.0,0.5737902522087097,1866,5703.415046659997,0.9859079718589784,1,unknown
0.2112433016300201,0.0614396408200264,1.4711341857910156,0.0269022546708583,0.0,0.5542046427726746,1867,5706.534712788998,0.9860818982124328,1,unknown
0.2872758209705353,0.1308408081531524,1.530289649963379,0.0340602770447731,0.0,0.7189574837684631,1868,5709.680814708001,0.9862909913063048,1,unknown
0.2992774248123169,0.1743811666965484,1.2273085117340088,0.0216543339192867,0.0,0.56051105260849,1869,5712.922472233011,0.9865096807479858,1,unknown
0.2214947044849395,0.0665159448981285,1.518187165260315,0.0316005311906337,0.0,0.9396552443504332,1870,5715.969837885001,0.9867023229599,1,unknown
0.214143306016922,0.0452391728758811,1.6526589393615725,0.0363821163773536,0.0,0.6876411437988281,1871,5719.116779542994,0.9868366718292236,1,unknown
0.3702069818973541,0.1176057159900665,2.427530288696289,0.0984824299812316,0.0,0.8204221129417419,1872,5722.006314558035,0.9868465065956116,0,unknown
0.445277988910675,0.1733650863170623,2.596658706665039,0.122470311820507,0.0,0.7355656027793884,1873,5725.049093050999,0.987004816532135,0,unknown
0.2922036051750183,0.1706541627645492,1.1940690279006958,0.0214254725724458,0.0,0.4398665726184845,1874,5728.059214778012,0.9871724843978882,1,unknown
0.2052726596593856,0.0685481205582618,1.338429570198059,0.0288157276809215,0.0,0.5378098487854004,1875,5731.1784309489885,0.9875220656394958,1,unknown
0.2214591205120086,0.0812372490763664,1.373906135559082,0.02831257507205,0.0,0.6757681369781494,1876,5734.193560598011,0.987930417060852,1,unknown
0.2415613085031509,0.0761261284351348,1.6084080934524536,0.0459437295794487,0.0,0.667241632938385,1877,5737.475043143029,0.9882943034172058,1,unknown
0.4078342318534851,0.267242282629013,1.3742973804473877,0.0316222347319126,0.0,0.679823637008667,1878,5740.606496864988,0.9886195063591005,1,unknown
0.3231286406517029,0.0667141079902648,2.482599258422852,0.0815462470054626,0.0,0.7590955495834351,1879,5743.365257909987,0.9887973070144652,0,unknown
0.2069525718688964,0.0735597759485244,1.3053021430969238,0.0286258440464735,0.0,0.7816425561904907,1880,5746.363972918014,0.9890176653862,1,unknown
0.2955075800418854,0.1713370531797409,1.2167723178863523,0.0249328650534153,0.0,0.8270801305770874,1881,5749.528309674002,0.9892988801002502,1,unknown
0.2903504073619842,0.1558719873428344,1.3196440935134888,0.0251401215791702,0.0,0.7312012314796448,1882,5752.648573724029,0.989525556564331,1,unknown
0.4577577710151672,0.1717543303966522,2.7379043102264404,0.1221296638250351,0.0,1.2826151847839355,1883,5755.588904134987,0.9899417161941528,0,unknown
0.1642557680606842,0.0473451577126979,1.1498395204544067,0.0192666351795196,0.0,0.6621318459510803,1884,5758.663771092019,0.9903513193130492,1,unknown
0.337786465883255,0.1986054331064224,1.3616909980773926,0.0301193688064813,0.0,0.5812563300132751,1885,5761.807116921002,0.9907183647155762,1,unknown
0.150138646364212,0.0204642619937658,1.2686699628829956,0.0280739478766918,0.0,0.3753963708877563,1886,5764.77643897204,0.991027057170868,1,unknown
0.2142403870820999,0.068304605782032,1.4257214069366455,0.0336365699768066,0.0,0.4515173137187958,1887,5767.885590362013,0.9912797808647156,1,unknown
0.2189915478229522,0.089475393295288,1.2710756063461304,0.0240857377648353,0.0,0.6696997284889221,1888,5771.010326910007,0.9914302229881288,1,unknown
0.2246833741664886,0.0726163312792778,1.4830291271209717,0.0376413762569427,0.0,0.840945839881897,1889,5773.912275634997,0.9915987253189088,1,unknown
0.2745958566665649,0.1403623670339584,1.314795732498169,0.0275389924645423,0.0,0.8754273653030396,1890,5777.076982675993,0.9917201995849608,1,unknown
0.1763753294944763,0.0397525206208229,1.3381224870681765,0.0281055308878421,0.0,0.7476329207420349,1891,5780.024675065011,0.9918506145477296,1,unknown
0.4066109955310821,0.1625725328922271,2.342746496200561,0.0976382791996002,0.0,1.6505279541015625,1892,5783.015237218991,0.993179738521576,0,unknown
0.2337112873792648,0.1079586073756218,1.2322373390197754,0.0252892225980758,0.0,0.4485411345958709,1893,5786.201900957036,0.9944089651107788,1,unknown
0.2853219211101532,0.143773004412651,1.3871397972106934,0.0283489245921373,0.0,0.6136783957481384,1894,5789.503676969034,0.9954917430877686,1,unknown
0.2369383573532104,0.0955376848578453,1.3828119039535522,0.0311947055160999,0.0,0.4481658637523651,1895,5792.632085090037,0.9963974952697754,1,unknown
0.2072588950395584,0.0800107941031456,1.2497682571411133,0.0227125957608222,0.0,0.5607883930206299,1896,5795.651221868,0.9972386360168456,1,unknown
0.1544482260942459,0.0171130187809467,1.3439027070999146,0.0294492058455944,0.0,0.5588851571083069,1897,5798.79660664004,0.9982426166534424,1,unknown
0.1794614195823669,0.0552729777991771,1.220275640487671,0.0216085277497768,0.0,0.6256255507469177,1898,5802.127989304019,0.999134361743927,1,unknown
0.2081930637359619,0.0829334482550621,1.2255330085754397,0.0270632188767194,0.0,0.6591804027557373,1899,5805.152348422038,0.9999088644981384,1,unknown
0.3933724761009216,0.1442892402410507,2.399226427078247,0.0916062220931053,0.0,1.549206018447876,1900,5808.025677778991,0.999070167541504,0,unknown
0.2309679687023162,0.095211237668991,1.330738186836243,0.0268289167433977,0.0,0.7404119968414307,1901,5811.069080595044,0.9982886910438538,1,unknown
0.4671044945716858,0.194237932562828,2.624905586242676,0.1037596017122268,0.0,1.0387200117111206,1902,5814.212905229011,0.997452974319458,0,unknown
0.1994114965200424,0.0698228478431701,1.2719324827194214,0.0239539891481399,0.0,0.3552336990833282,1903,5817.351727976988,0.9967117309570312,1,unknown
0.3910801112651825,0.1367648839950561,2.4451935291290283,0.0979587137699127,0.0,0.9535139799118042,1904,5820.34828702599,0.9961903691291808,0,unknown
0.3458784818649292,0.2125445455312729,1.3008639812469482,0.032475147396326,0.0,0.9033457040786744,1905,5823.263773888,0.9957551956176758,1,unknown
0.2218776047229766,0.0897727981209755,1.2957230806350708,0.0253250263631343,0.0,0.5411975979804993,1906,5826.592932067986,0.9953713417053224,1,unknown
0.3533974289894104,0.0778521969914436,2.6555638313293457,0.0998887345194816,0.0,0.9599247574806212,1907,5829.493774559,0.9967702627182008,0,unknown
0.215717613697052,0.0799118131399154,1.3291637897491455,0.028894267976284,0.0,0.6806747913360596,1908,5832.417092708987,0.9981123208999634,1,unknown
0.1792871654033661,0.0380819588899612,1.3778393268585205,0.0342127345502376,0.0,0.5705316066741943,1909,5835.404273882043,0.9994012117385864,1,unknown
0.2525458335876465,0.1002657413482666,1.4938839673995972,0.0289172157645225,0.0,0.7975138425827026,1910,5838.495942842041,1.000781774520874,1,unknown
0.3306616842746734,0.1298438161611557,1.929856538772583,0.0783224403858184,0.0,1.6072338819503784,1911,5841.483857631043,1.0006130933761597,0,unknown
0.1757746785879135,0.0425858348608017,1.3040817975997925,0.0278065726161003,0.0,0.3730826377868652,1912,5844.598793276004,1.0005881786346436,1,unknown
0.3931952118873596,0.2717276513576507,1.1936334371566772,0.0210419818758964,0.0,0.6806414127349854,1913,5847.6800193880335,1.0006266832351685,1,unknown
0.403127372264862,0.1610027253627777,2.329554796218872,0.0916916131973266,0.0,0.6819681525230408,1914,5850.572996114031,1.0006835460662842,0,unknown
0.4488286972045898,0.1854535490274429,2.531369209289551,0.1023826673626899,0.0,0.7608351111412048,1915,5853.639542480989,1.0011439323425293,0,unknown
0.4374818503856659,0.1471303403377533,2.7815630435943604,0.1219516023993492,0.0,1.1232751607894895,1916,5856.546767187014,1.0023689270019531,0,unknown
0.1932938396930694,0.0493616200983524,1.4082409143447876,0.0310811474919319,0.0,0.9484286904335022,1917,5859.620534764021,1.003393054008484,1,unknown
0.3550717532634735,0.0760372728109359,2.667343616485596,0.1230012029409408,0.0,1.112975001335144,1918,5862.431156283012,1.0041929483413696,0,unknown
0.3228880763053894,0.1968699395656585,1.2355589866638184,0.0246226321905851,0.0,0.7798802852630615,1919,5865.703775483009,1.004991888999939,1,unknown
0.2291477769613266,0.0858780741691589,1.402473211288452,0.0302237514406442,0.0,0.7268562912940979,1920,5868.737113373994,1.0057483911514282,1,unknown
0.272361159324646,0.1233406960964202,1.457634687423706,0.0325700044631958,0.0,1.0338469743728638,1921,5871.693416489987,1.006448745727539,1,unknown
0.2177790105342865,0.0670664310455322,1.4766076803207395,0.0305180288851261,0.0,0.5576629638671875,1922,5874.870043220988,1.007132649421692,1,unknown
0.2075137794017791,0.0603653900325298,1.4391357898712158,0.0323479250073432,0.0,0.582880437374115,1923,5878.274559259997,1.0077569484710691,1,unknown
0.1976848989725113,0.0619044154882431,1.3303730487823486,0.0274316631257534,0.0,0.5537497401237488,1924,5881.249985404022,1.0083374977111816,1,unknown
0.2229181975126266,0.0849807932972908,1.3505743741989136,0.0287997294217348,0.0,0.5311914086341858,1925,5884.37349324004,1.0088505744934082,1,unknown
0.1978692561388015,0.0519274622201919,1.428491234779358,0.030926838517189,0.0,0.6219842433929443,1926,5887.438279113034,1.00939679145813,1,unknown
0.1771763265132904,0.0434519052505493,1.3121258020401,0.0251184571534395,0.0,0.4587652087211609,1927,5890.55570432503,1.0099178552627563,1,unknown
0.2080138176679611,0.0766259655356407,1.2906525135040283,0.0232258979231119,0.0,0.4491196274757385,1928,5893.668238824001,1.0103745460510254,1,unknown
0.3639337718486786,0.1005211323499679,2.5502736568450928,0.0838526412844657,0.0,0.7577685713768005,1929,5896.426510418009,1.0101685523986816,0,unknown
0.2176462113857269,0.0800530090928077,1.3486742973327637,0.0272578634321689,0.0,0.6029625535011292,1930,5899.392023349006,1.0100529193878174,1,unknown
0.4346950948238373,0.161884531378746,2.6215686798095703,0.1065369695425033,0.0,0.999869465827942,1931,5902.224098913022,1.0092729330062866,0,unknown
0.2060057371854782,0.0675998702645301,1.3544764518737793,0.0295821856707334,0.0,0.469078779220581,1932,5905.429308035004,1.0086158514022827,1,unknown
0.227184385061264,0.1051460206508636,1.2029768228530884,0.0174069218337535,0.0,0.5037842392921448,1933,5908.429997570987,1.0081329345703125,1,unknown
0.1748347133398056,0.0446324348449707,1.2786333560943604,0.0233892500400543,0.0,0.5633696913719177,1934,5911.398323305999,1.0077263116836548,1,unknown
0.1610645055770874,0.0392695106565952,1.1907927989959717,0.0271571762859821,0.0,0.9000357389450073,1935,5914.404308760015,1.0073219537734983,1,unknown
0.1574430614709854,0.0245032031089067,1.3016300201416016,0.0277685709297657,0.0,0.4718592166900635,1936,5917.671291517036,1.0069715976715088,1,unknown
0.2366700321435928,0.0983559936285018,1.3543275594711304,0.0288127344101667,0.0,0.7928738594055176,1937,5920.641718681029,1.0066792964935305,1,unknown
0.3545786738395691,0.1229434460401535,2.222273826599121,0.0940780639648437,0.0,0.7597131133079529,1938,5923.457563286996,1.0076286792755127,0,unknown
0.2424858063459396,0.0917506739497184,1.471682906150818,0.0356684289872646,0.0,0.7572373747825623,1939,5926.580204972997,1.008483648300171,1,unknown
0.3264295756816864,0.195587620139122,1.2861621379852295,0.0222572218626737,0.0,0.7375779747962952,1940,5929.911346175999,1.0092483758926392,1,unknown
0.3544244468212127,0.1298715770244598,2.156122922897339,0.0894059315323829,0.0,0.9868124723434448,1941,5932.655117279035,1.0118545293807983,0,unknown
0.2187985032796859,0.0686557963490486,1.470600724220276,0.0308263879269361,0.0,0.7297108173370361,1942,5935.675285039004,1.0142700672149658,1,unknown
0.1784372478723526,0.0522810444235801,1.236730933189392,0.0248311217874288,0.0,0.3948732018470764,1943,5938.574261402013,1.0164732933044434,1,unknown
0.3137073218822479,0.189945638179779,1.2165086269378662,0.0211086198687553,0.0,0.6790165305137634,1944,5941.904118912993,1.0184855461120603,1,unknown
0.2166879773139953,0.0673172250390052,1.4588818550109863,0.0348257161676883,0.0,0.8525093793869019,1945,5945.003069686994,1.0203440189361572,1,unknown
0.1650362461805343,0.0511347763240337,1.1215333938598633,0.0174813289195299,0.0,0.5367630124092102,1946,5947.955334615021,1.022028923034668,1,unknown
0.1993060559034347,0.0644668638706207,1.323349118232727,0.0250426772981882,0.0,0.5306735634803772,1947,5950.9058359340415,1.0236766338348389,1,unknown
0.1988948583602905,0.0527810417115688,1.434264898300171,0.0268730241805315,0.0,0.6536901593208313,1948,5954.049232874997,1.025182843208313,1,unknown
0.2129897773265838,0.0733937919139862,1.3664984703063965,0.0294615793973207,0.0,0.5946245789527893,1949,5957.337550798024,1.026600003242493,1,unknown
0.1918913125991821,0.0542104318737983,1.346526861190796,0.0302821416407823,0.0,0.3962678611278534,1950,5960.4739141840255,1.0278791189193726,1,unknown
0.2339669317007064,0.0934220254421234,1.3765029907226562,0.0289458464831113,0.0,0.4771007895469665,1951,5963.622080287023,1.0289654731750488,1,unknown
0.2236019819974899,0.0723912045359611,1.4807313680648804,0.0313763506710529,0.0,0.8406123518943787,1952,5966.724129626993,1.029869794845581,1,unknown
0.2903987467288971,0.1478841602802276,1.3917776346206665,0.0333684347569942,0.0,0.8643093705177307,1953,5969.832237166003,1.0307694673538208,1,unknown
0.2108696550130844,0.0855156853795051,1.2338297367095947,0.0197099819779396,0.0,0.39841029047966,1954,5972.750783058989,1.0315946340560913,1,unknown
0.2229449301958084,0.0704298615455627,1.4920250177383425,0.0331258326768875,0.0,0.7048500776290894,1955,5975.768638011999,1.0324066877365112,1,unknown
0.2157380580902099,0.0805682390928268,1.329761266708374,0.0219370052218437,0.0,0.3398080170154571,1956,5978.759275591001,1.0331326723098757,1,unknown
0.3705840706825256,0.122069351375103,2.3935353755950928,0.0916118547320365,0.0,1.169434666633606,1957,5981.837970236025,1.0334501266479492,0,unknown
0.2379304319620132,0.0759980455040931,1.5854027271270752,0.0339210629463195,0.0,0.4892707169055938,1958,5984.81758739904,1.0337990522384644,1,unknown
0.2037731558084488,0.072957307100296,1.284360408782959,0.0237980745732784,0.0,0.4372144341468811,1959,5987.943475920998,1.034124732017517,1,unknown
0.1952904611825943,0.0383834317326545,1.5286173820495603,0.0404528118669986,0.0,0.7819532752037048,1960,5991.108399634017,1.0344769954681396,1,unknown
0.222944363951683,0.0814289301633834,1.3880506753921509,0.0271036382764577,0.0,0.9783787131309508,1961,5994.388423038006,1.0346351861953735,1,unknown
0.2112001031637191,0.058783158659935,1.492963194847107,0.0312063321471214,0.0,0.8927902579307556,1962,5997.417394636024,1.03485369682312,1,unknown
0.2579698860645294,0.1086183786392211,1.460377812385559,0.0331371612846851,0.0,0.5840941071510315,1963,6000.419942382025,1.0350254774093628,1,unknown
0.2053375840187072,0.0699963420629501,1.3250019550323486,0.0284103713929653,0.0,0.4142079055309295,1964,6003.545954231988,1.0352424383163452,1,unknown
0.2202093303203582,0.1066497713327407,1.116241693496704,0.0193537604063749,0.0,0.7865363359451294,1965,6006.853142245032,1.0354360342025757,1,unknown
0.1619965136051178,0.0355427972972393,1.2383664846420288,0.026170577853918,0.0,0.521014928817749,1966,6009.879340135027,1.035603642463684,1,unknown
0.2213830351829528,0.0868273898959159,1.3149439096450806,0.030612202361226,0.0,0.8556255102157593,1967,6013.033886948018,1.03571879863739,1,unknown
0.4039656519889831,0.1703336536884308,2.25149917602539,0.0848206654191017,0.0,1.398207187652588,1968,6016.222658322018,1.033461332321167,0,unknown
0.1883924603462219,0.0586271062493324,1.2738147974014282,0.0238386821001768,0.0,0.5335249304771423,1969,6019.368731659022,1.0314537286758425,1,unknown
0.2629518806934356,0.1233403086662292,1.3629547357559204,0.0331611111760139,0.0,0.7429832816123962,1970,6022.709262413031,1.0295968055725098,1,unknown
0.2111422419548034,0.0893940031528472,1.198976755142212,0.0185055527836084,0.0,0.6968080997467041,1971,6025.634693380038,1.027974247932434,1,unknown
0.1634266376495361,0.0215881317853927,1.3854351043701172,0.0329498797655105,0.0,0.5258749127388,1972,6028.644475715992,1.0265233516693115,1,unknown
0.2059614658355713,0.0752259567379951,1.280720353126526,0.0266348328441381,0.0,0.7147384285926819,1973,6031.687554678996,1.025267481803894,1,unknown
0.3011074960231781,0.1381505727767944,1.591347098350525,0.0382221452891826,0.0,0.5837855339050293,1974,6034.951645123016,1.024120807647705,1,unknown
0.3629068732261657,0.2160518765449524,1.4374818801879885,0.0310681946575641,0.0,0.8094004392623901,1975,6037.974287016026,1.023011565208435,1,unknown
0.2146794348955154,0.0819834619760513,1.2997349500656128,0.0272247828543186,0.0,0.4791712164878845,1976,6040.971825916029,1.022087335586548,1,unknown
0.2244189381599426,0.0759607329964637,1.453072190284729,0.0315097048878669,0.0,0.8845347166061401,1977,6044.0729700020165,1.0212185382843018,1,unknown
0.1568986624479293,0.0341368466615676,1.2033958435058594,0.0242222920060157,0.0,0.4177711308002472,1978,6047.180677161028,1.0204921960830688,1,unknown
0.3344313204288482,0.0982368215918541,2.2683920860290527,0.0935526117682457,0.0,0.8729571104049683,1979,6049.958502791997,1.0195411443710327,0,unknown
0.2125506401062011,0.0939126461744308,1.1685056686401367,0.0178742744028568,0.0,0.6877756714820862,1980,6053.093230257044,1.0187959671020508,1,unknown
0.3362424075603485,0.2073846310377121,1.2658145427703855,0.0227630920708179,0.0,1.2274633646011353,1981,6056.1151346060215,1.0182745456695557,1,unknown
0.190627247095108,0.0753611549735069,1.1357587575912476,0.0169019717723131,0.0,0.4798889756202698,1982,6059.444516855001,1.0178380012512207,1,unknown
0.1941661685705185,0.0565394461154937,1.3497706651687622,0.0264965146780014,0.0,0.7052258253097534,1983,6062.626961942995,1.0173879861831665,1,unknown
0.3490148782730102,0.1322817355394363,2.094674587249756,0.0726566612720489,0.0,0.9789671301841736,1984,6065.641059860995,1.0162734985351562,0,unknown
0.3014557659626007,0.1548887938261032,1.4339258670806885,0.0317436046898365,0.0,0.8620468378067017,1985,6068.739888527023,1.015171766281128,1,unknown
0.2665848731994629,0.1343587189912796,1.296271800994873,0.025989519432187,0.0,0.615967333316803,1986,6071.904852900014,1.014222264289856,1,unknown
0.235781654715538,0.092322900891304,1.4034959077835083,0.0310917217284441,0.0,0.6387109160423279,1987,6074.565680382017,1.0134267807006836,1,unknown
0.2292594164609909,0.0879544988274574,1.3838682174682615,0.0291809570044279,0.0,0.5397128462791443,1988,6077.189247033035,1.0126492977142334,1,unknown
0.200924664735794,0.0651682615280151,1.3286724090576172,0.0288916360586881,0.0,0.6964530348777771,1989,6079.863998702029,1.0119686126708984,1,unknown
0.2155490964651107,0.0771851241588592,1.3553990125656128,0.0282409228384494,0.0,0.7345553636550903,1990,6082.744147634017,1.0113205909729004,1,unknown
0.2268024981021881,0.0803990513086319,1.4342507123947144,0.0297839734703302,0.0,0.6896691918373108,1991,6085.669133177027,1.0106236934661863,1,unknown
0.197586253285408,0.0605647452175617,1.3457951545715332,0.0244199261069297,0.0,0.5088134407997131,1992,6088.640253497986,1.009986162185669,1,unknown
0.2267020791769027,0.092484250664711,1.3119930028915403,0.0301852468401193,0.0,0.5688838362693787,1993,6091.581874002994,1.0094897747039795,1,unknown
0.176163911819458,0.0532630570232868,1.2072137594223022,0.021794656291604,0.0,0.4379694759845733,1994,6094.33332076401,1.0091205835342407,1,unknown
0.2631354331970215,0.109468325972557,1.4995365142822266,0.0371343679726123,0.0,1.0502867698669434,1995,6097.526878464036,1.0088015794754028,1,unknown
0.1920902580022812,0.0569079220294952,1.321189045906067,0.030634306371212,0.0,0.7616166472434998,1996,6100.449156762043,1.0085060596466064,1,unknown
0.2062962055206298,0.0729986950755119,1.307887077331543,0.0250881947576999,0.0,0.4120158851146698,1997,6103.1630062140175,1.0081485509872437,1,unknown
0.3669872879981994,0.2254274487495422,1.384524941444397,0.0310733988881111,0.0,0.7327814698219299,1998,6105.98332713003,1.007845401763916,1,unknown
0.1819383651018142,0.0495003163814544,1.298304796218872,0.0260755736380815,0.0,0.3996296226978302,1999,6108.285802664992,1.007622480392456,1,unknown
0.2401333451271057,0.1127497255802154,1.2506359815597534,0.0232001636177301,0.0,0.4828789234161377,2000,6110.88312165899,1.0074797868728638,1,unknown
0.1464476287364959,0.0217811502516269,1.2250494956970217,0.0216151662170887,0.0,0.519111692905426,2001,6113.53018044302,1.0074193477630615,1,unknown
0.2547080814838409,0.0923918932676315,1.586402416229248,0.036759577691555,0.0,0.542484700679779,2002,6116.2182975930045,1.0073096752166748,1,unknown
0.2016577571630478,0.0729228556156158,1.264146089553833,0.0232029035687446,0.0,0.5172510147094727,2003,6119.165149523993,1.0073083639144895,1,unknown
0.2095776498317718,0.0925155952572822,1.1512571573257446,0.0193632747977972,0.0,0.729759156703949,2004,6121.862146909989,1.007299542427063,1,unknown
0.3144815266132355,0.1748626828193664,1.3648749589920044,0.0313135683536529,0.0,0.675514280796051,2005,6124.474302146002,1.0072863101959229,1,unknown
0.1664419025182724,0.0368001013994216,1.2730419635772705,0.0233761332929134,0.0,0.4706611335277557,2006,6127.253325102036,1.007244110107422,1,unknown
0.2254407405853271,0.0800221413373947,1.422875165939331,0.0313105471432209,0.0,0.5238461494445801,2007,6130.2768551370245,1.007160782814026,1,unknown
0.1880188435316085,0.0514624677598476,1.3391783237457275,0.0263853799551725,0.0,0.4798459708690643,2008,6133.035593612003,1.0071030855178833,1,unknown
0.1739218533039093,0.0450672507286071,1.2675256729125977,0.0210202243179082,0.0,0.4193156063556671,2009,6135.810871659021,1.0069917440414429,1,unknown
0.2007026076316833,0.0526008792221546,1.4526969194412231,0.0283202454447746,0.0,0.6117443442344666,2010,6137.9961348210345,1.00692880153656,1,unknown
0.2116863280534744,0.0925144329667091,1.17257821559906,0.0191408917307853,0.0,0.6651230454444885,2011,6140.826517152018,1.0068376064300537,1,unknown
0.2273146957159042,0.0988476946949958,1.261685132980347,0.0229849703609943,0.0,0.6648880839347839,2012,6143.452330778004,1.006748914718628,1,unknown
0.1868165433406829,0.0509549044072628,1.3342583179473877,0.0243580397218465,0.0,0.4559882283210754,2013,6146.167723633989,1.0066949129104614,1,unknown
0.2042281627655029,0.0665721222758293,1.346904754638672,0.029655572026968,0.0,0.4703421592712402,2014,6149.049866918998,1.0066845417022705,1,unknown
0.1743279248476028,0.0431773178279399,1.287411093711853,0.0240948870778083,0.0,0.4188220202922821,2015,6151.94394541299,1.006618857383728,1,unknown
0.1908793747425079,0.0584386065602302,1.2990964651107788,0.0253111775964498,0.0,0.4811268150806427,2016,6154.909083398001,1.0066407918930054,1,unknown
0.1662929505109787,0.0312224216759204,1.3200335502624512,0.0306716132909059,0.0,0.5088347792625427,2017,6157.516369967023,1.0066933631896973,1,unknown
0.2641752362251282,0.1302514821290969,1.3134551048278809,0.0257822070270776,0.0,0.702758252620697,2018,6160.409220259986,1.006842851638794,1,unknown
0.2174016833305359,0.110138401389122,1.054175615310669,0.0184572953730821,0.0,0.7233766317367554,2019,6163.0312569300295,1.0070044994354248,1,unknown
0.3313344120979309,0.1910600811243057,1.372270584106445,0.0304727517068386,0.0,0.8214436173439026,2020,6165.856372389011,1.0072311162948608,1,unknown
0.3791263401508331,0.1537763178348541,2.1775171756744385,0.0759829059243202,0.0,0.5943982601165771,2021,6168.306741795037,1.0079176425933838,0,unknown
0.192740261554718,0.0435634702444076,1.460960865020752,0.0308072939515113,0.0,0.4848645031452179,2022,6170.923986767011,1.008672118186951,1,unknown
0.1887669414281845,0.0373874306678772,1.4768916368484497,0.0369034111499786,0.0,0.4805924594402313,2023,6173.795205164002,1.009315848350525,1,unknown
0.4976297616958618,0.2292459905147552,2.58579158782959,0.098046213388443,0.0,1.0621885061264038,2024,6176.456574125041,1.0092759132385254,0,unknown
0.2635211646556854,0.1197307854890823,1.408945918083191,0.0289580691605806,0.0,0.9671044945716858,2025,6179.401497895015,1.0092684030532837,1,unknown
0.3312084376811981,0.1934909969568252,1.3502353429794312,0.0269391294568777,0.0,0.6538614630699158,2026,6182.011931002024,1.009181022644043,1,unknown
0.2165769934654235,0.0740342587232589,1.395017147064209,0.0304100476205348,0.0,0.5322744846343994,2027,6184.986263856001,1.0091809034347534,1,unknown
0.213762879371643,0.0862859040498733,1.250783920288086,0.023985993117094,0.0,0.7052946090698242,2028,6187.768019112991,1.0091983079910278,1,unknown
0.1984615623950958,0.0618164204061031,1.3422685861587524,0.0241826754063367,0.0,0.5685409903526306,2029,6189.9524589870125,1.0091619491577148,1,unknown
0.1985528022050857,0.0578276477754116,1.3806036710739136,0.0266479048877954,0.0,2.006777048110962,2030,6192.96911846404,1.0090116262435913,1,unknown
0.1552958339452743,0.0314133055508136,1.217820644378662,0.0210045836865901,0.0,0.663734495639801,2031,6196.227681007003,1.0088319778442385,1,unknown
0.216284692287445,0.082029290497303,1.3151525259017944,0.0274013541638851,0.0,0.5684401392936707,2032,6199.557319652988,1.0086272954940796,1,unknown
0.1444995254278183,0.0253830403089523,1.1707810163497925,0.0203837789595127,0.0,0.3935490250587463,2033,6202.588677730993,1.008407473564148,1,unknown
0.2159548848867416,0.0694758221507072,1.433610200881958,0.0311804004013538,0.0,0.6533042788505554,2034,6205.611707399017,1.0081640481948853,1,unknown
0.199468582868576,0.068227618932724,1.28899085521698,0.0234187208116054,0.0,0.5857216715812683,2035,6208.5590425099945,1.0078994035720823,1,unknown
0.1578413844108581,0.036951471120119,1.1877412796020508,0.0211578980088233,0.0,0.7188419699668884,2036,6211.422348199005,1.0077110528945925,1,unknown
0.2226375341415405,0.0774207264184951,1.422840595245361,0.0293274093419313,0.0,0.435874879360199,2037,6214.436444364023,1.0075455904006958,1,unknown
0.1680382043123245,0.0239303037524223,1.4120540618896484,0.0290246810764074,0.0,0.4428322613239288,2038,6217.205454500043,1.0073521137237549,1,unknown
0.3226375877857208,0.1931812763214111,1.2728745937347412,0.0216884054243564,0.0,0.7181130051612854,2039,6220.228202547994,1.0071982145309448,1,unknown
0.2351469844579696,0.0980584844946861,1.3461499214172363,0.0247350223362445,0.0,0.4948799908161163,2040,6223.136034162017,1.0070807933807373,1,unknown
0.2677781283855438,0.1258677840232849,1.383750319480896,0.0353531055152416,0.0,0.5873261094093323,2041,6226.184925127018,1.0070735216140747,1,unknown
0.2205377966165542,0.1063929796218872,1.120950698852539,0.0204973574727773,0.0,0.6491348743438721,2042,6229.021051208023,1.0070136785507202,1,unknown
0.1972765177488327,0.0544621050357818,1.400213599205017,0.0279304217547178,0.0,0.4814129471778869,2043,6232.0555674060015,1.0070255994796753,1,unknown
0.1819370090961456,0.0413788892328739,1.3675905466079712,0.0379906110465526,0.0,0.6813945174217224,2044,6235.05307853804,1.0070853233337402,1,unknown
0.1942254304885864,0.0786428749561309,1.1375322341918943,0.0182932708412408,0.0,0.5578537583351135,2045,6238.294116039993,1.0071487426757812,1,unknown
0.2076646238565445,0.0746302753686904,1.3078333139419556,0.0225101560354232,0.0,0.8602126836776733,2046,6241.271322195011,1.0071344375610352,1,unknown
0.2423040121793747,0.1061177924275398,1.3335685729980469,0.0282935407012701,0.0,0.659663200378418,2047,6244.038846440031,1.007137894630432,1,unknown
0.429550439119339,0.1709311157464981,2.484894275665283,0.1012993976473808,0.0,1.6911697387695312,2048,6246.885062707996,1.0073102712631226,0,unknown
0.4549093246459961,0.204964280128479,2.298845767974853,0.1842413991689682,0.1636309176683426,5.185471057891846,1,3.4618392920237966,0.0009762563859112,1,masked
0.4550409317016601,0.195006176829338,2.403411388397217,0.185179591178894,0.117562249302864,4.34236478805542,2,6.197799698042218,0.0022067837417125,1,masked
0.3939404189586639,0.1426284313201904,2.3771190643310547,0.1260730028152465,0.0992792397737503,4.468074321746826,3,9.37121081101941,0.0039152232930064,1,masked
0.6445546746253967,0.3568961024284363,2.674911975860596,0.1863058507442474,0.1536756753921508,9.482712745666504,4,12.22445537004387,0.0061015989631414,1,masked
0.529924750328064,0.243169829249382,2.6736230850219727,0.1746279895305633,0.1929829865694046,4.060840129852295,5,14.17584675300168,0.0083623519167304,1,masked
0.4086089730262756,0.1614618301391601,2.329596996307373,0.1300221383571624,0.1185204535722732,5.095909595489502,6,16.791633407992776,0.0108570083975791,1,masked
0.4797856211662292,0.2214761525392532,2.443526268005371,0.1274316608905792,0.1213656365871429,4.465710163116455,7,19.415357393037997,0.0138771794736385,1,masked
0.5250176191329956,0.273466408252716,2.408175230026245,0.1017492562532424,0.0558740496635437,20.70733642578125,8,22.256205240031704,0.0167444627732038,1,masked
0.5794891715049744,0.3291959166526794,2.3726730346679688,0.1178451105952262,0.1241446137428283,4.810166835784912,9,24.874163085012697,0.0197694431990385,1,masked
0.404052585363388,0.1506813615560531,2.4340898990631104,0.0879329890012741,0.1168914437294006,4.619363784790039,10,27.46286264102673,0.0226329620927572,1,masked
0.3926781713962555,0.162228986620903,2.222299814224243,0.0766219720244407,0.055700596421957,3.248396396636963,11,30.31143604899989,0.0256165601313114,1,masked
0.4502189457416534,0.2010770887136459,2.4068665504455566,0.0775188505649566,0.0703350007534027,8.7902193069458,12,33.60096974403132,0.0292314197868108,1,masked
0.5594934225082397,0.2941998243331909,2.538355588912964,0.0975438505411148,0.1703654676675796,32.479305267333984,13,36.62919515103568,0.0328506417572498,1,masked
0.4951032400131225,0.2617149949073791,2.2619686126708984,0.065631628036499,0.0628230720758438,2.921591758728028,14,39.4134284130414,0.0366011559963226,1,masked
0.4392319321632385,0.1638931035995483,2.653208017349243,0.0924795046448707,0.0770114809274673,3.8110296726226807,15,42.03166496899212,0.0410313196480274,1,masked
0.3949365615844726,0.1866281330585479,2.029886484146118,0.0476653203368186,0.0553215742111206,3.1943490505218506,16,45.002657303994056,0.04551612585783,1,masked
0.4327986240386963,0.1852037608623504,2.4115023612976074,0.0580713711678981,0.0637492313981056,3.684892177581787,17,47.59887933201389,0.0504372753202915,1,masked
0.5195884108543396,0.2587336897850036,2.5201737880706787,0.0828335657715797,0.055400550365448,3.46903395652771,18,50.21722522802884,0.0561004094779491,1,masked
0.4647561311721802,0.2201836109161377,2.344005584716797,0.0943781584501266,0.0734186023473739,3.7583041191101074,19,52.893165938032325,0.0616861879825592,1,masked
0.7114739418029785,0.4414339363574981,2.5838770866394043,0.1086939200758934,0.0782910138368606,7.029139518737793,20,55.74479123600759,0.0667797848582267,0,masked
0.6204283833503723,0.386848896741867,2.299403429031372,0.0295990407466888,0.0679195299744606,2.8661580085754395,21,58.31932871200843,0.0711847320199012,1,masked
0.4650944471359253,0.2380915582180023,2.199634790420532,0.0643636137247085,0.0603026524186134,4.022671222686768,22,61.264215088041965,0.0758527368307113,1,masked
0.6031059622764587,0.3306633234024048,2.6185967922210693,0.0950932949781417,0.1073619201779365,3.294399738311768,23,64.05616454902338,0.0808520168066024,0,masked
0.3380071818828583,0.1090169996023178,2.2295310497283936,0.0540094971656799,0.0636139065027237,3.60993242263794,24,67.35136817902094,0.0860686227679252,1,masked
0.6148471236228943,0.3627034425735473,2.427999258041382,0.0856872648000717,0.0775006785988807,4.760583877563477,25,70.28991018503439,0.0912406668066978,1,masked
0.4148756861686706,0.1926720142364502,2.146202325820923,0.0688201338052749,0.0701447501778602,2.8074567317962646,26,73.27497204602696,0.0965956896543502,1,masked
0.6534237265586853,0.3758441805839538,2.683298349380493,0.081704594194889,0.1079241037368774,3.25354552268982,27,76.10238113004016,0.1015760377049446,0,masked
0.3911174833774566,0.154021069407463,2.2943601608276367,0.0712693631649017,0.0533456243574619,2.91890287399292,28,79.47809575503925,0.106521189212799,1,masked
0.3994255363941192,0.1367375552654266,2.519009113311768,0.1024009063839912,0.0546979382634162,3.1087076663970947,29,82.83419155504089,0.1113627627491951,1,masked
0.4861110150814056,0.2420569956302642,2.3395049571990967,0.0923769325017929,0.0865835174918174,21.920764923095703,30,85.9357059050235,0.1160806119441986,0,masked
0.4565837383270263,0.2216447740793228,2.2712862491607666,0.0717868357896804,0.0631649494171142,3.5427517890930176,31,89.10131554701366,0.1206922754645347,1,masked
0.6026935577392578,0.355751633644104,2.366788387298584,0.0931075364351272,0.0952348932623863,2.5487289428710938,32,92.50889978202758,0.1250272095203399,1,masked
0.4082319438457489,0.1760501414537429,2.239514112472534,0.0684616416692733,0.1384216248989105,5.0342936515808105,33,95.85360247798964,0.1292561590671539,1,masked
0.376125305891037,0.140847161412239,2.300297975540161,0.0475425012409687,0.0494133718311786,1.4499930143356323,34,99.17253762600012,0.134761244058609,1,masked
0.468815803527832,0.2137993574142456,2.465527296066284,0.0776034295558929,0.0703344866633415,3.94504714012146,35,102.32469604403012,0.1403656154870987,1,masked
0.3552181422710418,0.1288107484579086,2.2063217163085938,0.0545594207942485,0.0319279767572879,3.2240641117095947,36,105.5757553470321,0.1456929892301559,1,masked
0.3820079267024994,0.1563197970390319,2.1821746826171875,0.0684818178415298,0.062247909605503,11.264458656311035,37,108.9425757570425,0.1508311778306961,1,masked
0.3669559955596924,0.098453514277935,2.584290742874145,0.0925795435905456,0.0815461501479148,2.52237606048584,38,112.10801488900324,0.1556006520986557,1,masked
0.6046017408370972,0.3805572986602783,2.180850982666016,0.0529955513775348,0.0659870877861976,3.6501717567443848,39,115.2300337520428,0.1600865572690963,1,masked
0.3786919713020324,0.1176194548606872,2.53255033493042,0.0720003843307495,0.0617442056536674,2.0916850566864014,40,118.45787137700243,0.1644696742296219,1,masked
0.5350880026817322,0.2721414268016815,2.542027711868286,0.0770169124007225,0.1042105033993721,5.063098430633545,41,121.6839784050244,0.1690356135368347,1,masked
0.3487088680267334,0.0946123749017715,2.440295457839966,0.0893705561757087,0.1129884868860244,2.062506437301636,42,124.74640012800228,0.1738590896129608,1,masked
0.3884173333644867,0.1735124886035919,2.105635643005371,0.03813461586833,0.0527844503521919,2.9569246768951416,43,127.89014395402046,0.1784479320049286,1,masked
0.3429760634899139,0.1035990715026855,2.314777374267578,0.0714709684252739,0.0752173066139221,1.486332654953003,44,130.8311671090196,0.1834373623132705,1,masked
0.4570115804672241,0.2111480385065078,2.379390954971313,0.0726087614893913,0.0663572400808334,3.4722018241882324,45,134.10462715104222,0.1880179196596145,1,masked
0.6772803664207458,0.4147551357746124,2.5365633964538574,0.0811999589204788,0.0748926848173141,11.953110694885254,46,136.96119685901795,0.1931325644254684,0,masked
0.437008261680603,0.1887488514184951,2.3948535919189453,0.0805312469601631,0.0720901787281036,1.9318788051605225,47,139.9224890160258,0.1984694898128509,1,masked
0.38580322265625,0.1260164380073547,2.5137524604797363,0.0784498453140258,0.0566546283662319,1.5507687330245972,48,143.2656779300305,0.2035883665084839,1,masked
0.3582252264022827,0.1339175999164581,2.190560817718506,0.0505178943276405,0.0199761614203453,2.092386245727539,49,146.60612653702265,0.2079858034849167,1,masked
0.4488240480422973,0.1689357906579971,2.676753282546997,0.1152475997805595,0.0688134282827377,3.734018564224243,50,150.06498013203964,0.2121589183807373,1,masked
0.4329110085964203,0.204147607088089,2.202809333801269,0.0776387527585029,0.071860134601593,4.362664699554443,51,153.09480308101047,0.2162079960107803,1,masked
0.4275864064693451,0.1941196918487548,2.2669477462768555,0.063468798995018,0.0425082296133041,1.6610510349273682,52,156.26884216599865,0.2214014232158661,1,masked
0.3994745016098022,0.1803860068321228,2.1262896060943604,0.0592283606529235,0.053670659661293,1.6089117527008057,53,159.37431644002208,0.2267252951860427,1,masked
0.398353099822998,0.1580597311258316,2.3154101371765137,0.0808081924915313,0.0671538561582565,2.3556315898895264,54,162.4161019140156,0.2318335324525833,1,masked
0.3582368791103363,0.1436184048652649,2.079287528991699,0.0637515038251876,0.0314613692462444,3.3423285484313965,55,165.397707119002,0.2369255721569061,1,masked
0.3699226975440979,0.1507097333669662,2.13950252532959,0.0488922595977783,0.0373485535383224,2.6573705673217773,56,168.36992668901803,0.2420165538787841,1,masked
0.4659850597381592,0.2313241362571716,2.259725570678711,0.0784327238798141,0.0845086798071861,1.6346169710159302,57,171.567692887038,0.2472989112138748,1,masked
0.4188934564590454,0.1697016656398773,2.4077811241149902,0.0775103345513343,0.0662635117769241,1.3440687656402588,58,174.61463042802643,0.251404196023941,1,masked
0.4107682406902313,0.1858485341072082,2.1952133178710938,0.0477862730622291,0.0619720444083213,1.4448790550231934,59,177.60628120001638,0.2547332942485809,1,masked
0.4286747276782989,0.1790641695261001,2.410560369491577,0.0811638012528419,0.0438105314970016,2.6028263568878174,60,180.57321066001896,0.2580550611019134,1,masked
0.3094528317451477,0.080601617693901,2.2410171031951904,0.0425162985920906,0.0497861877083778,1.6574885845184326,61,183.56719047599472,0.261315643787384,1,masked
0.3682268559932709,0.1491256952285766,2.133815050125122,0.0531984567642211,0.0399815067648887,1.2927371263504028,62,186.752197091002,0.2651695907115936,1,masked
0.372450590133667,0.0837580114603042,2.7732393741607666,0.10610331594944,0.0758252441883087,2.4879310131073,63,189.36411555699303,0.2694809734821319,0,masked
0.3651328980922699,0.0999205857515335,2.549710988998413,0.0969424098730087,0.0546922162175178,1.9685933589935305,64,192.4364774299902,0.2734807133674621,1,masked
0.3549244999885559,0.1405010670423507,2.114006996154785,0.0264117252081632,0.0381570532917976,1.2905353307724,65,195.53146677202312,0.2782205939292907,1,masked
0.3597481846809387,0.1044745072722435,2.4527597427368164,0.0914525613188743,0.0852406099438667,1.4843043088912964,66,198.90470265800832,0.2830365300178528,1,masked
0.3606316447257995,0.1366206556558609,2.1736435890197754,0.0638650506734848,0.0260141491889953,2.763639211654663,67,201.0099162480328,0.2873327732086181,1,masked
0.3562644720077514,0.1376270055770874,2.1180543899536133,0.065139427781105,0.0318052545189857,1.4599798917770386,68,204.0137708080001,0.2923725247383117,1,masked
0.4175901412963867,0.1634310185909271,2.443819761276245,0.0909146070480346,0.0685671344399452,2.007544755935669,69,206.9823100939975,0.2970902323722839,1,masked
0.4359872937202453,0.2321605682373047,1.9829285144805908,0.0533122979104518,0.0202679373323917,1.8086252212524412,70,210.25396853900747,0.3018679320812225,1,masked
0.2891885340213775,0.0799998492002487,2.04780387878418,0.0403582155704498,0.0372462719678878,1.4869725704193115,71,213.20869427302387,0.3067437410354614,1,masked
0.3471481502056122,0.1399568170309066,2.02965784072876,0.0375880673527717,0.0466735698282718,1.0868364572525024,72,216.20653300901176,0.3111143410205841,1,masked
0.2675677835941314,0.0644184350967407,1.985521912574768,0.0399160385131835,0.0605557151138782,1.4507582187652588,73,219.3445838059997,0.3157240748405456,1,masked
0.3614415228366852,0.1185602992773056,2.333186388015747,0.0844117999076843,0.1121393665671348,1.7189501523971558,74,222.6204498130246,0.3206870257854461,1,masked
0.3731178939342499,0.1571305692195892,2.094151496887207,0.0597549118101596,0.0596691519021987,1.361456036567688,75,225.4368695890298,0.3255959153175354,1,masked
0.4076022803783417,0.172792449593544,2.2569947242736816,0.0807007327675819,0.1040306985378265,1.9092061519622805,76,228.0518836799893,0.3306908309459686,1,masked
0.3994234800338745,0.1970547437667846,1.9693255424499512,0.0494893938302993,0.0487300679087638,3.570171594619751,77,230.76346970099257,0.33409184217453,1,masked
0.3449557721614837,0.1166559532284736,2.209127902984619,0.0677713379263877,0.0609876811504364,1.5602141618728638,78,233.6175210410147,0.3382795453071594,1,masked
0.3675693273544311,0.13933727145195,2.219881057739258,0.0578018613159656,0.0463725179433822,1.7661173343658447,79,236.61383634601955,0.3420621752738952,1,masked
0.3525705337524414,0.0935729891061782,2.490544080734253,0.0941632464528083,0.0526798516511917,1.6935608386993408,80,239.69372859003488,0.3459288775920868,1,masked
0.320874810218811,0.0901602208614349,2.2283239364624023,0.0719941183924675,0.0682748705148696,2.357947587966919,81,242.6140076740412,0.3496734499931335,1,masked
0.3933774530887604,0.1786073446273803,2.096837043762207,0.0477692261338233,0.0309504270553588,3.5340731143951416,82,246.04682708904147,0.3532769381999969,1,masked
0.3801322281360626,0.1418476104736328,2.2939486503601074,0.0803263410925865,0.0857119634747505,1.3478431701660156,83,249.05692529299995,0.3578884899616241,1,masked
0.3751904666423797,0.152696207165718,2.161315441131592,0.0599228516221046,0.0370410904288291,1.9206629991531368,84,252.2188500270131,0.3623725473880768,1,masked
0.4160422682762146,0.1796815395355224,2.28092360496521,0.0800837874412536,0.0260021537542343,72.50878143310547,85,255.2599380959873,0.3662602007389068,1,masked
0.2800116837024688,0.0517719201743602,2.198456048965454,0.0807050764560699,0.032365795224905,1.994519114494324,86,258.01161296502687,0.369928628206253,1,masked
0.2398109883069992,0.046884462237358,1.8817017078399656,0.0438752882182598,0.0368835553526878,1.7862261533737185,87,261.3053731310065,0.3737956881523132,1,masked
0.3728954792022705,0.148626372218132,2.1803135871887207,0.0576243251562118,0.0475327521562576,1.2962027788162231,88,264.2504348340444,0.3785604834556579,1,masked
0.575193464756012,0.3570812046527862,2.12332534790039,0.0546883158385753,0.0310866218060255,13.806802749633787,89,266.45038347301306,0.3827105164527893,1,masked
0.382240742444992,0.1199148669838905,2.517440795898437,0.0977815985679626,0.0803637579083442,1.5105494260787964,90,269.5573062620242,0.3873386681079864,1,masked
0.3268925845623016,0.0847322419285774,2.3416216373443604,0.0771190524101257,0.0286270380020141,2.045491933822632,91,272.7050104300142,0.3918367028236389,1,masked
0.6609804034233093,0.4498200118541717,2.046215534210205,0.0608121268451213,0.0457633361220359,2.550370931625366,92,275.6581371540087,0.3963881731033325,1,masked
0.4779075682163238,0.2339517772197723,2.3709194660186768,0.0632506757974624,0.0538802333176136,1.670993685722351,93,278.36394965898944,0.400842934846878,1,masked
0.3701328039169311,0.1688386499881744,1.9524427652359009,0.0554507598280906,0.0504776686429977,3.321929931640625,94,281.0643892950029,0.4051967859268188,1,masked
0.4935639500617981,0.2104263305664062,2.7233200073242188,0.0976748317480087,0.1038116365671157,3.410520315170288,95,283.895368772035,0.4097610414028168,0,masked
0.6095570921897888,0.3326204717159271,2.673502206802368,0.0904885604977607,0.0537503138184547,3.059715509414673,96,286.4583535330021,0.4139097332954407,0,masked
0.3301620483398437,0.122222326695919,2.034139633178711,0.0404680855572223,0.0478896126151084,1.1887203454971311,97,289.1637514650356,0.4187337458133697,1,masked
0.3749676942825317,0.1421020328998565,2.235613346099853,0.0885351225733757,0.0450825877487659,1.5368472337722778,98,291.77216335298726,0.4233038127422333,1,masked
0.3177727162837982,0.1089638322591781,2.0314059257507324,0.0502908825874328,0.0639191195368766,3.4971277713775635,99,294.1076121410006,0.4275938868522644,1,masked
0.4455239176750183,0.1888166218996048,2.4741051197052,0.087273895740509,0.0569333024322986,1.2066664695739746,100,296.9366165919928,0.4317763745784759,1,masked
0.425898015499115,0.1814675778150558,2.3452017307281494,0.0908073335886001,0.082954429090023,1.5164120197296145,101,299.55545432301005,0.4400356411933899,1,masked
0.2829835712909698,0.0779670625925064,1.9876940250396729,0.0586255267262458,0.0384552516043186,1.548233151435852,102,302.1675274160225,0.4478499591350555,1,masked
0.3123112618923187,0.0843996033072471,2.211741209030152,0.0653327256441116,0.0204265136271715,1.4843547344207764,103,305.23263736104127,0.4552636742591858,1,masked
0.366302490234375,0.1349477171897888,2.250818967819214,0.0592198260128498,0.0350883603096008,1.0863243341445925,104,308.274526158988,0.4636679291725158,1,masked
0.3477043509483337,0.1509079486131668,1.9041672945022583,0.0590732842683792,0.0472337901592254,2.6637327671051025,105,311.38970200601034,0.4716276228427887,1,masked
0.4598453640937805,0.2363073825836181,2.1699464321136475,0.0615302771329879,0.0390355549752712,2.300537347793579,106,314.36724834202323,0.4792309999465942,1,masked
0.360456109046936,0.144798532128334,2.094727039337158,0.0602459013462066,0.0160282719880342,1.3841217756271362,107,317.762593063002,0.4868634641170501,1,masked
0.3253686726093292,0.1348237991333007,1.8609347343444824,0.0411662310361862,0.0334733240306377,0.7243017554283142,108,321.0693862410262,0.4938839972019195,1,masked
0.3599338829517364,0.1512187123298645,2.041242837905884,0.0423993468284606,0.0350950844585895,3.969865560531616,109,324.02924312703544,0.5011376142501831,1,masked
0.3487245440483093,0.1379180252552032,2.0586304664611816,0.0453887023031711,0.0404606908559799,1.336969256401062,110,326.637827758037,0.5063390135765076,1,masked
0.3814553320407867,0.1342678666114807,2.3791840076446533,0.0851543098688125,0.0753641948103904,1.1788066625595093,111,329.57000731903827,0.5118120908737183,1,masked
0.3575862348079681,0.1270599663257599,2.238804578781128,0.0599694103002548,0.064887136220932,0.908268392086029,112,332.8297485380317,0.5176888108253479,1,masked
0.3539849817752838,0.1140450537204742,2.316670179367065,0.074502483010292,0.0822652578353881,1.4808405637741089,113,335.4223785380018,0.523318350315094,1,masked
0.2936160266399383,0.0879647731781005,1.9969007968902588,0.0549497082829475,0.0466216914355754,0.9372439980506896,114,338.0332926660194,0.5289193987846375,1,masked
0.6594129800796509,0.3598307967185974,2.915435552597046,0.0700825601816177,0.1030377447605133,3.227691173553467,115,340.4799766420037,0.5344187021255493,0,masked
0.379642128944397,0.1351890563964843,2.3355634212493896,0.0944138169288635,0.1455334424972534,1.1731985807418823,116,342.81794089399045,0.5395669341087341,1,masked
0.2459814846515655,0.0541235208511352,1.8760981559753416,0.0383060052990913,0.0417546853423118,1.1335768699645996,117,345.7321276449948,0.5444678664207458,1,masked
0.2991048991680145,0.0600904077291488,2.3070719242095947,0.0720688253641128,0.1100372672080993,0.8310865163803101,118,348.3320904659922,0.5490797758102417,1,masked
0.3607779741287231,0.1565822064876556,1.982489824295044,0.0556163489818573,0.0385138429701328,1.5682412385940552,119,350.93506449699635,0.5533161759376526,1,masked
0.4219960570335388,0.2249050587415695,1.9173731803894043,0.0464694835245609,0.0706741958856582,1.3195708990097046,120,353.5529645770439,0.5573400259017944,1,masked
0.289937824010849,0.070245511829853,2.1265623569488525,0.0650368258357048,0.0532415807247161,1.481258511543274,121,356.37542233400745,0.5610734820365906,1,masked
0.3152055442333221,0.0933060646057128,2.1602911949157715,0.0555052869021892,0.0319825857877731,0.8520088791847229,122,358.4748288349947,0.5664088129997253,1,masked
0.5312293171882629,0.3098360002040863,2.139105319976806,0.0710226818919181,0.0380550920963287,1.4203882217407229,123,361.2224438349949,0.5713073015213013,1,masked
0.3687710165977478,0.1629916429519653,1.9978818893432615,0.0562886968255043,0.036232091486454,1.0130213499069214,124,364.0537963280221,0.5766087770462036,1,masked
0.387388527393341,0.1528365314006805,2.2581987380981445,0.083789587020874,0.0353168696165084,7.911559104919434,125,366.8664423500304,0.5813416838645935,1,masked
0.323729008436203,0.1230424121022224,1.9511059522628784,0.0514241904020309,0.0433551967144012,1.6149709224700928,126,369.4816244360409,0.5859575271606445,1,masked
0.3016942143440246,0.1084863096475601,1.8916857242584229,0.0386159159243106,0.0177722461521625,24.36624336242676,127,371.552634969994,0.5902483463287354,1,masked
0.3017725050449371,0.097405195236206,1.9937632083892824,0.0428794883191585,0.0703025311231613,2.34975266456604,128,374.191951884015,0.5943248271942139,1,masked
0.3704003095626831,0.1522828191518783,2.1185593605041504,0.0584561340510845,0.0415958575904369,1.2335697412490845,129,377.34788362903055,0.5983679294586182,1,masked
0.4386108815670013,0.177911102771759,2.5082221031188965,0.090879425406456,0.0789602100849151,1.6081541776657104,130,380.3247131970129,0.602598249912262,1,masked
0.3073942363262176,0.0943912342190742,2.0564441680908203,0.0679599121212959,0.0562617368996143,0.9311971068382264,131,383.44124643702526,0.606697678565979,1,masked
0.3938189446926117,0.1384682804346084,2.465071439743042,0.0832545682787895,0.051803670823574,0.9971991777420044,132,386.5557751040324,0.6124016046524048,1,masked
0.2553177773952484,0.0770114064216613,1.7435669898986816,0.0357631966471672,0.0373349338769912,1.2120062112808228,133,389.9033166900044,0.6182318925857544,1,masked
0.3384162485599518,0.1102480739355087,2.1997392177581787,0.0740723088383674,0.0786997005343437,1.2410153150558472,134,392.8752624700428,0.624110758304596,1,masked
0.4656042456626892,0.2530423402786255,2.0535802841186523,0.0645365789532661,0.0750216394662857,0.9131030440330504,135,395.99640511901816,0.6295554637908936,1,masked
0.3914845585823059,0.1502144634723663,2.348186016082764,0.0579857490956783,0.0652963668107986,1.365751028060913,136,399.10031043103663,0.635483980178833,1,masked
0.455355167388916,0.2550614774227142,1.9415714740753172,0.0549599751830101,0.0640528127551078,0.9108457565307616,137,402.43037985201227,0.6418416500091553,1,masked
0.3771974444389343,0.1546469628810882,2.158966541290283,0.0612814649939537,0.0525697320699691,1.7372093200683594,138,405.5287226870423,0.6489148139953613,1,masked
0.3296929895877838,0.1313591599464416,1.9350175857543943,0.0461510829627513,0.0216928925365209,1.005385398864746,139,408.65395803103456,0.6551913619041443,1,masked
0.3946807086467743,0.1742844134569168,2.156548261642456,0.0432567223906517,0.0415809154510498,0.8933606743812561,140,411.671517409035,0.6613331437110901,1,masked
0.2909683287143707,0.0615069866180419,2.2247180938720703,0.0679223090410232,0.0197312496602535,0.9889642000198364,141,414.9651939900359,0.668030858039856,1,masked
0.3337830305099487,0.1148082986474037,2.125938415527344,0.0619307793676853,0.0187789481133222,0.5303879380226135,142,417.9835920319893,0.6743419170379639,1,masked
0.3480958044528961,0.1247966066002845,2.165596008300781,0.0626823008060455,0.0471340119838714,2.879823923110962,143,421.1101982910186,0.6804338693618774,1,masked
0.3511337041854858,0.1084586083889007,2.3527657985687256,0.0651628226041793,0.0882246792316436,1.230073094367981,144,424.24483671499183,0.686714231967926,1,masked
0.3582985401153564,0.1374667137861251,2.15910005569458,0.04511384293437,0.041041512042284,0.792110800743103,145,427.4765395020368,0.6926381587982178,1,masked
0.3352391719818115,0.104683794081211,2.2310950756073,0.0691622719168663,0.0529657155275344,0.93577378988266,146,430.5152170680231,0.6991919875144958,1,masked
0.3625031113624573,0.1418104767799377,2.12145471572876,0.0819676369428634,0.0350367277860641,1.2116082906723022,147,433.56360588100506,0.705184280872345,1,masked
0.2836664319038391,0.0700916424393653,2.083380937576294,0.047105249017477,0.0526151470839977,0.9906120300292968,148,436.48066764802206,0.710663378238678,1,masked
0.4122108519077301,0.1952755153179168,2.09084415435791,0.0733855813741684,0.0512383431196212,0.8802748918533325,149,439.4839995620423,0.716625452041626,1,masked
0.4708955883979797,0.2645341455936432,2.009884119033813,0.0480951219797134,0.0563507564365863,1.1092153787612915,150,442.48048773698974,0.721982479095459,1,masked
0.4456808865070343,0.2135553658008575,2.257468938827514,0.0571748875081539,0.0661148428916931,1.8171671628952024,151,445.4517364660278,0.7269830107688904,1,masked
0.396462470293045,0.1746570616960525,2.1593832969665527,0.0541678257286548,0.0450252518057823,1.952535629272461,152,448.4000166180194,0.7319015860557556,1,masked
0.3846946060657501,0.1686493903398513,2.092372417449951,0.0626351535320282,0.0544423870742321,0.938334584236145,153,451.5515972879948,0.7368831634521484,1,masked
0.4140879511833191,0.2011362165212631,2.0672426223754883,0.0589070431888103,0.0336745083332061,1.3048263788223269,154,454.7235547979944,0.7418476939201355,1,masked
0.29397052526474,0.0880473554134368,2.00927734375,0.0463008694350719,0.0365342833101749,0.981400430202484,155,457.8216263960349,0.7461004853248596,1,masked
0.4484827518463135,0.1986634880304336,2.409209966659546,0.0782267823815345,0.1075588837265968,1.9820988178253172,156,461.2623175240005,0.7496339678764343,1,masked
0.3151188790798187,0.1044480130076408,2.058499574661255,0.0449179708957672,0.0329125002026557,2.5734713077545166,157,464.68062013504095,0.7528713941574097,1,masked
0.3240737318992615,0.110094703733921,2.078284502029419,0.0589794665575027,0.0252637453377246,0.849852442741394,158,467.7796768650296,0.7564281821250916,1,masked
0.3915236592292785,0.1699780970811844,2.15535831451416,0.056583534926176,0.0351382978260517,0.7775486707687378,159,470.9151111220126,0.7607523798942566,1,masked
0.3538040816783905,0.1386165022850036,2.0851826667785645,0.0632156506180763,0.0347735099494457,1.6194123029708862,160,473.8395062960335,0.7648817300796509,1,masked
0.2926913201808929,0.057230956852436,2.264509677886963,0.083973079919815,0.0612088032066822,1.2821711301803589,161,476.5636299100006,0.7696444392204285,1,masked
0.3343631029129028,0.0956638976931572,2.312362670898437,0.0703615024685859,0.0426790751516819,1.4300768375396729,162,479.7030257169972,0.774246871471405,1,masked
0.3307981789112091,0.1145899146795272,2.0932164192199707,0.0606353878974914,0.0823071002960205,0.8061385154724121,163,482.66022311203415,0.7797667384147644,1,masked
0.3592669069766998,0.1604100167751312,1.9405635595321653,0.0428974591195583,0.0510787740349769,1.1110897064208984,164,485.2701476900256,0.7852503657341003,1,masked
0.455639898777008,0.2222330570220947,2.2617175579071045,0.0681825205683708,0.0416833348572254,0.8613557815551758,165,487.3705583050032,0.7908616662025452,1,masked
0.3122981786727905,0.1098247915506362,1.975974440574646,0.0442799255251884,0.0447928458452224,0.9868096113204956,166,490.2432222700445,0.7973653674125671,1,masked
0.4599108695983886,0.1576761901378631,2.895160675048828,0.1147086024284362,0.1247744634747505,2.4868013858795166,167,492.6906624730327,0.8038062453269958,0,masked
0.3748729526996612,0.1704892963171005,1.989589810371399,0.0533206462860107,0.0092609822750091,1.222905516624451,168,495.29455396399135,0.8107726573944092,1,masked
0.4319885969161987,0.2048176527023315,2.2082462310791016,0.0605391263961792,0.0292399302124977,1.341726779937744,169,497.9089406090207,0.8175305128097534,1,masked
0.4121844172477722,0.2263432145118713,1.830487608909607,0.0250292886048555,0.0289516355842351,1.5747909545898438,170,500.7522340569994,0.8167881965637207,1,masked
0.333053857088089,0.1232354417443275,2.0443475246429443,0.0496700629591941,0.0416654646396636,1.0879398584365845,171,503.3786675980082,0.8168704509735107,1,masked
0.3749036788940429,0.1788691282272339,1.9116581678390503,0.0431279093027114,0.0555920638144016,1.2434808015823364,172,506.0006655250327,0.8173899054527283,1,masked
0.3379428684711456,0.1067570596933364,2.233465671539306,0.0697589442133903,0.0863341838121414,0.943700671195984,173,508.71153061802033,0.818280041217804,1,masked
0.2593299150466919,0.0480807088315486,2.0639307498931885,0.0449772775173187,0.0358390510082244,0.7241745591163635,174,510.9006275869906,0.8200057148933411,1,masked
0.3399741351604461,0.131031721830368,2.034728527069092,0.0483638942241668,0.06331667304039,1.073598861694336,175,513.7171043319977,0.8229402899742126,1,masked
0.3620410561561584,0.185845285654068,1.722800850868225,0.0359017215669155,0.0325533635914325,1.2318388223648071,176,516.3221959720249,0.8254764676094055,1,masked
0.3774662315845489,0.1872183978557586,1.848421335220337,0.0493542253971099,0.0470256879925727,1.3478881120681765,177,518.9197612170246,0.8282569050788879,1,masked
0.3475845754146576,0.1171702444553375,2.246890068054199,0.0473223663866519,0.0993052273988723,6.774437427520752,178,521.5307400330203,0.8309838771820068,1,masked
0.4282365143299103,0.1824675649404525,2.380958318710327,0.0740949138998985,0.0263591241091489,2.4524409770965576,179,524.2916731270379,0.8334916830062866,1,masked
0.4811874032020569,0.240275353193283,2.317396402359009,0.0844017714262008,0.0732225179672241,1.1006194353103638,180,527.1940428590169,0.8361024856567383,1,masked
0.7593883872032166,0.4373616576194763,3.09556245803833,0.1167001947760582,0.0800435319542884,9.78737735748291,181,530.0773933359887,0.8386740684509277,0,masked
0.2750695347785949,0.0913124606013298,1.7975854873657229,0.0367870666086673,0.0319834910333156,0.8445144891738892,182,533.2989659250015,0.8413862586021423,1,masked
0.3098602592945099,0.0949868410825729,2.0705857276916504,0.0712041407823562,0.0694406107068061,1.2316913604736328,183,536.4662208990194,0.8443702459335327,1,masked
0.3255391716957092,0.1024072393774986,2.142508029937744,0.0853051170706749,0.0350606366991996,0.880032479763031,184,539.3746858700179,0.8476176261901855,1,masked
0.3436015546321869,0.1175689324736595,2.204271078109741,0.0485126040875911,0.0754238814115524,2.158343315124512,185,542.3187683930155,0.8511046171188354,1,masked
0.296966016292572,0.1059687137603759,1.8595844507217407,0.045316033065319,0.0507250502705574,0.5006690621376038,186,545.25882283604,0.8543023467063904,1,masked
0.2769733071327209,0.0880016982555389,1.83766508102417,0.0480571910738945,0.0399362258613109,0.7850480079650879,187,548.3956984670367,0.8569893836975098,1,masked
0.3336512744426727,0.1451010555028915,1.848916292190552,0.0336268097162246,0.0295927692204713,0.7140823006629944,188,551.312901909987,0.8604741096496582,1,masked
0.4196957051753998,0.2518821656703949,1.6368147134780884,0.0361557900905609,0.0516509190201759,0.9004935622215271,189,554.2452586370055,0.8636392951011658,1,masked
0.352370023727417,0.1409241259098053,2.0531883239746094,0.0571050569415092,0.0416553169488906,1.3986178636550903,190,557.3082225320395,0.8673286437988281,1,masked
0.3047308921813965,0.1025792211294174,1.966614246368408,0.0477831736207008,0.0711924061179161,1.1025315523147583,191,560.4199025700218,0.871289849281311,1,masked
0.3908276557922363,0.179513618350029,2.0506484508514404,0.0553058460354805,0.0718610137701034,2.411417007446289,192,563.227616455988,0.8748810291290283,1,masked
0.2568083107471466,0.069548413157463,1.8310065269470213,0.0379181429743766,0.0367430225014686,1.9684475660324097,193,566.1798146330402,0.8783250451087952,1,masked
0.3865374326705932,0.1815253049135208,2.012166738510132,0.0340903550386428,0.0386439524590969,1.2106934785842896,194,569.1584361399873,0.8817558884620667,1,masked
0.3263383209705353,0.0969170331954956,2.209829092025757,0.0777445212006568,0.0663913860917091,1.9459683895111084,195,572.449861213041,0.8848583102226257,1,masked
0.3061469495296478,0.09977887570858,2.009150505065918,0.0508924461901187,0.0363799780607223,0.7890200018882751,196,575.526788157993,0.8878439664840698,1,masked
0.3085181713104248,0.1056307405233383,1.9638954401016235,0.0607590153813362,0.0421985425055027,2.143056869506836,197,578.498540222994,0.8910139799118042,1,masked
0.38882577419281,0.1341458857059478,2.4744112491607666,0.0674604848027229,0.049271959811449,1.5287312269210815,198,581.4486488759867,0.8949151039123535,1,masked
0.3091968297958374,0.1016361936926841,2.0236079692840576,0.0493647120893001,0.0263347364962101,1.307449460029602,199,584.4973718399997,0.8987142443656921,1,masked
0.418840616941452,0.2120638787746429,2.0194196701049805,0.0454373657703399,0.0291038118302822,1.0624772310256958,200,587.5407676449977,0.9021390080451964,1,masked
0.4090452194213867,0.1132098287343978,2.8276095390319824,0.1252540796995163,0.0549086406826972,2.549155235290528,201,590.3387616610271,0.9056373834609984,0,masked
0.3487495183944702,0.0967487245798111,2.432121992111206,0.0783907398581504,0.0949550196528434,1.190906643867493,202,593.4298865899909,0.9091224074363708,1,masked
0.399870216846466,0.2280446588993072,1.6863058805465698,0.0283441077917814,0.0360560826957225,0.9070824384689332,203,596.698910259991,0.9134512543678284,1,masked
0.278258740901947,0.1098393946886062,1.639755368232727,0.0345361828804016,0.0990171879529953,0.8044000864028931,204,599.7383665509988,0.9174081087112428,1,masked
0.3654887974262237,0.0944925174117088,2.6033236980438232,0.1001243963837623,0.0651415735483169,3.018693447113037,205,602.6306807810324,0.9211623668670654,0,masked
0.26800537109375,0.0773734003305435,1.8641611337661743,0.0393462218344211,0.0281243436038494,0.8704017996788025,206,605.718729832035,0.9265580773353576,1,masked
0.4496771693229675,0.1852275431156158,2.5510761737823486,0.084228977560997,0.0919111296534538,0.8502086997032166,207,608.8153052300331,0.931980848312378,1,masked
0.2978023290634155,0.0995592921972274,1.9357519149780276,0.0408988259732723,0.0577962473034858,1.0273761749267578,208,612.0583057799959,0.9370119571685792,1,masked
0.3744036853313446,0.1580987721681594,2.102391004562378,0.0587221905589103,0.0193581618368625,1.4288218021392822,209,614.9050702690147,0.9416511058807372,1,masked
0.3250601589679718,0.1089525371789932,2.111929655075073,0.0457115620374679,0.0343513190746307,1.6449813842773438,210,617.9587794080144,0.9509652256965636,1,masked
0.3433962762355804,0.1145261079072952,2.220099925994873,0.0631112307310104,0.0549034476280212,0.9679538011550904,211,620.9066851990065,0.960366666316986,1,masked
0.3322266638278961,0.098319873213768,2.262155294418335,0.0701627731323242,0.0675006136298179,1.5380107164382937,212,623.9636287839967,0.9693164229393004,0,masked
0.3212347030639648,0.1165656447410583,1.9904792308807373,0.0521155297756195,0.0409568585455417,0.5211482644081116,213,627.0028075129958,0.9779154658317566,1,masked
0.2373740375041961,0.0667006596922874,1.6803122758865356,0.0241412352770566,0.0228025279939174,0.5972591042518616,214,629.9281472660368,0.9858111143112184,1,masked
0.3424920737743377,0.1521183848381042,1.874525547027588,0.0266805067658424,0.0253095906227827,1.3671526908874512,215,632.7795011750422,0.9940636157989502,1,masked
0.3316285908222198,0.1034196689724922,2.196870803833008,0.0777850374579429,0.074333868920803,2.3357622623443604,216,635.9994437689893,1.0018070936203003,1,masked
0.2166740894317627,0.0374323166906833,1.748951435089111,0.0405517853796482,0.0291468538343906,0.7457581758499146,217,638.9319396599894,1.0101375579833984,1,masked
0.3236591517925262,0.1076263040304184,2.096369504928589,0.0629865974187851,0.0097212074324488,0.8342942595481873,218,641.807476963033,1.018270492553711,1,masked
0.2548292577266693,0.0642392337322235,1.858726501464844,0.0455778762698173,0.0159577969461679,0.6911796927452087,219,644.7862449460081,1.025917649269104,1,masked
0.3491014242172241,0.1488756388425827,1.95112144947052,0.0493109747767448,0.0182505305856466,1.962017297744751,220,647.8295071230386,1.0221666097640991,1,masked
0.375382661819458,0.1572169959545135,2.1187567710876465,0.0587344281375408,0.0416543669998645,1.1254481077194214,221,650.8271262610215,1.0191497802734375,1,masked
0.2937647104263305,0.0945104509592056,1.9351277351379397,0.0542646273970603,0.0315022319555282,1.04095458984375,222,653.9547974340385,1.0167661905288696,1,masked
0.3860371112823486,0.1922099292278289,1.8902162313461304,0.0453702434897422,0.0268524046987295,0.7842540740966797,223,656.9057833770057,1.015131950378418,1,masked
0.5305317044258118,0.2308046817779541,2.8672080039978027,0.1214173883199691,0.0864480435848236,2.2782251834869385,224,659.6978742339998,1.0138561725616455,0,masked
0.318034678697586,0.1262263059616089,1.8706977367401123,0.0441239662468433,0.0326178781688213,2.8285841941833496,225,662.6936321140383,1.0127878189086914,1,masked
0.3010290861129761,0.0791147798299789,2.1606597900390625,0.0536631606519222,0.0481979325413703,0.7029213309288025,226,665.7948748740018,1.012670397758484,1,masked
0.3439115881919861,0.0768707990646362,2.5456042289733887,0.1069418340921402,0.1786168366670608,1.1953881978988647,227,668.5924864150002,1.013532042503357,0,masked
0.3949073851108551,0.1499382555484771,2.358359813690185,0.0839538872241973,0.0737759992480278,1.5178662538528442,228,671.7044213690097,1.014474868774414,1,masked
0.3527500033378601,0.1259040832519531,2.1954188346862797,0.0693841278553009,0.0365628525614738,1.5542927980422974,229,674.7024217680446,1.0153597593307495,1,masked
0.3247737884521484,0.1387596577405929,1.81079375743866,0.04695725440979,0.0239048600196838,1.155811786651611,230,677.8981651660288,1.016185641288757,1,masked
0.3170038759708404,0.1102750673890113,2.0107436180114746,0.0528710074722766,0.0367354936897754,0.7177623510360718,231,680.9880391370389,1.0169490575790403,1,masked
0.3111197352409363,0.0901370048522949,2.130877017974853,0.0737040787935257,0.0524601824581623,1.2368494272232056,232,684.1129134980147,1.0180201530456543,1,masked
0.3059395849704742,0.0996232703328132,2.017401695251465,0.0415085740387439,0.0425282828509807,0.5298780798912048,233,687.3323771230062,1.0192891359329224,1,masked
0.3973906934261322,0.1577101200819015,2.3299145698547363,0.060572937130928,0.0631820634007453,0.9315266609191896,234,690.341721653007,1.0206692218780518,1,masked
0.5437656044960022,0.2691648006439209,2.639730930328369,0.0960231721401214,0.1025332659482956,3.496446371078491,235,693.275053608988,1.0227975845336914,0,masked
0.3386973142623901,0.1266517639160156,2.034761667251587,0.0789453536272049,0.0674836188554763,1.0545912981033323,236,696.3008746230043,1.0251644849777222,1,masked
0.2438164204359054,0.0438797026872634,1.950417637825012,0.0437525324523448,0.0519695356488227,1.5398160219192505,237,699.6569743829896,1.0273581743240356,1,masked
0.2906238138675689,0.0832219645380973,2.019994020462036,0.0498223453760147,0.0420191064476966,0.690065324306488,238,702.8574691420072,1.0298343896865845,1,masked
0.3705551326274872,0.1514026522636413,2.138444662094116,0.0462845116853714,0.0679547488689422,0.9966402649879456,239,705.8403622910264,1.0319339036941528,1,masked
0.328508585691452,0.1131795719265937,2.09122371673584,0.057563193142414,0.0450331792235374,1.0201057195663452,240,709.0951455610339,1.0353022813796997,1,masked
0.3606098294258117,0.1582540869712829,1.964280724525452,0.0531579479575157,0.0611859932541847,1.2100800275802612,241,712.4843790649902,1.0390846729278564,1,masked
0.3062652945518493,0.0666449815034866,2.325456142425537,0.0648551806807518,0.0589189529418945,1.270821213722229,242,716.0773815219873,1.04277765750885,1,masked
0.4740342497825622,0.1629644334316253,2.9859983921051025,0.1116349622607231,0.1306462734937667,3.2599282264709477,243,719.0825003500213,1.0460096597671509,0,masked
0.3199260234832763,0.149194061756134,1.657954216003418,0.0458642095327377,0.0350091308355331,0.8338875770568848,244,722.5136681160075,1.0492337942123413,1,masked
0.2929780185222626,0.1316185444593429,1.5756709575653076,0.0364743061363697,0.0144976107403635,0.5566115379333496,245,725.9917830980266,1.0522631406784058,1,masked
0.2893336117267608,0.0868184193968772,1.974417805671692,0.0455433614552021,0.0519035048782825,0.9912404417991638,246,729.70946447202,1.0551203489303589,1,masked
0.3080657422542572,0.1335514932870865,1.7075049877166748,0.0344867371022701,0.0315061509609222,0.7772192358970642,247,733.1645730210003,1.057913064956665,1,masked
0.296563982963562,0.1174886971712112,1.7513786554336548,0.0361378639936447,0.0323629900813102,0.3734734356403351,248,736.6551677870448,1.060433864593506,1,masked
0.3376426696777344,0.1152050346136093,2.1538805961608887,0.0675133094191551,0.0298212133347988,3.9375383853912354,249,740.2088439820218,1.0622190237045288,1,masked
0.2549541294574737,0.0563037283718586,1.9252681732177732,0.0576844029128551,0.0355128049850463,1.481162190437317,250,743.5029921320383,1.0638800859451294,1,masked
0.3907243907451629,0.1616451442241668,2.212986707687378,0.0719056129455566,0.0589996390044689,0.9595123529434204,251,746.9731495230226,1.0664408206939695,1,masked
0.3007082939147949,0.1247387677431106,1.7175002098083496,0.0395669676363468,0.0262813493609428,1.6144444942474363,252,750.0113206040114,1.0689271688461304,1,masked
0.4784986078739166,0.1967815905809402,2.713747024536133,0.0952620133757591,0.0816102176904678,1.2478612661361694,253,752.7843182480428,1.071812629699707,0,masked
0.5153624415397644,0.2344011664390564,2.6644461154937744,0.1309245824813842,0.142422929406166,2.140159845352173,254,755.9743013820262,1.075234055519104,0,masked
0.3950190544128418,0.1418800950050354,2.428316354751587,0.0963515043258667,0.0672180876135826,1.220333695411682,255,757.9234360550181,1.0783820152282717,1,masked
0.2908378839492798,0.0662344321608543,2.1580638885498047,0.0812077671289444,0.0676280856132507,0.6760439872741699,256,760.5359285270097,1.0813051462173462,1,masked
0.3740517497062683,0.2013238668441772,1.6864328384399414,0.0381470769643783,0.0269916728138923,1.0411006212234497,257,801.6857387670316,1.0840259790420532,1,masked
0.2833248078823089,0.0788285732269287,1.99119770526886,0.0523562580347061,0.0140807488933205,2.170825719833374,258,805.0636218650034,1.086562991142273,1,masked
0.2865495681762695,0.0847241729497909,1.9613118171691892,0.054208155721426,0.0273364000022411,0.7166814208030701,259,808.3265317000332,1.0891121625900269,1,masked
0.5790802836418152,0.2917205989360809,2.713089227676392,0.1522916555404663,0.0821648016571998,4.408012390136719,260,810.9032319890102,1.0915364027023315,0,masked
0.2483798861503601,0.0686119198799133,1.755581259727478,0.0374321304261684,0.0466627515852451,1.199633002281189,261,813.7116738799959,1.0938808917999268,1,masked
0.464460164308548,0.1914276629686355,2.614387035369873,0.1084326729178428,0.0750527754426002,1.5037611722946167,262,816.6638386620325,1.0965189933776855,0,masked
0.4583979845046997,0.1685490012168884,2.762727975845337,0.1252891719341278,0.1047242358326911,5.1208271980285645,263,819.7263067740132,1.0990864038467407,0,masked
0.3360351622104645,0.1379560530185699,1.9142645597457888,0.0617000460624694,0.0482650212943553,1.4913042783737185,264,822.7349523750017,1.1013489961624146,1,masked
0.3416155874729156,0.1414815485477447,1.931925058364868,0.063772015273571,0.0564356967806816,4.01981782913208,265,825.8204441170092,1.1034330129623413,1,masked
0.2884489893913269,0.0839511677622795,1.98996376991272,0.0528360195457935,0.0217843372374773,2.201216459274292,266,828.9495342230075,1.1055645942687988,1,masked
0.2210947275161743,0.0512745156884193,1.6630518436431885,0.0325773283839225,0.0257296971976757,0.5623457431793213,267,832.1669008189929,1.107783555984497,1,masked
0.293002724647522,0.1025624424219131,1.8471916913986208,0.0510772466659545,0.061336625367403,0.6779805421829224,268,835.2750015589991,1.110058307647705,1,masked
0.323515772819519,0.1248382925987243,1.923173427581787,0.0590770095586776,0.045244600623846,1.7325899600982666,269,838.3890611910028,1.1125675439834597,1,masked
0.4167309403419494,0.2209198921918869,1.9023271799087524,0.0510945171117782,0.0468908138573169,1.440413236618042,270,841.723694964021,1.1148618459701538,1,masked
0.2740733027458191,0.1061115935444831,1.647822380065918,0.030081944540143,0.0171262416988611,0.7333364486694336,271,844.7934248070233,1.118113398551941,1,masked
0.3409750759601593,0.1198428943753242,2.15116024017334,0.0557931624352932,0.0436838120222091,1.1645468473434448,272,847.7774835180026,1.1220145225524902,1,masked
0.2779803574085235,0.0725725069642067,1.9779746532440183,0.0691102594137191,0.0699363946914672,1.297939658164978,273,851.0337378859986,1.1256134510040283,1,masked
0.2772687971591949,0.1204777657985687,1.5415905714035034,0.0226473920047283,0.0367229543626308,0.7491965293884277,274,854.077526514011,1.1287837028503418,1,masked
0.2744281888008117,0.0975358486175537,1.7353627681732178,0.0309024006128311,0.0265833362936973,0.4759698212146759,275,857.4081520430045,1.1318005323410034,1,masked
0.3969581723213196,0.1452078521251678,2.4102582931518555,0.0994564294815063,0.077887512743473,6.850842475891113,276,860.1697930730297,1.1346006393432615,0,masked
0.2912766337394714,0.0960550904273986,1.9019582271575928,0.0482083335518837,0.0204896833747625,1.1869076490402222,277,863.3434056400438,1.137352705001831,1,masked
0.2829127609729767,0.0785359442234039,1.9740022420883176,0.0647522211074829,0.0501377396285533,1.363494038581848,278,866.3209828730323,1.1406455039978027,1,masked
0.2503619790077209,0.0652165710926055,1.814643383026123,0.032597929239273,0.0421269536018371,2.049717664718628,279,869.5657865540124,1.143749117851257,1,masked
0.4826067984104156,0.1861467510461807,2.8324992656707764,0.1273350119590759,0.0476621612906456,2.4659430980682373,280,872.1209840860101,1.1469976902008057,0,masked
0.2289718985557556,0.061618834733963,1.6476095914840698,0.0226572286337614,0.0326373428106308,0.4533784091472626,281,874.7152123069973,1.1495029926300049,1,masked
0.3723183870315552,0.1570489555597305,2.076879501342773,0.0701081305742263,0.0570677630603313,0.7168201804161072,282,877.3385840210249,1.152477145195007,1,masked
0.3983264565467834,0.1772218644618988,2.1396610736846924,0.0695521831512451,0.0183224789798259,1.597767949104309,283,880.1078458760167,1.155681610107422,1,masked
0.2479472756385803,0.0443221181631088,1.968728184700012,0.0620047077536582,0.0551846176385879,0.9472569227218628,284,883.3376287830179,1.1592754125595093,1,masked
0.3325657546520233,0.1532953828573227,1.752684473991394,0.0365768074989318,0.0344211719930172,0.7137646079063416,285,886.4321333100088,1.162818193435669,1,masked
0.4554721415042877,0.2884203791618347,1.6309341192245483,0.0375009030103683,0.0208254158496856,0.8052939772605896,286,889.5421474230243,1.1659083366394043,1,masked
0.2808331549167633,0.095252126455307,1.8030102252960205,0.0493158958852291,0.0348413102328777,0.7949355840682983,287,892.5556480560335,1.1685245037078855,1,masked
0.2896506488323211,0.0936976596713066,1.8991498947143557,0.0550541542470455,0.0532572120428085,0.9116396307945251,288,895.6286122170277,1.171321988105774,1,masked
0.2926490604877472,0.0702776312828064,2.1617095470428467,0.0555865764617919,0.0641799122095108,1.1356574296951294,289,898.7423055780237,1.1740264892578125,1,masked
0.2783048152923584,0.0837913453578949,1.890066146850586,0.0521733127534389,0.0289513617753982,0.7830901145935059,290,902.1665243530296,1.1765307188034058,1,masked
0.3175668120384216,0.1115372255444526,1.99651837348938,0.0572287067770957,0.0654870048165321,1.569167971611023,291,905.2798090450232,1.1787949800491333,1,masked
0.302741527557373,0.0970523357391357,1.9995254278182983,0.0553120449185371,0.0205435566604137,2.350756883621216,292,908.5111265630112,1.1808799505233765,1,masked
0.2940716743469238,0.0948679149150848,1.948976159095764,0.0390825383365154,0.0397873111069202,0.6777273416519165,293,911.2894623880276,1.1835076808929443,1,masked
0.2927117943763733,0.0850801840424537,2.0053536891937256,0.0642620474100112,0.0670039504766464,0.7807828187942505,294,914.275707554014,1.1866357326507568,1,masked
0.3814933896064758,0.1167836561799049,2.5354256629943848,0.1048431620001792,0.0682823881506919,1.0236912965774536,295,917.0386471640086,1.1901981830596924,0,masked
0.3644169270992279,0.1389808803796768,2.1716504096984863,0.0773996114730835,0.0531055852770805,0.9838213324546814,296,920.250271301018,1.1942788362503052,1,masked
0.4136460125446319,0.2489557117223739,1.611030101776123,0.0325753316283226,0.0329750888049602,1.4114810228347778,297,923.2467471830314,1.1982344388961792,1,masked
0.3574950098991394,0.1303272396326065,2.201251268386841,0.065242163836956,0.0518463589251041,0.9443545937538148,298,926.4663015939876,1.2018320560455322,1,masked
0.3056165874004364,0.084378533065319,2.1250159740448,0.0838276594877243,0.0353662967681884,0.592830240726471,299,929.6328363810316,1.2053043842315674,1,masked
0.4495576322078705,0.1669668704271316,2.694231986999512,0.1235819905996322,0.0809379965066909,5.579962730407715,300,932.309929926996,1.208417534828186,0,masked
0.2608190476894378,0.0721817314624786,1.8550143241882324,0.0265011116862297,0.0485749058425426,0.6597262024879456,301,934.404725674016,1.211884617805481,1,masked
0.2783687114715576,0.0931930914521217,1.8147778511047363,0.0332113169133663,0.0376742966473102,0.5007017254829407,302,937.237582235015,1.2158876657485962,1,masked
0.2721900939941406,0.0778231620788574,1.8899263143539429,0.0501762442290782,0.035667348653078,0.5726821422576904,303,939.8546632950312,1.219969391822815,1,masked
0.3850205540657043,0.1716779470443725,2.081254005432129,0.0485534556210041,0.0361870750784873,0.8019494414329529,304,942.5530919680024,1.2242079973220823,1,masked
0.3519995212554931,0.1587586402893066,1.901826858520508,0.0277268420904874,0.0285540279000997,1.6181447505950928,305,945.8423974729958,1.228168249130249,1,masked
0.3730025589466095,0.0993735119700431,2.6213138103485107,0.1071946620941162,0.0778189823031425,1.64777934551239,306,948.634922420024,1.232179880142212,0,masked
0.3215507566928863,0.1358738392591476,1.805858373641968,0.0460004992783069,0.0491033941507339,0.6918448805809021,307,951.624021939002,1.2370445728302002,1,masked
0.3572307825088501,0.1296164393424987,2.1991522312164307,0.069593034684658,0.0739808529615402,1.217218279838562,308,954.361521945044,1.2419462203979492,0,masked
0.4953400194644928,0.2099889516830444,2.7297117710113525,0.1133971586823463,0.1040194854140281,1.2923496961593628,309,957.1886545960442,1.2458269596099854,0,masked
0.3241888284683227,0.1128626614809036,2.052803039550781,0.0579980351030826,0.0246033426374197,1.0089281797409058,310,960.132280395017,1.2494003772735596,1,masked
0.2584627270698547,0.0685660764575004,1.8549256324768064,0.0400255285203456,0.0401499718427658,0.8088717460632324,311,963.0881332980352,1.253247618675232,1,masked
0.2735509276390075,0.0812008306384086,1.8826693296432493,0.0375631153583526,0.0326862931251525,0.5948505997657776,312,966.1825852059992,1.2566897869110107,1,masked
0.2914733290672302,0.0866426527500152,1.972766399383545,0.0709091126918792,0.0463143326342105,0.8938580751419067,313,969.4020716430388,1.2598642110824585,1,masked
0.2734502851963043,0.0857728794217109,1.8460386991500852,0.0267013870179653,0.0403376221656799,0.6141989827156067,314,972.130613566027,1.2630330324172974,1,masked
0.2656997442245483,0.0795633271336555,1.826632380485535,0.0312801860272884,0.0345148853957653,1.0792921781539917,315,975.101236218994,1.2661961317062378,1,masked
0.4742672145366668,0.2549680173397064,2.121102809906006,0.0673801898956298,0.045088056474924,0.946925699710846,316,978.0636779110064,1.2695380449295044,1,masked
0.3817003965377807,0.1809452921152115,1.951463222503662,0.0487986877560615,0.0728868693113327,1.5731526613235474,317,981.0359546160324,1.273695707321167,1,masked
0.4520639181137085,0.2529305219650268,1.9418283700942995,0.0476711317896842,0.018344696611166,1.2587677240371704,318,983.7664185719914,1.2778385877609253,1,masked
0.276929646730423,0.0634296387434005,2.0655357837677,0.0648023188114166,0.0466173477470874,0.7241272330284119,319,986.7372226740116,1.2817137241363523,1,masked
0.2455306947231292,0.0583328306674957,1.8270106315612795,0.0424129925668239,0.0255511254072189,0.6241281032562256,320,989.6959066989948,1.2848942279815674,1,masked
0.2487726658582687,0.0652789697051048,1.798449993133545,0.0334706306457519,0.030162438750267,1.2931995391845703,321,992.6776019750396,1.2877707481384275,1,masked
0.2398662716150283,0.0455690249800682,1.881564140319824,0.0595033317804336,0.0190466865897178,0.7218207716941833,322,995.4320956729936,1.2906885147094729,1,masked
0.289852112531662,0.0936773046851158,1.9081122875213623,0.0486079230904579,0.0502810552716255,0.7872118353843689,323,998.3961137789884,1.2936972379684448,1,masked
0.308389663696289,0.0887423157691955,2.124488115310669,0.0660420209169387,0.0594344809651374,0.8471564650535583,324,1001.1300379310268,1.2969237565994265,1,masked
0.3070749938488006,0.1197483465075492,1.822449207305908,0.0456327944993972,0.0518423095345497,1.058585286140442,325,1004.3409546230104,1.3002617359161377,1,masked
0.508181631565094,0.3375734984874725,1.6749190092086792,0.028495093807578,0.0266717318445444,1.4154852628707886,326,1007.0748082540232,1.3038450479507446,1,masked
0.3690196871757507,0.1212990656495094,2.385593175888061,0.084429994225502,0.071827121078968,0.8848104476928711,327,1010.0154163860134,1.3072965145111084,1,masked
0.3033495545387268,0.1223009824752807,1.767107009887695,0.0404763557016849,0.0290217604488134,1.0641870498657229,328,1013.033021042007,1.313565969467163,1,masked
0.2497159242630005,0.0612984225153923,1.8323910236358645,0.0475636087357997,0.0422035418450832,0.6921945810317993,329,1015.8567188400192,1.319305658340454,1,masked
0.2389445304870605,0.0590545125305652,1.7600750923156738,0.0365064740180969,0.023185996338725,0.6796749830245972,330,1018.6955394680264,1.3245911598205566,1,masked
0.3831970691680908,0.1843136698007583,1.9344011545181277,0.0520123653113842,0.0242028124630451,1.2728997468948364,331,1021.6339381390136,1.3296632766723633,1,masked
0.2418258935213089,0.0638050884008407,1.7445942163467407,0.0327714681625366,0.0284226052463054,0.4279270470142364,332,1024.6006692230003,1.3344377279281616,1,masked
0.3083462417125702,0.1169917285442352,1.8689959049224851,0.0389957875013351,0.0555368177592754,0.6531360745429993,333,1027.6258103789878,1.3390263319015503,1,masked
0.3280396461486816,0.124787613749504,1.9794001579284668,0.0508108548820018,0.0230933483690023,0.5470958352088928,334,1030.5275662310305,1.343213438987732,1,masked
0.2737362682819366,0.0839346274733543,1.8437957763671875,0.0505201928317546,0.0370034351944923,0.5038037896156311,335,1033.487945778994,1.347320556640625,1,masked
0.3640869557857513,0.1574296355247497,1.9954360723495483,0.0643643364310264,0.06772480905056,0.6692213416099548,336,1036.4978575370042,1.35132098197937,1,masked
0.3839077055454254,0.1786066442728042,2.0154268741607666,0.0310353729873895,0.0654788762331008,0.9887294769287108,337,1039.839738055016,1.355827569961548,1,masked
0.2240695357322693,0.0555891543626785,1.6452313661575315,0.0359058566391468,0.0366644747555255,0.5165638327598572,338,1043.1617393430206,1.3601927757263184,1,masked
0.4486642479896545,0.2310687899589538,2.116854429244995,0.0535879395902156,0.0551209338009357,0.9867234826087952,339,1046.354768029007,1.3620728254318235,1,masked
0.3445407748222351,0.1635203808546066,1.768960952758789,0.0395824797451496,0.0166023597121238,0.6536596417427063,340,1049.3556065320154,1.3641414642333984,1,masked
0.3504290282726288,0.1445381343364715,2.017232894897461,0.0377381853759288,0.0393783412873744,1.1408625841140747,341,1052.3469851430273,1.3660110235214231,1,masked
0.260536640882492,0.0729900747537612,1.8219012022018437,0.0488932318985462,0.046713288873434,1.1926182508468628,342,1055.6937441680348,1.3679313659667969,1,masked
0.3923052549362182,0.0973881632089614,2.857071876525879,0.0817585736513137,0.1034080609679222,2.5092270374298096,343,1058.6468953000149,1.3699932098388672,0,masked
0.2285363674163818,0.057509671896696,1.6795499324798584,0.0286365710198879,0.0208048000931739,0.6248943209648132,344,1061.737716839998,1.3721824884414673,1,masked
0.3633672297000885,0.1558643281459808,2.0022497177124023,0.0682767182588577,0.0450248084962368,1.1862808465957642,345,1064.7983683170169,1.3782827854156494,1,masked
0.322948157787323,0.1071881353855133,2.0802125930786133,0.0732574090361595,0.0413012504577636,2.1611902713775635,346,1068.1268121850444,1.3838679790496826,1,masked
0.450657457113266,0.2784973084926605,1.6768648624420166,0.0421862937510013,0.0255038607865571,1.2121825218200684,347,1071.1951553600377,1.3890948295593262,1,masked
0.3662979304790497,0.1574743092060089,2.054638147354126,0.0270809158682823,0.0651712790131568,0.731956958770752,348,1074.6878743860289,1.394261360168457,1,masked
0.5177477598190308,0.3053683638572693,2.065014123916626,0.0541392154991626,0.0464045852422714,1.0789848566055298,349,1077.9935619999887,1.3990732431411743,1,masked
0.3349147140979767,0.1359487771987915,1.9229228496551516,0.0609329044818878,0.058038555085659,1.6494109630584717,350,1081.2656688480056,1.4034950733184814,1,masked
0.3539662361145019,0.1738734692335128,1.7514188289642334,0.0451153479516506,0.0439365319907665,0.553494930267334,351,1084.362365551002,1.407743215560913,1,masked
0.3439190983772278,0.1525399535894394,1.866090178489685,0.044656902551651,0.0304457582533359,1.2650216817855835,352,1087.6674280090374,1.4116441011428833,1,masked
0.3140457272529602,0.1191471219062805,1.9096369743347168,0.0357581339776515,0.0359093472361564,0.9110108613967896,353,1091.3344752590056,1.4152631759643557,1,masked
0.3466309309005737,0.1414039582014084,1.9903333187103271,0.0580933913588523,0.0384315550327301,0.9046496152877808,354,1094.350286378001,1.4185585975646973,1,masked
0.3263157606124878,0.131695419549942,1.9020801782608032,0.0407050065696239,0.0341831631958484,0.8680223822593689,355,1097.5515959640034,1.4222406148910522,1,masked
0.4225825667381286,0.2081595510244369,2.084609270095825,0.0569132715463638,0.0270755775272846,1.0185920000076294,356,1100.689065440034,1.4260190725326538,1,masked
0.3220100998878479,0.0955178439617157,2.1819121837615967,0.0765080153942108,0.0650213807821273,0.8432446718215942,357,1103.709250382031,1.4306392669677734,1,masked
0.3280877470970154,0.145371064543724,1.787935733795166,0.0318498834967613,0.0738095343112945,1.0099831819534302,358,1106.760629403987,1.434846043586731,1,masked
0.3458089828491211,0.1179473996162414,2.1907289028167725,0.0816170126199722,0.0626985877752304,1.5888245105743408,359,1109.9838413160178,1.4392272233963013,1,masked
0.3163123726844787,0.1427314281463623,1.7026240825653076,0.0301714688539505,0.0301381926983594,7.965256690979004,360,1113.1994982140022,1.443205952644348,1,masked
0.283923476934433,0.0919960960745811,1.8649752140045168,0.047909177839756,0.0638924837112426,1.731741189956665,361,1116.2241001090151,1.4470317363739014,1,masked
0.317842423915863,0.116307258605957,1.974903106689453,0.034721054136753,0.0572737380862236,1.123241305351257,362,1119.5482608390157,1.4505735635757446,1,masked
0.2983132004737854,0.1078590601682663,1.8510761260986328,0.0502144023776054,0.0325106792151927,0.9684047102928162,363,1122.6997193470015,1.454119324684143,1,masked
0.2388404756784439,0.0559960529208183,1.77692973613739,0.0479544773697853,0.035600695759058,0.9347897171974182,364,1125.6511198939988,1.457939386367798,1,masked
0.2520440816879272,0.0643204450607299,1.8227121829986568,0.0520421639084816,0.0248165372759103,0.7795301079750061,365,1128.3762782040285,1.4610977172851562,1,masked
0.2660663723945617,0.0736918821930885,1.88501238822937,0.0363496392965316,0.0238278936594724,1.445836901664734,366,1131.115003392042,1.4640071392059326,1,masked
0.2918215095996856,0.0891983807086944,1.985908269882202,0.0375249944627285,0.0279811508953571,0.5964059233665466,367,1134.0491049489938,1.4672869443893433,1,masked
0.3746986091136932,0.1814513951539993,1.8859769105911253,0.0431529097259044,0.0334267318248748,0.6689863204956055,368,1136.416989972,1.4706112146377563,1,masked
0.3276121020317077,0.1403914541006088,1.8331806659698489,0.0362391285598278,0.0278708189725875,0.7461027503013611,369,1139.3043826950016,1.474812150001526,1,masked
0.3817081749439239,0.1850127428770065,1.9275903701782229,0.0327079594135284,0.0665621384978294,2.526309013366699,370,1142.0207624710165,1.4786819219589231,1,masked
0.2459505796432495,0.0703597143292427,1.720190167427063,0.0336388945579528,0.020796749740839,0.3978815376758575,371,1144.973923868034,1.4822524785995483,1,masked
0.324677437543869,0.1372423321008682,1.8283555507659912,0.0431829392910003,0.0281297639012336,0.9112468361854552,372,1147.5112305650257,1.4855201244354248,1,masked
0.3915681838989258,0.115680456161499,2.6561317443847656,0.0932734385132789,0.0947171375155448,2.1565091609954834,373,1150.4539182420122,1.4887055158615112,0,masked
0.283534824848175,0.0673900991678237,2.0872576236724854,0.0688901990652084,0.0529972687363624,1.0130680799484253,374,1153.1396360800136,1.4921324253082275,1,masked
0.3095433712005615,0.0964283719658851,2.064733028411865,0.0622841566801071,0.0413300544023513,0.7189085483551025,375,1155.9797899140394,1.4951353073120115,1,masked
0.3013433218002319,0.1092485189437866,1.87170672416687,0.0452802591025829,0.0396095924079418,0.9166079759597778,376,1158.6079154090255,1.4980214834213257,1,masked
0.3089138567447662,0.0997615009546279,2.029963493347168,0.0587437637150287,0.0281612705439329,1.0887011289596558,377,1161.6015976530034,1.5009855031967163,1,masked
0.235487088561058,0.0484571121633052,1.8131910562515257,0.0547007769346237,0.0240750052034854,0.6411352753639221,378,1164.7720280750073,1.5038025379180908,1,masked
0.2723814249038696,0.1002098470926284,1.6959697008132937,0.0232291221618652,0.0251709856092929,0.924400269985199,379,1167.7399636980265,1.5061171054840088,1,masked
0.2835005521774292,0.1101968884468078,1.7019729614257812,0.0272382162511348,0.0382546707987785,0.828081488609314,380,1170.276364292018,1.5086246728897097,1,masked
0.3043071031570434,0.1149879842996597,1.8518213033676147,0.0381168462336063,0.0325323939323425,0.8812457323074341,381,1173.355753234995,1.5119277238845823,1,masked
0.5137825608253479,0.2155605256557464,2.833298921585083,0.1369955688714981,0.1192538887262344,2.384756803512573,382,1176.2358515190426,1.5153100490570068,0,masked
0.3068068325519562,0.1021825969219207,1.9958901405334477,0.047299139201641,0.030528662726283,0.8260220885276794,383,1179.2556639540126,1.518028736114502,1,masked
0.3793089389801025,0.1693691909313202,2.0358097553253174,0.0570278242230415,0.065597578883171,0.9622570276260376,384,1182.2000682629878,1.5208337306976318,1,masked
0.2956161499023437,0.1022080704569816,1.8823684453964236,0.0486172586679458,0.0309482160955667,3.30168890953064,385,1184.2996367490268,1.5234628915786743,1,masked
0.3543027937412262,0.1677357256412506,1.825575947761536,0.036340057849884,0.0375463627278804,0.6960548758506775,386,1187.013498788001,1.5262712240219116,1,masked
0.3007226586341858,0.1012362986803054,1.928061246871948,0.0646281167864799,0.0217447485774755,0.7363004684448242,387,1189.9250689150067,1.528806447982788,1,masked
0.3409990966320038,0.1085658147931099,2.2471275329589844,0.0690400972962379,0.0816524550318718,1.0985792875289917,388,1193.326755148999,1.5313925743103027,1,masked
0.3203563988208771,0.1337206810712814,1.8267011642456052,0.0377667471766471,0.0188897997140884,0.9884524345397948,389,1196.4299301300198,1.5337063074111938,1,masked
0.3880559206008911,0.1635027229785919,2.1911840438842773,0.052053190767765,0.0229427553713321,1.2685688734054563,390,1199.5763192540037,1.5359448194503784,1,masked
0.3090164959430694,0.1379048973321914,1.6756491661071775,0.0324647203087806,0.0300165060907602,0.9146694540977478,391,1202.6619847390102,1.537838578224182,1,masked
0.3021765351295471,0.1345696151256561,1.64364492893219,0.0293987058103084,0.0302572436630725,0.7891234159469604,392,1205.9917153440183,1.53965961933136,1,masked
0.2820263206958771,0.0888316631317138,1.879209041595459,0.0501213334500789,0.026161566376686,0.5673719048500061,393,1209.2330305540236,1.5415233373641968,1,masked
0.2930721640586853,0.107495903968811,1.8032292127609253,0.0491085536777973,0.0342514626681804,0.6618193984031677,394,1212.4525268390423,1.544010877609253,1,masked
0.2925019264221191,0.1011893898248672,1.8454426527023315,0.0482924580574035,0.1939039528369903,1.049773097038269,395,1215.6091683449922,1.5463371276855469,1,masked
0.2662079632282257,0.0447531007230281,2.132441997528076,0.0779316797852516,0.0417497530579566,0.8536248803138733,396,1218.9222266330034,1.548688530921936,1,masked
0.3961707949638366,0.1457864046096801,2.403132438659668,0.092849314212799,0.0786197558045387,0.945590078830719,397,1221.869829606032,1.5514987707138062,0,masked
0.2903580963611603,0.1091022938489914,1.7724989652633667,0.0374545343220233,0.0260461997240781,0.7816900610923767,398,1225.0204100279952,1.554452419281006,1,masked
0.2654586732387543,0.0667733997106552,1.9470542669296265,0.0364999398589134,0.0329852737486362,1.0518418550491333,399,1228.1280691720312,1.557512283325195,1,masked
0.307219535112381,0.0992799326777458,2.0283761024475098,0.044876180589199,0.0614397823810577,0.7038121223449707,400,1231.1414367560064,1.5608322620391846,1,masked
0.4549716711044311,0.1749330461025238,2.714442491531372,0.0774962604045867,0.0844777524471283,1.6629350185394287,401,1234.1869429340004,1.5644142627716064,0,masked
0.3268901705741882,0.1561308205127716,1.6648908853530884,0.0387447290122509,0.0395786501467227,0.5228590369224548,402,1237.3399789620307,1.567689299583435,1,masked
0.2955087125301361,0.1034825146198272,1.8924674987792969,0.0246961582452058,0.0309824794530868,0.7583267688751221,403,1240.556036540016,1.5707539319992063,1,masked
0.3365378379821777,0.1611992716789245,1.7164345979690552,0.034103687852621,0.0284720472991466,2.5707037448883057,404,1243.7477981420234,1.572825312614441,1,masked
0.3546552658081054,0.1364582031965255,2.104101657867432,0.0734618008136749,0.0440723225474357,1.6730862855911257,405,1247.1268225309905,1.574872612953186,1,masked
0.3676773905754089,0.1803168356418609,1.825101375579834,0.0431200079619884,0.0538399927318096,0.9509447813034058,406,1250.268556369003,1.5773860216140747,1,masked
0.3627184331417084,0.1268549114465713,2.274749279022217,0.0778955370187759,0.0599001832306385,0.9343975782394408,407,1253.4212876430247,1.580335021018982,1,masked
0.3666223585605621,0.1876266300678253,1.748482346534729,0.0377177596092224,0.0375706516206264,0.5938573479652405,408,1256.423872867017,1.583040475845337,1,masked
0.3687554597854614,0.1469995975494384,2.1641886234283447,0.047353483736515,0.0601678341627121,1.5289087295532229,409,1259.7028826980386,1.586030125617981,1,masked
0.2542745769023895,0.0466567277908325,2.003615617752075,0.067997008562088,0.045655608177185,0.7985144257545471,410,1262.803527532029,1.5888091325759888,1,masked
0.330260306596756,0.1341836154460907,1.9001091718673704,0.0566048733890056,0.0405283421277999,1.5920497179031372,411,1265.900963575987,1.5913249254226685,1,masked
0.3351594507694244,0.1562626659870147,1.7448508739471436,0.041108276695013,0.0300900153815746,0.5101273655891418,412,1268.93394437799,1.5947043895721436,1,masked
0.2745185196399688,0.1065342798829078,1.638282299041748,0.0289241820573806,0.1263589262962341,1.0299521684646606,413,1272.116230336018,1.5980331897735596,1,masked
0.3820354044437408,0.214329719543457,1.6346806287765503,0.0397038869559764,0.026722565293312,1.1413307189941406,414,1275.113714150037,1.6012300252914429,1,masked
0.3515560626983642,0.1350215375423431,2.10797119140625,0.0543150939047336,0.030584504827857,1.3459010124206543,415,1278.0790313460166,1.604223608970642,1,masked
0.3845020532608032,0.1610216945409774,2.1776585578918457,0.0506240166723728,0.065210074186325,0.6167383790016174,416,1281.1013594199903,1.6072105169296265,1,masked
0.2519784569740295,0.0712607949972152,1.77088725566864,0.0330987498164176,0.0319073721766471,1.6593362092971802,417,1284.3138630139874,1.6093807220458984,1,masked
0.3555777072906494,0.1424363255500793,2.0693068504333496,0.0598615556955337,0.0224554724991321,1.1866923570632937,418,1286.9360149070271,1.611385703086853,1,masked
0.287289023399353,0.0873844027519226,1.9450020790100095,0.050068873912096,0.0397524163126945,1.3098546266555786,419,1289.549220609013,1.613398194313049,1,masked
0.3583387732505798,0.1394774764776229,2.1358745098114014,0.0492099523544311,0.0352798402309417,0.9147176146507264,420,1292.1621652630274,1.616769313812256,1,masked
0.2843629121780395,0.0982560366392135,1.8139822483062744,0.0429372861981391,0.0414939448237419,0.7803545594215393,421,1294.9916090720217,1.6193073987960815,1,masked
0.2936979234218597,0.1077881529927253,1.8096156120300293,0.0457478277385234,0.0373445823788642,0.6445541381835938,422,1297.619092406996,1.6223427057266235,1,masked
0.3443270921707153,0.1665513962507248,1.735683560371399,0.0384788066148757,0.0359478592872619,0.6473069787025452,423,1300.2946644260082,1.6250903606414795,1,masked
0.3697021901607513,0.1745917052030563,1.891672968864441,0.0535950846970081,0.0583699271082878,1.1827081441879272,424,1302.4736390770413,1.6278457641601562,1,masked
0.3104332089424133,0.1248919814825058,1.8089690208435056,0.044516272842884,0.0192717276513576,1.3934277296066284,425,1304.6486262280378,1.6306043863296509,1,masked
0.4842392802238464,0.1997694671154022,2.7372734546661377,0.091486781835556,0.159381166100502,3.8554553985595694,426,1307.130678208021,1.6331697702407837,0,masked
0.222025066614151,0.0298121832311153,1.8714669942855835,0.0487099140882492,0.0195166710764169,0.5818255543708801,427,1309.2288697829936,1.635519027709961,1,masked
0.3453124761581421,0.1150802671909332,2.2348523139953613,0.0617065280675888,0.0576325580477714,1.292531132698059,428,1311.8494104490385,1.6407322883605957,1,masked
0.2241316586732864,0.061951421201229,1.5888822078704834,0.0308334752917289,0.0208668690174818,0.7725222110748291,429,1314.458492967009,1.645688533782959,1,masked
0.3366130292415619,0.113465242087841,2.161064624786377,0.0570601299405097,0.133529782295227,1.5937069654464722,430,1317.2183185520116,1.65021014213562,1,masked
0.2671411037445068,0.0825094431638717,1.8059062957763672,0.0354663468897342,0.0494400113821029,0.8534831404685974,431,1319.9283927250071,1.6543560028076172,1,masked
0.2348021864891052,0.0659627914428711,1.652988314628601,0.0310010090470314,0.0440438687801361,0.4603045284748077,432,1322.747909962025,1.6584064960479736,1,masked
0.2833911180496216,0.0959821119904518,1.8215562105178835,0.0508990436792373,0.0163471568375825,1.0010279417037964,433,1325.1643225080334,1.6624025106430054,1,masked
0.2797992825508117,0.084119513630867,1.9102609157562256,0.0435779765248298,0.0295885745435953,0.7432141900062561,434,1328.3704945209902,1.665988206863403,1,masked
0.2755250632762909,0.1063121184706687,1.6605021953582764,0.0295419972389936,0.0208503510802984,0.8932484984397888,435,1331.3052082560023,1.6686710119247437,1,masked
0.3155591189861297,0.1190662607550621,1.919877886772156,0.0416395962238311,0.0341107621788978,0.8391062021255493,436,1334.23448954802,1.6712580919265747,1,masked
0.3007266819477081,0.1150142103433609,1.8085435628890991,0.0465392284095287,0.0204154551029205,0.6836596727371216,437,1336.662147746014,1.6730577945709229,1,masked
0.2036036998033523,0.0293259285390377,1.7051424980163574,0.0353509448468685,0.0228422321379184,1.1543203592300415,438,1340.323704556038,1.6746846437454224,1,masked
0.4093253016471863,0.1335669159889221,2.6323082447052,0.1085828840732574,0.1669272184371948,2.365502119064331,439,1343.5656118130428,1.676672339439392,0,masked
0.3521932661533355,0.1636921912431717,1.834062099456787,0.047985590994358,0.0296308193355798,0.9741578698158264,440,1347.0048419680095,1.679245114326477,1,masked
0.2743794023990631,0.0926910787820816,1.7685521841049194,0.0454756058752536,0.0285512022674083,0.5932058691978455,441,1350.4596133980083,1.68150532245636,1,masked
0.3567364513874054,0.1498733907938003,2.0030298233032227,0.06009341776371,0.0550721101462841,2.959735631942749,442,1353.8677239330136,1.6835347414016724,1,masked
0.2762115001678467,0.0906523242592811,1.801428198814392,0.0498482175171375,0.0431544259190559,0.597822368144989,443,1356.8490643490222,1.686473369598389,1,masked
0.2603446543216705,0.0854479819536209,1.7125200033187866,0.0328247658908367,0.0362199172377586,0.5774843692779541,444,1360.0795481750392,1.690032720565796,1,masked
0.2631701827049255,0.0537408255040645,2.0282931327819824,0.0630858764052391,0.0291454698890447,0.5647599697113037,445,1362.8277002930408,1.6935641765594482,1,masked
0.3248666822910309,0.1347695291042328,1.862160563468933,0.032317291945219,0.0649328976869583,0.840934157371521,446,1365.931020137039,1.694821834564209,1,masked
0.2863483726978302,0.0858505815267562,1.940686821937561,0.0581504926085472,0.0614065751433372,0.9202800393104552,447,1368.641029899998,1.6964640617370603,1,masked
0.3168543875217438,0.1159880980849266,1.9673798084259035,0.0346856452524662,0.0659763514995575,0.7796412110328674,448,1371.2647175189925,1.6971720457077026,1,masked
0.4656802713871002,0.2466174960136413,2.1188607215881348,0.0676102861762046,0.0415673851966857,1.5061293840408323,449,1373.8969822340296,1.697939157485962,1,masked
0.2916558980941772,0.0918534323573112,1.965680718421936,0.0262179020792245,0.061258178204298,0.7889410257339478,450,1376.5437816919875,1.6989284753799438,1,masked
0.4139389991760254,0.2187973707914352,1.9093122482299805,0.038997184485197,0.0310691948980093,1.839766502380371,451,1379.3129656240344,1.7002507448196411,1,masked
0.4246801435947418,0.2374563217163086,1.816201090812683,0.0519404262304306,0.0409628748893737,1.0571352243423462,452,1381.9519797720131,1.7021520137786863,1,masked
0.2825746536254883,0.0798805356025695,1.9716523885726929,0.0491837598383426,0.0610488541424274,1.4781835079193115,453,1384.5720620250213,1.7038705348968506,1,masked
0.2891835272312164,0.1111214905977249,1.7526867389678955,0.0249627977609634,0.0297048315405845,0.5406202673912048,454,1387.2037369280006,1.706026911735535,1,masked
0.266373723745346,0.0873095616698265,1.751551866531372,0.0361786000430583,0.0291128251701593,0.8452328443527222,455,1390.2855259200442,1.708413004875183,1,masked
0.2233197391033172,0.0415319614112377,1.7735846042633057,0.0420487262308597,0.0224445573985576,0.6879724264144897,456,1393.0427137010263,1.7115052938461304,1,masked
0.2479133903980255,0.0642232671380043,1.8030327558517456,0.0305758751928806,0.0329241044819355,0.5335557460784912,457,1395.7950181560009,1.7135415077209473,1,masked
0.3290249109268188,0.1356692016124725,1.88018012046814,0.0488630756735801,0.0451381281018257,0.8686833381652832,458,1398.5628986720112,1.7155139446258545,1,masked
0.4099462926387787,0.2304075956344604,1.7445268630981443,0.0475870966911315,0.0327295288443565,0.9379581809043884,459,1401.4404641599976,1.717518925666809,1,masked
0.3285587430000305,0.1479367017745971,1.7506413459777832,0.0452098585665226,0.1036880314350128,1.4366440773010254,460,1403.5561910840331,1.719204664230347,1,masked
0.2502702474594116,0.0545153468847274,1.9018487930297847,0.049276802688837,0.0642339363694191,0.6141948103904724,461,1406.364433802024,1.7221571207046509,1,masked
0.3043782711029053,0.109241634607315,1.9009830951690676,0.0488208718597888,0.015623040497303,0.6949263215065002,462,1408.9985043579943,1.7249135971069336,1,masked
0.2809291183948517,0.0914605855941772,1.8466081619262693,0.0429413095116615,0.0513613224029541,1.0132454633712769,463,1411.653951468994,1.7270532846450806,1,masked
0.3389473557472229,0.1501905918121338,1.8386776447296145,0.0440608002245426,0.0482929125428199,0.5162003636360168,464,1414.2938666410046,1.7291593551635742,1,masked
0.26840540766716,0.0997916162014007,1.6566779613494873,0.0268961228430271,0.0256391651928424,0.8028755784034729,465,1416.9283567050006,1.7310501337051392,1,masked
0.2766130268573761,0.1096318811178207,1.6301487684249878,0.0349238999187946,0.0473890900611877,1.2813748121261597,466,1419.551673796028,1.7329380512237549,1,masked
0.3614200055599212,0.1586888283491134,1.963614821434021,0.0613068118691444,0.0238984953612089,1.036144137382507,467,1422.368332743994,1.7347235679626465,1,masked
0.4233244955539703,0.2073947489261627,2.084556579589844,0.0685003399848938,0.0624035038053989,2.4666881561279297,468,1424.9866909240372,1.7376455068588257,1,masked
0.2284003496170044,0.0570933148264884,1.6649434566497805,0.0440520532429218,0.040746197104454,0.8682213425636292,469,1427.2253033570014,1.7406933307647705,1,masked
0.2721000909805298,0.0815925747156143,1.866781234741211,0.0314252600073814,0.0686853751540184,1.0510042905807495,470,1429.857090784004,1.7440155744552612,1,masked
0.4564531445503235,0.1727975755929947,2.7180614471435547,0.105019137263298,0.1347491145133972,1.5258803367614746,471,1432.6655285960296,1.7470088005065918,0,masked
0.1780255734920501,0.0267479624599218,1.4824548959732056,0.0268007367849349,0.0352036915719509,0.5743944644927979,472,1435.4040058919927,1.7501007318496704,1,masked
0.2409031987190246,0.0556169003248214,1.8209776878356931,0.0287871360778808,0.0309810619801282,0.513481855392456,473,1438.029219074,1.7531369924545288,1,masked
0.3777908682823181,0.1840444356203079,1.8808352947235107,0.0525801889598369,0.0404843688011169,0.7448740601539612,474,1441.1881697780336,1.7531852722167969,1,masked
0.5630863904953003,0.2673207521438598,2.833207845687866,0.1151605695486068,0.0928807780146598,2.361735343933105,475,1444.0202135330185,1.7532455921173096,0,masked
0.4640936851501465,0.1873987913131714,2.6622800827026367,0.0958793312311172,0.0878947898745536,2.3470611572265625,476,1447.021498198039,1.754397749900818,0,masked
0.371071308851242,0.1933732032775879,1.7387430667877195,0.03563829138875,0.025995884090662,1.1093101501464844,477,1450.1243879770043,1.7556102275848389,1,masked
0.2455987632274627,0.0890919715166091,1.5314115285873413,0.0317753069102764,0.0188097171485424,1.1305595636367798,478,1453.308326998027,1.756880760192871,1,masked
0.2962141931056976,0.1105519831180572,1.819119572639465,0.0344808995723724,0.0302151255309581,0.7701416611671448,479,1456.315408657014,1.757936716079712,1,masked
0.4405654668807983,0.227026104927063,2.067702054977417,0.0618516393005847,0.058397140353918,1.484344482421875,480,1459.5258889539982,1.757063865661621,1,masked
0.3096520900726318,0.1105008944869041,1.9337929487228396,0.0542076900601387,0.0351126380264759,0.7432040572166443,481,1462.5250955420197,1.7564246654510498,1,masked
0.3001775741577148,0.1396792382001876,1.5673539638519287,0.0349176041781902,0.0271132420748472,0.6900280714035034,482,1465.598824159999,1.756109595298767,1,masked
0.1962017714977264,0.0318216681480407,1.6205123662948608,0.0221915245056152,0.0109726805239915,0.3380066752433777,483,1468.576656063029,1.7557945251464844,1,masked
0.4899299144744873,0.3040236234664917,1.833441138267517,0.023080913349986,0.0254055075347423,0.7702522873878479,484,1471.7587602650165,1.7556065320968628,1,masked
0.221170499920845,0.0435149855911731,1.7336750030517578,0.0392424166202545,0.0363757833838462,0.8417620658874512,485,1474.751467575028,1.7561233043670654,1,masked
0.4193466901779175,0.2101507633924484,2.0144660472869877,0.0707882493734359,0.0670482814311981,0.7426060438156128,486,1477.8209848260158,1.756839156150818,1,masked
0.3874468803405761,0.1896268427371978,1.9263836145401,0.0443520098924636,0.0746490061283111,0.7470496892929077,487,1480.9310375790228,1.7579047679901123,1,masked
0.2762733995914459,0.0807223543524742,1.9060094356536863,0.0439658835530281,0.0553473159670829,1.5516966581344604,488,1484.009806682996,1.758657693862915,1,masked
0.2181209921836853,0.0339630618691444,1.802762746810913,0.0369566306471824,0.0185982212424278,0.6608418822288513,489,1486.9377198060392,1.7593564987182615,1,masked
0.4062495231628418,0.23735311627388,1.6552001237869265,0.0307452008128166,0.0301865972578525,0.6321325898170471,490,1490.1186091430136,1.760067343711853,1,masked
0.4798927307128906,0.2883613407611847,1.8658565282821653,0.0433534123003482,0.0610451363027095,0.7948031425476074,491,1493.1109661420342,1.760685920715332,1,masked
0.2479948848485946,0.0823861137032508,1.6210999488830566,0.0321676135063171,0.0282000973820686,0.4831757545471191,492,1495.9958811450051,1.762521743774414,1,masked
0.205671340227127,0.0412030667066574,1.6150400638580322,0.0256446879357099,0.0399782843887805,0.6159827709197998,493,1498.6193323530024,1.764248013496399,1,masked
0.2471604496240615,0.0658396929502487,1.76348614692688,0.0456788577139377,0.0404252558946609,0.6430425047874451,494,1501.446231712005,1.7665451765060425,1,masked
0.2987217009067535,0.1161025986075401,1.7720425128936768,0.0473503470420837,0.0679825544357299,0.7494010329246521,495,1504.080227103026,1.768995761871338,1,masked
0.3715367317199707,0.1725618243217468,1.922496318817139,0.063167855143547,0.0408471338450908,0.8318110704421997,496,1506.2003875630326,1.77081561088562,1,masked
0.24188794195652,0.0579557679593563,1.8009668588638306,0.0358990430831909,0.0245590787380933,0.6855550408363342,497,1508.480348934012,1.772371768951416,1,masked
0.3420955836772918,0.1684185117483139,1.70261812210083,0.0303760953247547,0.0377663783729076,0.7503661513328552,498,1511.111122366041,1.7735975980758667,1,masked
0.385489821434021,0.1598199605941772,2.16532301902771,0.0853498876094818,0.0602600127458572,1.1345752477645874,499,1513.9122174300137,1.7750402688980105,1,masked
0.3336377739906311,0.1443529427051544,1.832520127296448,0.0569664686918258,0.0336173027753829,0.7298915386199951,500,1516.5463611269952,1.7769285440444946,1,masked
0.2250760197639465,0.0522210709750652,1.6861366033554075,0.0407324656844139,0.0168020948767662,0.6574299931526184,501,1518.866698310012,1.7788941860198977,1,masked
0.4773068726062774,0.2848962247371673,1.8684208393096924,0.0491935946047306,0.0649195164442062,1.299633502960205,502,1521.5907602499938,1.7807875871658323,1,masked
0.3145713210105896,0.1477433145046234,1.6362895965576172,0.0300665609538555,0.0192365273833274,0.9150262475013732,503,1524.4816050640077,1.7832199335098269,1,masked
0.2924866080284118,0.0917723700404167,1.9480366706848145,0.0555803515017032,0.0352555103600025,0.8728147149085999,504,1527.092759895022,1.7857917547225952,1,masked
0.3062525987625122,0.1167314946651458,1.855590581893921,0.0373697951436042,0.0225084982812404,0.7697411179542542,505,1529.8596508990158,1.7883716821670532,1,masked
0.3230338394641876,0.1319605112075805,1.8617991209030151,0.0471704714000225,0.017636626958847,0.8048948049545288,506,1532.842729269003,1.790940284729004,1,masked
0.2933851480484009,0.1102740764617919,1.7724759578704834,0.0540135987102985,0.0462140142917633,0.6109799742698669,507,1535.9988019969896,1.7933049201965332,1,masked
0.3018687665462494,0.0975977331399917,1.9946601390838623,0.0412380807101726,0.0681228786706924,0.6193628311157227,508,1539.1862252770225,1.7955536842346191,1,masked
0.4543384313583374,0.2732967734336853,1.7741354703903198,0.0331373363733291,0.0314360149204731,0.7415690422058105,509,1542.2613282449893,1.797870397567749,1,masked
0.2957915365695953,0.1160373091697692,1.7443559169769287,0.0504428818821907,0.0274365153163671,1.9017925262451167,510,1545.2530065780156,1.8005765676498413,1,masked
0.4282638430595398,0.1675341725349426,2.4998579025268555,0.0986168906092643,0.0882204920053482,2.2524642944335938,511,1548.1933879299904,1.804991364479065,0,masked
0.2919098138809204,0.1032495871186256,1.8390207290649412,0.0436862483620643,0.0389536768198013,0.7904412746429443,512,1551.314291112998,1.8090012073516848,1,masked
0.2809840738773346,0.1083591729402542,1.687206506729126,0.0369322448968887,0.0211039260029792,1.0799633264541626,513,1592.9782557910075,1.812852382659912,1,masked
0.2483594566583633,0.0895724892616272,1.5495144128799438,0.035352736711502,0.0300251469016075,0.7980976104736328,514,1595.7313091779945,1.8170318603515625,1,masked
0.3043954968452453,0.1107571274042129,1.8849149942398071,0.0472975149750709,0.0417155958712101,0.6559064388275146,515,1598.3414484889945,1.8210477828979488,1,masked
0.4098356068134308,0.1304441541433334,2.679279565811157,0.1111502945423126,0.0348446257412433,1.4050253629684448,516,1601.126910032006,1.8248883485794067,0,masked
0.368143767118454,0.1749168038368225,1.880513072013855,0.0491556786000728,0.0260091535747051,1.114968180656433,517,1604.2295212540191,1.828742504119873,1,masked
0.3158043324947357,0.1190858259797096,1.9028446674346924,0.0587798282504081,0.0556067787110805,1.2170885801315308,518,1607.4800932650105,1.8317264318466189,1,masked
0.3158742785453796,0.1216579750180244,1.8946821689605715,0.0440041050314903,0.0347643680870533,0.9928654432296752,519,1610.4384061800083,1.8343507051467896,1,masked
0.2181635349988937,0.0430659912526607,1.7153501510620115,0.0331423208117485,0.0248305220156908,0.5823633670806885,520,1613.3517030540388,1.83669912815094,1,masked
0.5030863285064697,0.204072818160057,2.870581865310669,0.1126648783683776,0.0688832402229309,1.906946063041687,521,1616.143278098025,1.8388671875,0,masked
0.378358244895935,0.1785001158714294,1.9451408386230469,0.0490305423736572,0.0441038757562637,0.8355679512023926,522,1619.1597630020117,1.8409422636032104,1,masked
0.4518044292926788,0.1765263527631759,2.624136686325073,0.1209589913487434,0.0768514573574066,2.654095411300659,523,1622.3433100120164,1.8443723917007449,0,masked
0.2433522790670395,0.0864644348621368,1.5366129875183103,0.0303797461092472,0.0188567675650119,0.5819082856178284,524,1625.6564716490102,1.847370982170105,1,masked
0.2880150377750397,0.0888178646564483,1.923402190208435,0.0650881230831146,0.034811582416296,0.7981339693069458,525,1628.6500307820388,1.8503237962722776,1,masked
0.357288509607315,0.1749955862760543,1.780234694480896,0.0403725691139698,0.0232220664620399,0.7059261798858643,526,1631.4094461739878,1.8530545234680176,1,masked
0.2593704164028168,0.050786979496479,2.0190460681915283,0.062021717429161,0.0476647689938545,0.6762256026268005,527,1634.217778803024,1.8555251359939573,1,masked
0.4034967422485351,0.120136871933937,2.7083535194396973,0.1169057413935661,0.0833901539444923,1.236924171447754,528,1636.6690701660118,1.8580968379974363,0,masked
0.2448336482048034,0.0797160938382148,1.6063257455825806,0.0413567647337913,0.0349287986755371,0.8423895239830017,529,1638.8140800180263,1.86061692237854,1,masked
0.2216515243053436,0.0542061254382133,1.6329007148742676,0.039008367806673,0.0254483968019485,0.8140360116958618,530,1642.0508967610076,1.863049864768982,1,masked
0.3134414851665497,0.1500328928232193,1.603342056274414,0.0296077392995357,0.0113602317869663,0.8888639807701111,531,1644.6420968570164,1.865411639213562,1,masked
0.3248389661312103,0.1723276823759079,1.4917805194854736,0.0320635363459587,0.0126881096512079,1.0615254640579224,532,1647.0437921890407,1.867781400680542,1,masked
0.2805986702442169,0.1077814996242523,1.692835569381714,0.0329432114958763,0.023928303271532,0.8642496466636658,533,1649.755411425023,1.870356202125549,1,masked
0.3330980539321899,0.1304992437362671,1.9602912664413448,0.0629838109016418,0.0271293986588716,1.162206768989563,534,1652.559601559013,1.872627139091492,1,masked
0.3757452368736267,0.1755494922399521,1.935220718383789,0.0589610077440738,0.0777582824230194,0.9272069931030272,535,1655.2703220940311,1.87482750415802,1,masked
0.3409707546234131,0.1483437269926071,1.886643886566162,0.0361320413649082,0.0349407158792018,0.989297330379486,536,1657.8874654360116,1.87693452835083,1,masked
0.3715392351150512,0.1770056784152984,1.8903075456619265,0.0517767965793609,0.0325103886425495,1.031627535820007,537,1660.601164761989,1.8790946006774905,1,masked
0.4743947386741638,0.2063237875699997,2.5794517993927,0.0918495506048202,0.0940831005573272,4.25785493850708,538,1663.3406812080066,1.8814904689788816,0,masked
0.270635038614273,0.0930328965187072,1.7365903854370115,0.0352988764643669,0.0413216836750507,0.6612000465393066,539,1665.9676004050416,1.8830643892288208,1,masked
0.3787065744400024,0.1341472417116165,2.355167865753174,0.0826782137155532,0.0774736031889915,0.7159128189086914,540,1668.4192024010115,1.885284423828125,0,masked
0.2525964975357055,0.0732414051890373,1.7455888986587524,0.0445679202675819,0.0339391566812992,0.5920963883399963,541,1671.038872404024,1.8876334428787231,1,masked
0.3872498571872711,0.1757472306489944,2.0625925064086914,0.0483974032104015,0.0403643101453781,1.0027416944503784,542,1673.653740661044,1.8889293670654297,1,masked
0.2383667826652526,0.0548549741506576,1.8041181564331052,0.0267578791826963,0.0424202010035514,0.7866501808166504,543,1676.7104915470118,1.8900295495986936,1,masked
0.2207478582859039,0.0495916195213794,1.680978775024414,0.0296520963311195,0.0093155363574624,0.5965470671653748,544,1678.8167839720263,1.8909772634506223,1,masked
0.3190198540687561,0.1331146657466888,1.8079622983932493,0.0482560619711875,0.0283325165510177,0.935674250125885,545,1681.5839105140185,1.8926039934158323,1,masked
0.2945148348808288,0.095902107656002,1.9248899221420288,0.0565533488988876,0.0468400605022907,2.01679801940918,546,1684.522121921007,1.8948973417282104,1,masked
0.2209463715553283,0.056824117898941,1.5984513759613037,0.0393423363566398,0.0342870168387889,0.8432685136795044,547,1687.449133223039,1.8973361253738403,1,masked
0.422439694404602,0.1577035784721374,2.551363468170166,0.0911209285259246,0.0487702116370201,0.9967541098594666,548,1690.1088584850077,1.8996931314468384,0,masked
0.3116552829742431,0.0993972867727279,2.0608012676239014,0.0565164573490619,0.0526208020746707,0.7080631256103516,549,1693.05042072403,1.9029638767242432,1,masked
0.2225687205791473,0.07548488676548,1.440443515777588,0.0278940219432115,0.0250076688826084,0.6125469207763672,550,1695.9949542640245,1.906230330467224,1,masked
0.3629742860794067,0.1701789945363998,1.8764536380767824,0.0471405386924743,0.0435878708958625,0.7891502976417542,551,1698.9195398900192,1.908207416534424,1,masked
0.2492165267467498,0.0760902613401413,1.6926921606063845,0.0330835506319999,0.0548690557479858,0.6822184920310974,552,1702.2143539850367,1.9102050065994265,1,masked
0.1842419803142547,0.0354422107338905,1.4607006311416626,0.0252767484635114,0.0202032178640365,0.4042645096778869,553,1705.2402433450334,1.9122503995895384,1,masked
0.3255559802055359,0.1330870389938354,1.8904283046722408,0.0310174115002155,0.0324385054409503,0.5009627938270569,554,1708.3847124149906,1.9145644903182983,1,masked
0.2903881371021271,0.1071748659014701,1.787015080451965,0.0431690961122512,0.0194890033453702,0.6803856492042542,555,1711.2155955749913,1.916478395462036,1,masked
0.3534165620803833,0.1702778786420822,1.7870386838912964,0.0400656163692474,0.042825162410736,474.2328796386719,556,1713.852327910019,1.9182136058807373,1,masked
0.4394192695617676,0.2339693903923034,2.004507303237915,0.0434453338384628,0.0654624253511428,0.6233163475990295,557,1715.941611857037,1.920270323753357,1,masked
0.2758373618125915,0.1117934137582779,1.6085634231567385,0.0308874826878309,0.009888052009046,0.8581308722496033,558,1718.5513084470294,1.922284245491028,1,masked
0.2429953217506408,0.0511316359043121,1.875610589981079,0.0366254262626171,0.064006857573986,0.8688973188400269,559,1721.4393610290135,1.9240514039993288,1,masked
0.257081389427185,0.0626774951815605,1.8818069696426392,0.059519924223423,0.0271185748279094,0.9180044531822203,560,1724.0821018340066,1.9257007837295528,1,masked
0.3259790539741516,0.1398644894361496,1.8159860372543333,0.0409995727241039,0.0415989123284816,0.4586367309093475,561,1726.7029454780277,1.927318096160889,1,masked
0.2232586294412613,0.0479535982012748,1.7036149501800537,0.0460918098688125,0.0334369018673896,1.3816568851470947,562,1728.8328344420297,1.9288936853408811,1,masked
0.5478256344795227,0.2519383430480957,2.818480491638184,0.1323549896478653,0.0803688168525695,1.4560471773147583,563,1731.3049045400112,1.9307047128677368,0,masked
0.2578266561031341,0.0861903131008148,1.667877197265625,0.0353088080883026,0.1317743808031082,1.1273797750473022,564,1734.1264494160423,1.932507395744324,1,masked
0.3128341436386108,0.1146295443177223,1.923356771469116,0.0552390366792678,0.0345019064843654,0.6638755798339844,565,1736.7350030270172,1.93443763256073,1,masked
0.335546463727951,0.079048253595829,2.46626877784729,0.0907117798924446,0.0800129100680351,0.650264322757721,566,1739.2283294550143,1.938076138496399,0,masked
0.3050681054592132,0.1066484972834587,1.939620018005371,0.0398966670036315,0.0467932634055614,0.7882857322692871,567,1742.0776691120118,1.941725730895996,1,masked
0.2868863642215729,0.0983445569872856,1.8373206853866575,0.044396087527275,0.0370151959359645,0.9696703553199768,568,1744.868619260029,1.9452130794525144,1,masked
0.3320223093032837,0.1363696008920669,1.8937269449234009,0.0610273331403732,0.0177287012338638,0.8970203399658203,569,1747.5026977070374,1.9488604068756104,1,masked
0.3669128715991974,0.198493406176567,1.6444027423858645,0.0371271707117557,0.0266450140625238,0.7888164520263672,570,1750.133570689999,1.952879309654236,1,masked
0.253379613161087,0.0780414342880249,1.7140790224075315,0.0358637236058712,0.0343898124992847,0.5532527565956116,571,1753.437958969036,1.956152081489563,1,masked
0.3324204683303833,0.1789544969797134,1.512989163398743,0.0192693974822759,0.0240133106708526,0.7786263227462769,572,1756.5336171330418,1.959550380706787,1,masked
0.3184810876846313,0.1170397475361824,1.9531795978546145,0.0518819019198417,0.0935189351439476,0.7284811735153198,573,1759.922471086029,1.963020920753479,1,masked
0.2895272076129913,0.0891436859965324,1.945778965950012,0.0519549995660781,0.0610131993889808,0.7610630989074707,574,1763.1613491669996,1.966081976890564,1,masked
0.3418793976306915,0.1604474633932113,1.759636163711548,0.0511052124202251,0.0357827618718147,0.7973088622093201,575,1766.2834011670202,1.9691872596740725,1,masked
0.2869370579719543,0.1158625036478042,1.6818536520004272,0.0235835444182157,0.0530812554061412,1.102132797241211,576,1769.8183022449955,1.972421646118164,1,masked
0.2756097018718719,0.0880776196718216,1.829777717590332,0.0429380759596824,0.0260517001152038,0.826374888420105,577,1773.001368397032,1.975848913192749,1,masked
0.2474268227815628,0.0882939100265502,1.5560567378997805,0.0339597538113594,0.0131259588524699,1.2325631380081177,578,1776.5190421960433,1.9788724184036253,1,masked
0.2837810814380646,0.0998415276408195,1.787203669548035,0.0484108887612819,0.037808459252119,0.7297869920730591,579,1779.6789583190111,1.9816750288009644,1,masked
0.3438569009304046,0.1488311737775802,1.896004557609558,0.0510691553354263,0.0318384543061256,0.8035560846328735,580,1782.9495327270124,1.9845308065414429,1,masked
0.3175917565822601,0.118650384247303,1.917064189910889,0.0692149102687835,0.0313461013138294,0.7305870652198792,581,1786.46822686604,1.987282395362854,1,masked
0.4137535989284515,0.2307222783565521,1.7916232347488403,0.035767562687397,0.029225779697299,0.91127347946167,582,1789.471151862992,1.989548087120056,1,masked
0.2607896625995636,0.0921408683061599,1.6568602323532104,0.0268248748034238,0.0280263628810644,2.373141050338745,583,1792.454501736036,1.9920092821121216,1,masked
0.4037642776966095,0.1120177805423736,2.785628080368042,0.1215410679578781,0.1029563695192337,1.9378539323806765,584,1795.48683910002,1.9946212768554688,0,masked
0.3820726871490478,0.2257318794727325,1.540571212768555,0.0201810728758573,0.0265579782426357,0.7180877327919006,585,1798.570882707019,1.999014139175415,1,masked
0.4427233934402466,0.2384715974330902,1.9739717245101929,0.0617546737194061,0.0679151564836502,0.9913488030433656,586,1801.6973527380032,2.004040002822876,1,masked
0.2643526792526245,0.0749879032373428,1.835129976272583,0.0532594248652458,0.0525845848023891,0.7119728326797485,587,1804.3462928800143,2.008525848388672,1,masked
0.3892217874526977,0.2021527290344238,1.8259583711624143,0.0418082997202873,0.029237387701869,0.7284326553344727,588,1807.1137279130053,2.0124645233154297,1,masked
0.4154404699802398,0.2224595993757248,1.882997751235962,0.0417873039841651,0.0502342283725738,0.8926657438278198,589,1810.5638724130115,2.0171210765838623,1,masked
0.2939217388629913,0.1096383109688758,1.8028995990753172,0.0368518121540546,0.0308281034231185,0.6319727301597595,590,1813.698993701022,2.0216526985168457,1,masked
0.4706567823886871,0.1791825890541076,2.791290521621704,0.1137563809752464,0.0969469100236892,1.82102370262146,591,1815.688017131004,2.0263748168945312,0,masked
0.3126547932624817,0.1407672762870788,1.6856368780136108,0.0296432189643383,0.0359509289264678,1.0041362047195437,592,1817.903504938993,2.031824350357056,1,masked
0.3531719446182251,0.116362951695919,2.284881591796875,0.0747592002153396,0.0844929590821266,0.7335376739501953,593,1820.5586958570057,2.037947416305542,0,masked
0.284682959318161,0.1112332940101623,1.6837049722671509,0.0499360896646976,0.0085548246279358,0.7750544548034668,594,1823.645827940025,2.0429911613464355,1,masked
0.2045848369598388,0.0356939285993576,1.6540298461914062,0.0324405767023563,0.0243853963911533,0.5488049983978271,595,1826.397693576,2.0475499629974365,1,masked
0.3035440146923065,0.1146430671215057,1.8234039545059204,0.0596050769090652,0.0600054301321506,1.144878387451172,596,1829.354304664012,2.051671266555786,1,masked
0.207130491733551,0.0538852885365486,1.4962828159332275,0.0344765223562717,0.0169253293424844,0.4726107120513916,597,1832.651757284999,2.055494785308838,1,masked
0.2852195501327514,0.1057799383997917,1.7394031286239624,0.0521037876605987,0.0288932882249355,0.7225642800331116,598,1835.612770039996,2.058063507080078,1,masked
0.2506674826145172,0.069994144141674,1.761184573173523,0.0425797961652278,0.0296883042901754,0.7758945226669312,599,1838.71189760702,2.0603365898132324,1,masked
0.3263819813728332,0.1263619661331176,1.9451112747192385,0.0511952154338359,0.0389347895979881,0.7480992674827576,600,1841.6416836320425,2.062274694442749,1,masked
0.2949379086494446,0.1003261357545852,1.8861713409423828,0.0549350045621395,0.0501136630773544,0.937491536140442,601,1844.8396157980317,2.064248561859131,1,masked
0.417154848575592,0.1557406783103943,2.50160813331604,0.102746345102787,0.0978706181049346,0.7650571465492249,602,1847.818552362034,2.0664849281311035,0,masked
0.2625543475151062,0.0703270062804222,1.8783729076385496,0.0418817140161991,0.020186236128211,0.5700307488441467,603,1850.8398125609965,2.068864107131958,1,masked
0.2045080065727234,0.03932636231184,1.624821662902832,0.0250087901949882,0.0198585111647844,0.4537996649742126,604,1853.8318421519944,2.0709969997406006,1,masked
0.4071406126022339,0.2024206817150116,1.967252373695373,0.0737222358584404,0.0622443668544292,0.9523229002952576,605,1857.0578712970016,2.0723800659179688,1,masked
0.4053548872470855,0.2128053605556488,1.859688639640808,0.0578409060835838,0.0796583220362663,0.8928585052490234,606,1859.8777466139877,2.074016571044922,1,masked
0.2839279174804687,0.1158660799264907,1.637271285057068,0.0400307476520538,0.0331624411046505,0.7339098453521729,607,1862.6690353960148,2.076242446899414,1,masked
0.2806598544120788,0.0948422402143478,1.8144575357437132,0.0396558940410614,0.0406277552247047,0.8228321671485901,608,1865.7958767540404,2.0808682441711426,1,masked
0.3411980867385864,0.1685325503349304,1.680532932281494,0.0334530137479305,0.1266925185918808,0.7570887207984924,609,1868.7566672530372,2.085403680801392,1,masked
0.3636543154716491,0.1590073406696319,1.9903641939163208,0.0515744686126709,0.04531030356884,0.9352431297302246,610,1872.1956974299972,2.089909553527832,1,masked
0.266319990158081,0.0883444398641586,1.7273335456848145,0.0487120971083641,0.0370981581509113,0.7650037407875061,611,1875.5578414759948,2.0940630435943604,1,masked
0.3221055269241333,0.116435058414936,1.989531397819519,0.0617075636982917,0.0546531453728675,0.8058533668518066,612,1878.8036486040216,2.097795963287353,1,masked
0.3078120648860931,0.0916286259889602,2.08418869972229,0.0707617849111557,0.0688395500183105,0.8996071219444275,613,1881.878917558992,2.10090446472168,0,masked
0.2841328680515289,0.124933585524559,1.559561252593994,0.0292324144393205,0.0319912657141685,0.6918382048606873,614,1885.3804442409887,2.104194641113281,1,masked
0.2596719563007355,0.0728220865130424,1.829172134399414,0.0369991064071655,0.0232773777097463,0.7534579038619995,615,1888.7033453070328,2.107121229171753,1,masked
0.2433328330516815,0.0644588842988014,1.7383514642715454,0.0445225872099399,0.0586542300879955,0.9348963499069214,616,1891.933025719016,2.1098153591156006,1,masked
0.2995604872703552,0.1376382112503051,1.5842294692993164,0.0326740257441997,0.0231942124664783,1.610813856124878,617,1895.405049871013,2.1124775409698486,1,masked
0.2492452561855316,0.0842185020446777,1.6155881881713867,0.0326948538422584,0.0198436416685581,0.6541285514831543,618,1898.6997923000015,2.114741086959839,1,masked
0.3759859502315521,0.2014724016189575,1.6966552734375,0.044965099543333,0.0351475700736045,0.6149261593818665,619,1902.0337319500395,2.1166841983795166,1,masked
0.2137713432312011,0.0444410927593708,1.662843942642212,0.0281897541135549,0.0226874686777591,0.8566220998764038,620,1905.4083608530343,2.1184802055358887,1,masked
0.2907493412494659,0.1084969490766525,1.77409029006958,0.0445607751607894,0.0387292169034481,0.677547812461853,621,1908.8168815210229,2.120070457458496,1,masked
0.2388016730546951,0.0755779966711998,1.597204566001892,0.0328147187829017,0.0221733637154102,0.8675020933151245,622,1912.364628889016,2.1215946674346924,1,masked
0.2573839128017425,0.0783810541033744,1.7359309196472168,0.04810506477952,0.0599265471100807,1.5462586879730225,623,1915.7670648320343,2.1230900287628174,1,masked
0.225957304239273,0.0408523045480251,1.7981150150299072,0.0502471402287483,0.0268760919570922,0.7739988565444946,624,1918.7839967799955,2.1243889331817627,1,masked
0.2890169620513916,0.1026687175035476,1.822710037231445,0.0375805348157882,0.0319176092743873,0.7866681814193726,625,1921.9073501870157,2.125692844390869,1,masked
0.2792226672172546,0.1021787524223327,1.7213237285614014,0.0479383841156959,0.011769101023674,0.7176766991615295,626,1925.0265363240032,2.1267542839050293,1,masked
0.2798810005187988,0.1195205673575401,1.5771136283874512,0.0237445123493671,0.0274631269276142,0.717792272567749,627,1927.9875326800395,2.127119541168213,1,masked
0.2902567684650421,0.1154347509145736,1.7125285863876345,0.0312420316040515,0.0444971323013305,0.5627484321594238,628,1930.9300104780125,2.127666711807251,1,masked
0.2878895998001098,0.089994303882122,1.9214606285095213,0.0547208562493324,0.0277118384838104,0.6984410285949707,629,1933.872756849043,2.128236770629883,1,masked
0.2600953578948974,0.0600760467350482,1.9360281229019165,0.060778122395277,0.03386852145195,0.6103870868682861,630,1937.3256790190355,2.128870010375977,1,masked
0.3417447507381439,0.1309123337268829,2.037497043609619,0.0633441805839538,0.074828416109085,0.8530277609825134,631,1940.491808324994,2.1293816566467285,1,masked
0.2468995749950409,0.0781631469726562,1.656337022781372,0.0276467893272638,0.033803753554821,0.9039707183837892,632,1943.4382901510107,2.1299633979797363,1,masked
0.3735494911670685,0.1091652289032936,2.580991506576538,0.0585991814732551,0.0425179749727249,1.753982424736023,633,1946.1968319430016,2.131171464920044,0,masked
0.2863686978816986,0.0977473556995391,1.833708643913269,0.0469802394509315,0.0552432388067245,0.777682363986969,634,1949.1423914380136,2.131640672683716,1,masked
0.4286076426506042,0.2264113128185272,1.9652128219604488,0.0512239634990692,0.0552627108991146,1.378950595855713,635,1952.5038965590063,2.132444143295288,1,masked
0.3638355731964111,0.1842815726995468,1.7656587362289429,0.025986798107624,0.0389434993267059,1.2646902799606323,636,1955.254169140011,2.1325762271881104,1,masked
0.4670661091804504,0.1856885254383087,2.705949544906616,0.096937321126461,0.1088880747556686,1.9504802227020264,637,1957.8184913709997,2.1333723068237305,0,masked
0.2376640141010284,0.0736409500241279,1.60047447681427,0.0351104252040386,0.0464559271931648,0.47260183095932,638,1960.577047321014,2.133997201919556,1,masked
0.3070432841777801,0.1085845828056335,1.9228291511535645,0.0564014129340648,0.0535676479339599,0.8629692792892456,639,1963.766930615005,2.1357455253601074,1,masked
0.2860917448997497,0.106151670217514,1.765782117843628,0.0289430208504199,0.0467539429664611,0.7484079003334045,640,1966.633625009039,2.1380741596221924,1,masked
0.2665617167949676,0.098426379263401,1.6440426111221311,0.034448429942131,0.0286260433495044,0.5725421905517578,641,1969.3730758090387,2.1404595375061035,1,masked
0.3515747785568237,0.2016059309244156,1.4680039882659912,0.0278178174048662,0.038664273917675,0.6108089089393616,642,1972.1171278220136,2.142791986465454,1,masked
0.3583986163139343,0.1899566799402237,1.6538057327270508,0.026746243238449,0.0386683456599712,1.2898589372634888,643,1975.3037033349972,2.1450204849243164,1,masked
0.2333025485277176,0.0628649890422821,1.6745684146881104,0.0277686845511198,0.0203840360045433,0.9565683007240297,644,1977.6949597960336,2.146549224853516,1,masked
0.3185818493366241,0.1059836894273758,2.055901288986206,0.0657446235418319,0.0433570817112922,0.6163447499275208,645,1980.63257096702,2.148103713989258,1,masked
0.2608766257762909,0.0986411496996879,1.595536470413208,0.0230149999260902,0.0380319394171237,0.5354481339454651,646,1983.3891331499908,2.1496400833129883,1,masked
0.4150439798831939,0.1493279188871383,2.556514263153076,0.0937205255031585,0.069258876144886,0.9946985840797424,647,1986.399225361005,2.151607036590576,0,masked
0.2355332970619201,0.0817978754639625,1.5114850997924805,0.0238915495574474,0.0197749566286802,0.4190172851085663,648,1989.1494957660325,2.153448820114136,1,masked
0.4093753099441528,0.116746500134468,2.8122494220733643,0.1037891656160354,0.1024958565831184,1.155521035194397,649,1991.710357565025,2.1556828022003174,0,masked
0.2723702490329742,0.0900093168020248,1.781367540359497,0.0388006158173084,0.0344111621379852,0.6198667883872986,650,1994.499795873009,2.1580677032470703,1,masked
0.3052787184715271,0.1144779622554779,1.8433586359024048,0.0599388107657432,0.0471014492213726,1.7380915880203247,651,1997.4499483500256,2.160332441329956,1,masked
0.3919196426868438,0.1191489472985267,2.6119306087493896,0.1094792410731315,0.0629710033535957,0.8942532539367676,652,2000.084045590018,2.162584066390991,0,masked
0.2681223750114441,0.0855657383799552,1.778503179550171,0.0443536639213562,0.0270962342619895,0.6757202744483948,653,2002.4688706499876,2.1650822162628174,1,masked
0.3743477463722229,0.144229307770729,2.221754312515259,0.0713344663381576,0.0809554159641265,1.1979693174362185,654,2005.15665349504,2.167414426803589,1,masked
0.2942722141742706,0.094516284763813,1.9454706907272337,0.048746682703495,0.0334151946008205,0.7010598182678223,655,2008.1076826550416,2.170482397079468,1,masked
0.2420942187309265,0.0735766068100929,1.6504433155059814,0.0310276355594396,0.0370528325438499,0.9517216682434082,656,2011.5094593309916,2.172490358352661,1,masked
0.5343421101570129,0.2856386303901672,2.3881118297576904,0.0891675129532814,0.0975519940257072,0.7890529036521912,657,2014.10939037404,2.174476623535156,0,masked
0.2781469523906708,0.1209457218647003,1.5397534370422363,0.0283008813858032,0.0395803526043891,1.1340699195861816,658,2017.0882678159976,2.177058458328247,1,masked
0.2864364683628082,0.1311698704957962,1.5281611680984497,0.022465631365776,0.0203902348875999,0.5609535574913025,659,2019.970039169013,2.179574966430664,1,masked
0.2381135821342468,0.0798773169517517,1.5591250658035278,0.0201641712337732,0.0307332538068294,0.6670140624046326,660,2023.224807866034,2.1825520992279053,1,masked
0.2842733860015869,0.0975065231323242,1.816207766532898,0.0467870309948921,0.0467376559972763,0.7709360718727112,661,2026.214625869994,2.1851696968078613,1,masked
0.2726490795612335,0.077482596039772,1.8878023624420168,0.0584434643387794,0.0541907511651515,0.8518999814987183,662,2029.2213058280176,2.187537670135498,1,masked
0.2809841930866241,0.0540060028433799,2.200641632080078,0.0636267811059951,0.0551375187933445,0.6004402041435242,663,2032.225632007001,2.1896557807922363,1,masked
0.2490966022014618,0.0699198544025421,1.7496819496154783,0.0381155908107757,0.0396966747939586,0.7728468179702759,664,2035.483073956042,2.190462827682495,1,masked
0.3424603939056396,0.1473664343357086,1.8906103372573853,0.0545128099620342,0.0581684298813343,1.8433188199996948,665,2038.8371339610312,2.1913082599639893,1,masked
0.3387143015861511,0.1700810939073562,1.6480202674865725,0.0336112603545188,0.0470060482621192,0.6325938701629639,666,2042.1985298130312,2.192260980606079,1,masked
0.3004975914955139,0.1206021830439567,1.7558062076568604,0.0418283976614475,0.0131956133991479,0.7496141195297241,667,2045.428266695002,2.1933553218841557,1,masked
0.24929079413414,0.0640912279486656,1.8070021867752075,0.0425975508987903,0.0239613577723503,0.5134653449058533,668,2048.6678022210253,2.195587158203125,1,masked
0.2683030664920807,0.0920273587107658,1.7093197107315063,0.0494164638221263,0.0402056276798248,0.9164767861366272,669,2051.4738452010206,2.1975138187408447,1,masked
0.347355306148529,0.1728807389736175,1.706632137298584,0.0374217443168163,0.0069182831794023,0.5729045271873474,670,2054.219116471999,2.199459314346313,1,masked
0.3464936017990112,0.063829593360424,2.687251567840576,0.127641424536705,0.1174700707197189,0.9065285325050354,671,2057.243643966038,2.20161247253418,0,masked
0.3573578000068664,0.1601565033197403,1.910593152046204,0.059328593313694,0.0209094118326902,0.5109402537345886,672,2060.8726690220064,2.2035562992095947,1,masked
0.2218687981367111,0.0621254257857799,1.56157648563385,0.0329034999012947,0.0295393168926239,0.9782427549362184,673,2064.315850285988,2.20515513420105,1,masked
0.2533932328224182,0.1001033261418342,1.5027058124542236,0.0284589324146509,0.0173427518457174,0.7174411416053772,674,2067.5420051190304,2.20682692527771,1,masked
0.2719532251358032,0.1187539473176002,1.5017259120941162,0.0265448447316885,0.0372207388281822,0.750686764717102,675,2070.7015832790057,2.209068536758423,1,masked
0.2175949960947036,0.055617693811655,1.5876543521881104,0.0303313266485929,0.0178739633411169,0.4896063506603241,676,2073.705197443021,2.211285352706909,1,masked
0.288237988948822,0.1045669466257095,1.776258945465088,0.0562409944832325,0.0421049408614635,0.6009897589683533,677,2076.901786695991,2.21314024925232,1,masked
0.2793704271316528,0.1228930130600929,1.5297870635986328,0.032181579619646,0.0280569307506084,0.822275698184967,678,2079.693455753033,2.215383768081665,1,masked
0.465908944606781,0.1817312687635421,2.716242790222168,0.1183415055274963,0.0719276815652847,1.2591971158981323,679,2082.248134886031,2.217625856399536,0,masked
0.3094377517700195,0.1097692400217056,1.9350255727767944,0.0578957833349704,0.0376372523605823,1.0555702447891235,680,2085.007519352017,2.2189340591430664,1,masked
0.2471736371517181,0.0399083271622657,2.007140874862671,0.0566633231937885,0.0884894952178001,0.680048406124115,681,2088.0622111920384,2.2199535369873047,1,masked
0.2891622483730316,0.0993996188044548,1.8448848724365237,0.0508894734084606,0.0185189172625541,0.6810810565948486,682,2090.8620276449947,2.2210464477539062,1,masked
0.2867118418216705,0.1186332628130912,1.6569643020629885,0.0208419822156429,0.0297954343259334,0.5513156056404114,683,2093.316416829999,2.2224106788635254,1,masked
0.2790804505348205,0.0966910049319267,1.785670518875122,0.0370205007493495,0.0120336487889289,0.7306413650512695,684,2096.2035468500108,2.2237682342529297,1,masked
0.2797676622867584,0.0870901420712471,1.8548638820648196,0.0682898983359336,0.0362119823694229,0.7502350807189941,685,2099.0618095590034,2.225749254226685,1,masked
0.3080163896083832,0.111669935286045,1.9089438915252688,0.0516968071460723,0.0282382443547248,0.8831053972244263,686,2101.891006364021,2.22693419456482,1,masked
0.1931617707014084,0.0505723245441913,1.4026572704315186,0.020556166768074,0.0268106143921613,0.3014997243881225,687,2104.6193225629977,2.228133201599121,1,masked
0.3027864694595337,0.1082380786538124,1.890743970870972,0.0477898940443992,0.0694985762238502,0.7011175155639648,688,2107.242406186997,2.229504346847534,1,masked
0.2986792325973511,0.1143199577927589,1.76979398727417,0.0673952400684356,0.0640334263443946,0.7959436178207397,689,2110.0727347310167,2.232201099395752,1,masked
0.2745202183723449,0.0878369957208633,1.808391094207764,0.0511023290455341,0.0733894109725952,0.9640016555786132,690,2112.951198641036,2.234952449798584,1,masked
0.2480710744857788,0.0498808100819587,1.9284940958023071,0.0505502745509147,0.0285825226455926,0.8342772126197815,691,2114.9646221480216,2.2375285625457764,1,masked
0.3052184581756592,0.1364843249320984,1.6483582258224487,0.0373527407646179,0.0163010582327842,0.4947226643562317,692,2117.6880865269923,2.240239381790161,1,masked
0.2164036929607391,0.0309997778385877,1.8093843460083008,0.0400627851486206,0.0459199547767639,0.811501145362854,693,2120.500105982996,2.2435708045959477,1,masked
0.2989368140697479,0.112614668905735,1.7966419458389282,0.0653080567717552,0.0127146486192941,0.7924849987030029,694,2123.154614595988,2.2468178272247314,1,masked
0.2938226163387298,0.1007679775357246,1.879932165145874,0.0466040968894958,0.0401026830077171,0.6796138286590576,695,2125.788515869004,2.249997138977051,1,masked
0.3980498015880584,0.1284339278936386,2.5678491592407227,0.1186484098434448,0.0966100767254829,1.936463475227356,696,2128.311763484031,2.253061532974243,0,masked
0.2458840310573578,0.0857696607708931,1.5766935348510742,0.0212055295705795,0.0324450805783271,0.3895974457263946,697,2130.9796473000315,2.255743741989136,1,masked
0.5448002219200134,0.2689051926136017,2.660142183303833,0.0911795571446418,0.0762822777032852,1.55089271068573,698,2133.25919805601,2.258894443511963,0,masked
0.381398469209671,0.1182124838232994,2.49261474609375,0.1291948854923248,0.1005024760961532,1.2900217771530151,699,2135.2948973100283,2.262137651443481,0,masked
0.3176142275333404,0.1528605371713638,1.6054810285568235,0.0384953208267688,0.0356039777398109,1.3398234844207764,700,2137.918072180008,2.265111207962036,1,masked
0.2320761531591415,0.0623871721327304,1.6482146978378296,0.044963426887989,0.0371157601475715,0.5469305515289307,701,2140.545288578025,2.267948627471924,1,masked
0.1921539306640625,0.0195058602839708,1.6819101572036743,0.041664320975542,0.029061896726489,0.4789409935474396,702,2142.898290092998,2.2704288959503174,1,masked
0.3176396489143371,0.1120671406388282,1.9866230487823489,0.0653916150331497,0.0371083244681358,1.0039275884628296,703,2145.5714527300443,2.272400140762329,1,masked
0.2362137138843536,0.0900316536426544,1.4382781982421875,0.0203235261142253,0.0321889817714691,1.101675510406494,704,2148.3006344659952,2.2743916511535645,1,masked
0.2490930259227752,0.0870246738195419,1.58734130859375,0.0312717966735363,0.020702863112092,0.6376902461051941,705,2151.123314243043,2.2763590812683105,1,masked
0.2503935992717743,0.0658723339438438,1.7910672426223757,0.0494205430150032,0.047245480120182,1.0331844091415403,706,2154.199390401016,2.2772886753082275,1,masked
0.3838996291160583,0.1901009678840637,1.8895450830459597,0.0417865216732025,0.0665475726127624,0.9827346801757812,707,2156.8779137600213,2.278416872024536,1,masked
0.2558260560035705,0.0739717930555343,1.7682095766067505,0.0467369928956031,0.0359613597393035,0.8595953583717346,708,2159.491716715041,2.2803964614868164,1,masked
0.3290415704250335,0.1203151941299438,2.0206103324890137,0.0623595416545867,0.0429388508200645,0.9268717169761658,709,2162.1394695860217,2.282473564147949,1,masked
0.2894542217254638,0.1050669699907302,1.803922176361084,0.0360519737005233,0.0389838814735412,0.7936130166053772,710,2165.0652914090315,2.283121109008789,1,masked
0.226382777094841,0.0651716664433479,1.5730087757110596,0.0382348150014877,0.0086724096909165,0.6015521883964539,711,2167.8143678930355,2.283599615097046,1,masked
0.2743808925151825,0.0977608412504196,1.7240511178970337,0.0389421954751014,0.032074898481369,0.7422915697097778,712,2170.5783373769955,2.284430265426636,1,masked
0.3075390756130218,0.1211334615945816,1.8153990507125852,0.0464606806635856,0.0219628047198057,0.9902309775352478,713,2173.212500552996,2.2852015495300293,1,masked
0.418040931224823,0.2385947406291961,1.7405060529708862,0.0498880967497825,0.0406773760914802,0.6941782236099243,714,2176.249076521024,2.2859811782836914,1,masked
0.2986180186271667,0.1192926540970802,1.745537519454956,0.0446115247905254,0.0310447737574577,0.5292592644691467,715,2178.9193338900222,2.286973237991333,1,masked
0.2675918638706207,0.1029688864946365,1.6085846424102783,0.0339481681585311,0.0369656831026077,1.2998591661453247,716,2181.55030065804,2.288027286529541,1,masked
0.281026691198349,0.1109079718589782,1.668704867362976,0.0292948558926582,0.0318747423589229,0.5157801508903503,717,2184.2306993459933,2.2890443801879883,1,masked
0.3011612594127655,0.1381856054067611,1.5894758701324463,0.0379226468503475,0.023580078035593,0.8773607015609741,718,2187.3225082969875,2.2902581691741943,1,masked
0.2134999930858612,0.0597717240452766,1.5042874813079834,0.0314784534275531,0.0151684023439884,0.6452588438987732,719,2189.9521447709994,2.2916994094848637,1,masked
0.2635607123374939,0.0998302176594734,1.6072708368301392,0.0281093157827854,0.0192454159259796,0.9654108285903932,720,2192.5764390500262,2.2935805320739746,1,masked
0.243672713637352,0.0811476558446884,1.599366307258606,0.0222421996295452,0.0364215523004531,0.6791830062866211,721,2195.338131083001,2.2952842712402344,1,masked
0.2564679682254791,0.0981758534908294,1.5626970529556274,0.0182849019765853,0.0193902999162673,1.0960330963134766,722,2197.7715477510355,2.296703815460205,1,masked
0.2072151899337768,0.0535969883203506,1.5069063901901243,0.0276003889739513,0.0167532302439212,0.4703788161277771,723,2200.7973655260284,2.2980995178222656,1,masked
0.3489839434623718,0.17537721991539,1.6987698078155518,0.034203715622425,0.0309371594339609,0.8121448159217834,724,2203.7229854740435,2.3022384643554688,1,masked
0.4462223649024963,0.1948220133781433,2.4092257022857666,0.0985807478427887,0.061971042305231,1.1624079942703247,725,2206.542773215042,2.3055288791656494,0,masked
0.2353269606828689,0.0384247079491615,1.911598920822144,0.0542646050453186,0.0315900295972824,0.9459476470947266,726,2209.5013253620127,2.307513236999512,1,masked
0.2146171331405639,0.0555095449090004,1.5524665117263794,0.0336648859083652,0.0494437217712402,0.4347741901874542,727,2212.264456302044,2.309303045272827,1,masked
0.205549880862236,0.0364058017730712,1.6608384847640991,0.0272856652736663,0.0331633314490318,0.7306391000747681,728,2214.615562216029,2.31091046333313,1,masked
0.2939972281455993,0.1136216670274734,1.7547261714935305,0.044622465968132,0.0440708883106708,0.9846943616867064,729,2217.3900022369926,2.3125617504119877,1,masked
0.2324956357479095,0.0836933925747871,1.4581454992294312,0.0277428720146417,0.0213405881077051,0.4444270431995392,730,2220.5022565190447,2.314162492752075,1,masked
0.3429341316223144,0.156939297914505,1.807147979736328,0.0480452515184879,0.0475465916097164,0.8977984189987183,731,2223.2208509070333,2.315708875656128,1,masked
0.4372850954532623,0.1616529822349548,2.6689040660858154,0.0797578543424606,0.076590359210968,1.521921992301941,732,2226.0499380450347,2.317249059677124,0,masked
0.2005558907985687,0.0382576175034046,1.5886948108673096,0.0334022864699363,0.0088548427447676,0.6082798838615417,733,2229.004878545995,2.3188655376434326,1,masked
0.2746370136737823,0.0825721248984336,1.855477333068848,0.0537518337368965,0.1141989529132843,0.5562166571617126,734,2231.9691580299987,2.320666551589966,1,masked
0.2413326203823089,0.086968220770359,1.5090337991714478,0.0322654247283935,0.0234479010105133,0.3708713054656982,735,2235.244026989036,2.3223397731781006,1,masked
0.2897857427597046,0.1165637373924255,1.682365894317627,0.0463959984481334,0.0345834642648696,0.9589490294456482,736,2237.963357785018,2.32410192489624,1,masked
0.3402157127857208,0.1662986278533935,1.7085734605789185,0.0268972050398588,0.0370018072426319,1.1707183122634888,737,2240.9275366090005,2.325918674468994,1,masked
0.3330973982810974,0.1270958334207534,1.983802795410156,0.0700670033693313,0.0614577457308769,1.109420895576477,738,2243.653157756024,2.3274216651916504,1,masked
0.4552900195121765,0.1897146850824356,2.5505387783050537,0.0965563729405403,0.0865848660469055,1.0969640016555786,739,2246.4013304570108,2.329007148742676,0,masked
0.2313154339790344,0.0512569099664688,1.7527384757995603,0.0465091355144977,0.0133757013827562,0.6413426399230957,740,2249.537366916018,2.33019757270813,1,masked
0.3937690258026123,0.1153432577848434,2.6558430194854736,0.117606021463871,0.1080835685133934,0.8006501793861389,741,2252.3058187700226,2.331376552581787,0,masked
0.2416531592607498,0.1056072413921356,1.3365740776062012,0.0227103270590305,0.0117464521899819,0.5331977009773254,742,2255.096543244028,2.332557916641236,1,masked
0.1849666237831115,0.0313063748180866,1.5091522932052612,0.02625691331923,0.0119338082149624,0.6296319961547852,743,2257.8575514720287,2.33386754989624,1,masked
0.5054839849472046,0.3216113448143005,1.800233244895935,0.0352343767881393,0.0325863808393478,1.1393691301345823,744,2260.7709819719894,2.335155725479126,1,masked
0.2424066364765167,0.070323958992958,1.687491774559021,0.0294437874108552,0.0389094091951847,0.5745802521705627,745,2263.5725970430067,2.3366079330444336,1,masked
0.2651413679122925,0.0916061550378799,1.6971838474273682,0.0358748026192188,0.0229344777762889,0.7689546942710876,746,2266.32495286403,2.337759256362915,1,masked
0.2460744380950927,0.1011352688074112,1.4309862852096558,0.0174436550587415,0.0096166506409645,0.4896400272846222,747,2269.0738094220287,2.338589906692505,1,masked
0.2221226692199707,0.0618890672922134,1.5673861503601074,0.0324739888310432,0.0247584134340286,1.113405704498291,748,2272.240089097992,2.3392436504364014,1,masked
0.2367277145385742,0.0775031000375747,1.5566120147705078,0.0334423147141933,0.0219192411750555,0.7559381127357483,749,2275.1877958269906,2.3403875827789307,1,masked
0.2665771842002868,0.0618671923875808,1.979973673820496,0.0638423413038253,0.0328368917107582,0.6993098855018616,750,2277.935838275007,2.3415253162384038,1,masked
0.3297344446182251,0.1717051863670349,1.5588308572769165,0.0202282536774873,0.0123353116214275,0.5140479207038879,751,2280.679554776987,2.341808319091797,1,masked
0.2085864096879959,0.0425527058541774,1.6272367238998413,0.0305528603494167,0.025472892448306,0.7894025444984436,752,2284.309166136023,2.342528820037842,1,masked
0.3604105412960052,0.1770231425762176,1.7865121364593506,0.0440289080142974,0.0333310067653656,0.7695178985595703,753,2287.562145149044,2.3431856632232666,1,masked
0.2993290424346924,0.1202220916748046,1.7385936975479126,0.0499427877366542,0.0253292489796876,0.7039771676063538,754,2291.003831282025,2.344508171081543,1,masked
0.2769262492656708,0.0923122763633728,1.8021241426467896,0.0416763648390769,0.0233916118741035,2.8867416381835938,755,2294.303396919044,2.345780611038208,1,masked
0.4972675144672394,0.3147056698799133,1.7756458520889282,0.0462837517261505,0.0368871539831161,0.8930668234825134,756,2297.2612666320056,2.347126245498657,1,masked
0.4854350090026855,0.2238829433917999,2.519250631332397,0.0894008874893188,0.0686878114938736,0.7269091606140137,757,2299.8582388409995,2.3483340740203857,0,masked
0.2278995066881179,0.0652538985013961,1.5931689739227295,0.030575007200241,0.0271198358386755,0.5590994358062744,758,2302.8215284300386,2.349606513977051,1,masked
0.291008323431015,0.1243647783994674,1.6319239139556885,0.0330172851681709,0.0149422790855169,0.7837705016136169,759,2305.573612704,2.350573301315308,1,masked
0.2255285829305648,0.0698049291968345,1.5298433303833008,0.0256193000823259,0.0177403800189495,0.4564674496650696,760,2308.795267094043,2.352094411849976,1,masked
0.4964788258075714,0.2197087109088897,2.6090595722198486,0.1416639387607574,0.1697776168584823,0.9309092164039612,761,2311.3703444700222,2.353039026260376,0,masked
0.2296324968338012,0.0721615254878997,1.5506170988082886,0.0216890573501586,0.0240350682288408,0.4656724333763122,762,2313.828211974993,2.3540573120117188,1,masked
0.2098893076181411,0.0589020960032939,1.4856765270233154,0.0228461381047964,0.0134947411715984,0.7838898301124573,763,2316.778940463031,2.354992389678955,1,masked
0.3319872319698334,0.0764532536268234,2.4621384143829346,0.0844638794660568,0.0873765051364898,0.8168978095054626,764,2319.3492960990407,2.356285095214844,0,masked
0.2743532955646515,0.0933393761515617,1.7637183666229248,0.0416140742599964,0.0480671860277652,0.8161115050315857,765,2322.538414329,2.3579354286193848,1,masked
0.4468268454074859,0.185738205909729,2.503620386123657,0.0973563715815544,0.0990988984704017,2.967221975326538,766,2325.132802701032,2.3478474617004395,0,masked
0.4020957946777344,0.2432061731815338,1.5486738681793213,0.0352405756711959,0.0498227886855602,0.6144006848335266,767,2328.099761780002,2.339061737060547,1,masked
0.3736181259155273,0.1837346404790878,1.8392974138259888,0.0562376789748668,0.0329959355294704,0.98448383808136,768,2331.06107227999,2.331742525100708,1,masked
0.2245957851409912,0.0581061616539955,1.625851035118103,0.0371901728212833,0.0185471512377262,0.5360246300697327,769,2333.978470990027,2.3254640102386475,1,masked
0.3605812489986419,0.0820931792259216,2.6972451210021973,0.0750518292188644,0.1258350312709808,1.0214580297470093,770,2336.758073669044,2.3198049068450928,0,masked
0.2321764826774597,0.0653430446982383,1.632500171661377,0.034017764031887,0.0181639119982719,0.5072330832481384,771,2339.889696786005,2.315033197402954,1,masked
0.2392493188381195,0.0817178934812545,1.5323784351348877,0.0401085317134857,0.0282714813947677,0.7545789480209351,772,2343.130535113043,2.3109219074249268,1,masked
0.2351500689983368,0.0594053752720356,1.7055318355560305,0.0475015453994274,0.0441343560814857,0.5855529308319092,773,2346.144850501034,2.30747389793396,1,masked
0.2789291441440582,0.1125178709626197,1.6365755796432495,0.0240977108478546,0.0343966968357563,0.637032687664032,774,2349.4196884190314,2.304936170578003,1,masked
0.2328093647956848,0.0442170798778533,1.8399306535720823,0.0444401204586029,0.0155190601944923,0.7048826813697815,775,2352.032167876023,2.3026552200317383,1,masked
0.4376682639122009,0.2598932087421417,1.7351707220077517,0.038009513169527,0.0457061156630516,0.7482280135154724,776,2355.2656875409884,2.3013691902160645,1,masked
0.2537364363670349,0.0944786816835403,1.5613867044448853,0.0301804989576339,0.010101449675858,0.5007817149162292,777,2358.4481165820034,2.300288677215576,1,masked
0.2609679400920868,0.0932793691754341,1.628907322883606,0.044081125408411,0.03897275775671,0.6382774710655212,778,2361.697739568015,2.299875259399414,1,masked
0.2949814796447754,0.1044352203607559,1.852888584136963,0.0489268563687801,0.0364723652601242,0.8388799428939819,779,2364.892716314993,2.2992618083953857,1,masked
0.2503275275230407,0.0613552741706371,1.8381595611572263,0.046963345259428,0.0459981560707092,1.095605731010437,780,2367.710094898008,2.2989661693573,1,masked
0.2523277997970581,0.0673832297325134,1.783110737800598,0.0600636675953865,0.0627134293317794,0.6624253392219543,781,2370.95914500102,2.298892021179199,1,masked
0.1944740861654281,0.0410455986857414,1.502969741821289,0.029468297958374,0.0184684600681066,0.8225847482681274,782,2374.067946975003,2.298905849456787,1,masked
0.2618107199668884,0.089460477232933,1.6854400634765625,0.0358838960528373,0.0217837877571582,0.8828848600387573,783,2377.175946008996,2.2988357543945312,1,masked
0.2636428475379944,0.0979153886437416,1.6184849739074707,0.0357225053012371,0.0306694228202104,0.4468562006950378,784,2380.3129909629934,2.298828125,1,masked
0.3259907364845276,0.1561554074287414,1.6730045080184937,0.0222256407141685,0.0312330704182386,0.6159139275550842,785,2383.719928977021,2.298647880554199,1,masked
0.2666501402854919,0.1120400130748748,1.5065964460372925,0.0379651449620723,0.0153983393684029,0.4290738403797149,786,2386.9040473159985,2.298509120941162,1,masked
0.2375922054052353,0.0691930651664733,1.6392946243286133,0.0438115634024143,0.0088511826470494,0.4795630574226379,787,2389.983286581002,2.29846453666687,1,masked
0.3722923696041107,0.203030988574028,1.6472172737121582,0.0408401265740394,0.0455645769834518,0.892469048500061,788,2392.888697078044,2.298656463623047,1,masked
0.2345537841320037,0.0963238924741745,1.3616770505905151,0.0194265469908714,0.0119526954367756,0.5753698348999023,789,2395.9893557960168,2.298847913742065,1,masked
0.2661163806915283,0.0910335481166839,1.712155818939209,0.0355506315827369,0.0312197208404541,0.6262210011482239,790,2399.4434044490336,2.2984459400177,1,masked
0.3859716057777405,0.1580536216497421,2.1925048828125,0.077729195356369,0.0894590616226196,0.7037163972854614,791,2402.235232722014,2.2985122203826904,0,masked
0.2314057648181915,0.0835401117801666,1.4505456686019895,0.0256872810423374,0.024236187338829,0.6962738037109375,792,2405.34454234899,2.2986199855804443,1,masked
0.2978056073188782,0.1097682118415832,1.82725191116333,0.0506722554564476,0.0244965776801109,0.6623764634132385,793,2408.3314392699976,2.298747301101685,1,masked
0.2728475034236908,0.0986526235938072,1.6953476667404177,0.0436923131346702,0.029088158160448,1.3451290130615234,794,2411.570388821012,2.298646688461304,1,masked
0.2999052703380584,0.1306448727846145,1.6449134349822998,0.0442419163882732,0.0344867408275604,0.8152384757995605,795,2414.349939280015,2.2983715534210205,1,masked
0.391919732093811,0.1320437490940094,2.489297389984131,0.0996865928173065,0.0977587923407554,0.8654786348342896,796,2416.3292101200204,2.298462390899658,0,masked
0.2760442495346069,0.0957474410533905,1.749961495399475,0.0471475161612033,0.0585897602140903,0.888717532157898,797,2419.0845391030307,2.2989656925201416,1,masked
0.3276598751544952,0.1411890685558319,1.8202487230300903,0.0414095856249332,0.0304986480623483,0.7161849737167358,798,2421.2783752080286,2.299114465713501,1,masked
0.2403629422187805,0.0850628167390823,1.5181092023849487,0.0339707806706428,0.0092114321887493,0.5421493053436279,799,2423.9742008959875,2.299820899963379,1,masked
0.4458374679088592,0.1767002344131469,2.5913264751434326,0.0894437655806541,0.1060158163309097,0.7955817580223083,800,2426.992354971997,2.300513982772827,0,masked
0.3225623071193695,0.1686336994171142,1.5010517835617063,0.0353567376732826,0.0287790186703205,0.5592995285987854,801,2430.1407880770275,2.30130934715271,1,masked
0.2220572531223297,0.0649415925145149,1.5365084409713743,0.0325884446501731,0.0205973461270332,0.8681989312171936,802,2433.3637347850017,2.302186727523804,1,masked
0.3659094274044037,0.0945986211299896,2.5817558765411377,0.1218474358320236,0.0950450971722602,0.9732460379600524,803,2435.8653631139896,2.3031742572784424,0,masked
0.4221731722354889,0.1339548826217651,2.7481188774108887,0.1286197006702423,0.0544410087168216,1.104920744895935,804,2438.416736390034,2.304248094558716,0,masked
0.2901493608951568,0.1222945228219032,1.6476469039916992,0.0280180573463439,0.028831435367465,0.7686969041824341,805,2441.4165243030293,2.3052752017974854,1,masked
0.2894481122493744,0.0994128435850143,1.8389954566955569,0.0568336993455886,0.0452343896031379,0.8451048135757446,806,2444.433374256012,2.306732177734375,1,masked
0.2839788496494293,0.1006926596164703,1.784543514251709,0.0455240234732627,0.0279454085975885,0.7415691018104553,807,2447.7612731960253,2.307989358901977,1,masked
0.2212421149015426,0.0521347746253013,1.6556402444839478,0.0315220654010772,0.0391095839440822,0.6396811008453369,808,2450.845630096039,2.309575080871582,1,masked
0.4608126878738403,0.2737805843353271,1.828148603439331,0.0392494797706604,0.0292359963059425,0.920504093170166,809,2453.5749737900333,2.3110718727111816,1,masked
0.2721432149410248,0.0995385125279426,1.689913988113403,0.0339607521891593,0.0217238795012235,0.5565107464790344,810,2456.426068394037,2.312587022781372,1,masked
0.3360490202903747,0.1555941253900528,1.7569411993026731,0.0397474020719528,0.0786021649837493,1.0277280807495115,811,2459.2194529800327,2.313981533050537,1,masked
0.2951411306858063,0.1073501706123352,1.8258894681930544,0.0479378663003444,0.0408233553171157,0.6361281275749207,812,2462.059936567035,2.3151543140411377,1,masked
0.4782570898532867,0.1641487777233123,2.984124183654785,0.1470327079296112,0.0992642194032669,2.2868874073028564,813,2464.5265175850363,2.316523313522339,0,masked
0.3046009540557861,0.1639993339776992,1.3758608102798462,0.0276221614331007,0.0253356397151947,1.0772919654846191,814,2466.8278571040137,2.317884922027588,1,masked
0.3651032149791717,0.1916774064302444,1.7043263912200928,0.0262554790824651,0.0367622300982475,0.8045653700828552,815,2469.511897012999,2.3192358016967773,1,masked
0.2795595824718475,0.1074073165655136,1.6758556365966797,0.0418657027184963,0.0380113013088703,0.7901531457901001,816,2472.1591538779903,2.32035493850708,1,masked
0.2186252772808075,0.0506234429776668,1.6485490798950195,0.0293318778276443,0.0213727392256259,0.412626713514328,817,2474.77765355102,2.321490526199341,1,masked
0.2968788743019104,0.0990312471985817,1.9194300174713133,0.0533013567328453,0.0574474148452281,1.8061436414718628,818,2477.8796396820107,2.3226964473724365,1,masked
0.267555832862854,0.087878942489624,1.742624282836914,0.0468739047646522,0.0727050378918647,0.6170976161956787,819,2480.771652235009,2.323805570602417,1,masked
0.2547295391559601,0.0681662559509277,1.8242173194885252,0.0390619039535522,0.0235324334353208,0.7000352144241333,820,2483.616570279002,2.324535369873047,1,masked
0.3860480189323425,0.2076726257801056,1.7424739599227903,0.0376157574355602,0.0366410687565803,0.8617271184921265,821,2486.518400856992,2.325079202651977,1,masked
0.4317079782485962,0.1548692435026168,2.657066822052002,0.1036454737186431,0.0767519772052764,0.6382383704185486,822,2488.992002243991,2.3256983757019043,0,masked
0.2343151867389679,0.0588497519493103,1.709317326545715,0.041457213461399,0.0387981943786144,0.9621962904930116,823,2492.1996389680426,2.326483964920044,1,masked
0.4508437812328338,0.1655003875494003,2.699753761291504,0.1396563202142715,0.1402359455823898,1.4166802167892456,824,2495.0197851760317,2.327345371246338,0,masked
0.3711476922035217,0.1981429606676101,1.6923962831497192,0.0338197834789752,0.0383159294724464,0.7034016251564026,825,2498.05943533202,2.328986167907715,1,masked
0.4474779963493347,0.1626083552837371,2.740065097808838,0.0989581421017646,0.0967311561107635,0.789949357509613,826,2500.879220378003,2.3302161693573,0,masked
0.2638494074344635,0.0988442003726959,1.6025906801223757,0.0421668849885463,0.052945002913475,1.087895393371582,827,2503.8817037740373,2.331355094909668,1,masked
0.2255169153213501,0.0377167575061321,1.8219558000564573,0.051758773624897,0.0428692623972892,0.9130262136459352,828,2507.0808254200383,2.3322625160217285,1,masked
0.2634418904781341,0.0879042297601699,1.705435872077942,0.0444930307567119,0.0544750206172466,0.7373209595680237,829,2510.1424200810143,2.3331003189086914,1,masked
0.2702892124652862,0.0900664627552032,1.7573806047439575,0.0396154187619686,0.0523141101002693,2.701042413711548,830,2513.089375137992,2.333749532699585,1,masked
0.2345231175422668,0.0707480758428573,1.60244882106781,0.0324422307312488,0.0285951197147369,0.5567732453346252,831,2515.7204033320304,2.33449649810791,1,masked
0.2572543323040008,0.0898682624101638,1.6339465379714966,0.0376686230301857,0.0224566180258989,0.69666588306427,832,2518.5992199929897,2.3346164226531982,1,masked
0.3342549204826355,0.0565297603607177,2.6718461513519287,0.0962225794792175,0.091828778386116,0.5776262283325195,833,2521.0618542020093,2.3348517417907715,0,masked
0.3243866264820099,0.142399251461029,1.7770315408706665,0.0390699468553066,0.0377239845693111,1.4059293270111084,834,2523.678726084996,2.335117816925049,1,masked
0.4171799123287201,0.1622390747070312,2.449452638626098,0.094530165195465,0.0542495772242546,0.7359879016876221,835,2526.235219805036,2.336029291152954,0,masked
0.2475542426109314,0.0878967568278312,1.565251111984253,0.0285944268107414,0.0272939857095479,0.6879358887672424,836,2529.085796260042,2.3357937335968018,1,masked
0.2407518327236175,0.0942380055785179,1.4364590644836426,0.0251245014369487,0.0355453267693519,0.8068580031394958,837,2532.0284963060403,2.335639953613281,1,masked
0.2598978579044342,0.1152416244149208,1.4174383878707886,0.024329924955964,0.0479400157928466,0.6785742044448853,838,2535.016925915028,2.3354060649871826,1,masked
0.4177427887916565,0.1526821851730346,2.5554087162017822,0.0861810520291328,0.0901593938469886,0.649447500705719,839,2537.8086253140355,2.3359124660491943,0,masked
0.2660483717918396,0.0825374349951744,1.7984070777893066,0.0335884466767311,0.0311389937996864,0.632653534412384,840,2540.850205972034,2.336209774017334,1,masked
0.2881412506103515,0.116275280714035,1.6789045333862305,0.0372578874230384,0.024969520047307,0.7285141348838806,841,2543.810823336011,2.336348056793213,1,masked
0.2450299859046936,0.0686297565698623,1.7256771326065063,0.0354153215885162,0.0290976539254188,0.5653009414672852,842,2546.5624655690044,2.33652400970459,1,masked
0.2954165339469909,0.1005182266235351,1.8906899690628047,0.0548297055065631,0.034634705632925,0.8523216247558594,843,2549.3705092840246,2.33644437789917,1,masked
0.251819908618927,0.1044165268540382,1.443049073219299,0.0286579765379428,0.0232661142945289,0.6055832505226135,844,2552.2289437860018,2.336554527282715,1,masked
0.265428215265274,0.0884968265891075,1.7236233949661257,0.0410954020917415,0.0459520071744918,0.793060839176178,845,2554.994223387039,2.336689710617065,1,masked
0.2920443117618561,0.1153999418020248,1.7284667491912842,0.032881211489439,0.0509549938142299,0.732292115688324,846,2557.986710152996,2.336219310760498,1,masked
0.194117471575737,0.0261752419173717,1.6330502033233645,0.0431851521134376,0.0318667404353618,0.4181457161903381,847,2560.799939309014,2.335721492767334,1,masked
0.3753834962844848,0.2272922694683075,1.4534764289855957,0.0247282199561595,0.0270757209509611,0.8961666822433472,848,2563.93810921401,2.33547592163086,1,masked
0.1953272521495819,0.0397637262940406,1.5267763137817385,0.0271111000329256,0.0174785181879997,0.5483343005180359,849,2567.250139012001,2.335391998291016,1,masked
0.2274215966463089,0.0491111800074577,1.7324731349945068,0.0461985282599926,0.0443260632455349,0.9107562303543092,850,2570.3170842450345,2.3354923725128174,1,masked
0.218787282705307,0.0439564175903797,1.7034884691238403,0.0403850451111793,0.0443512611091136,0.6695818305015564,851,2573.38082166604,2.3357765674591064,1,masked
0.2481081038713455,0.0838596075773239,1.6075656414031982,0.0319966077804565,0.0292268730700016,0.6355800032615662,852,2576.297504394024,2.336061716079712,1,masked
0.2957907915115356,0.1144017279148101,1.7574872970581057,0.0532913766801357,0.0311132408678531,1.0228732824325562,853,2579.3020392510225,2.3364977836608887,1,masked
0.2332209199666977,0.0905896797776222,1.3982594013214111,0.0252480767667293,0.0280485358089208,0.5433325171470642,854,2582.2702255810145,2.336930274963379,1,masked
0.385317862033844,0.2103799432516098,1.707789182662964,0.0390912443399429,0.0249906033277511,1.011488914489746,855,2584.893555243034,2.33744215965271,1,masked
0.2506370544433594,0.0744427964091301,1.7188509702682495,0.038349263370037,0.0474215373396873,0.4757721126079559,856,2588.085678951,2.337923288345337,1,masked
0.3768929839134216,0.1146637871861457,2.5174496173858643,0.0981411039829254,0.0670117884874343,0.6048246026039124,857,2591.050082648988,2.3385205268859863,0,masked
0.2328159511089325,0.0567162930965423,1.7080013751983645,0.047497771680355,0.0549727007746696,0.8140920996665955,858,2593.8090763710206,2.3390536308288574,1,masked
0.2835316658020019,0.0978703126311302,1.811872124671936,0.0391892939805984,0.0555221326649189,0.5202533602714539,859,2596.564025823027,2.339541435241699,1,masked
0.288820207118988,0.1094648092985153,1.74871027469635,0.0415967777371406,0.0324672348797321,0.6785650253295898,860,2599.5301391760004,2.3400261402130127,1,masked
0.4407809972763061,0.1612996757030487,2.6899449825286865,0.0949877798557281,0.098806232213974,0.9912719130516052,861,2602.301636966993,2.340681314468384,0,masked
0.3417018055915832,0.1060827374458313,2.2583045959472656,0.0891653448343277,0.0872075036168098,1.033199429512024,862,2605.0918883540435,2.34063982963562,0,masked
0.3562374711036682,0.1645056307315826,1.8500566482543943,0.0616233125329017,0.056384552270174,0.9046382308006288,863,2607.816487553995,2.3405911922454834,1,masked
0.3258338570594787,0.1503130495548248,1.708845853805542,0.0422005653381347,0.0416154265403747,0.8479715585708618,864,2610.7737522120005,2.3405745029449463,1,masked
0.2590519189834595,0.0568276010453701,1.9767258167266848,0.0421224981546402,0.0339503474533557,0.7721474170684814,865,2613.9775330020348,2.3405582904815674,1,masked
0.2887743711471557,0.1086742728948593,1.7582052946090698,0.0390960201621055,0.0369984060525894,0.8330546021461487,866,2617.384221785004,2.3403351306915283,1,masked
0.250813215970993,0.0995544493198394,1.4851089715957642,0.025289561599493,0.0218902640044689,0.3714914917945862,867,2620.566933877999,2.340184450149536,1,masked
0.2831094563007355,0.1242305934429168,1.5583546161651611,0.0283285994082689,0.0210554059594869,0.571229875087738,868,2623.7653188800323,2.340010166168213,1,masked
0.2451164424419403,0.0699295923113823,1.6947380304336548,0.0556540265679359,0.0147640416398644,0.6431057453155518,869,2626.9854267190094,2.339929342269897,1,masked
0.2286454439163208,0.0582513771951198,1.663807392120361,0.038022231310606,0.0211109146475791,0.7348365187644958,870,2630.438964064,2.340021133422852,1,masked
0.2616946995258331,0.0862583816051483,1.7117388248443604,0.0401122756302356,0.0251218620687723,0.8483341932296753,871,2633.7512244730024,2.3400955200195312,1,masked
0.2521683871746063,0.0515554286539554,1.931645393371582,0.0683420598506927,0.0614211559295654,0.7622074484825134,872,2636.929558273987,2.340415000915528,1,masked
0.2534859478473663,0.0831770449876785,1.660468339920044,0.0390354543924331,0.0358507558703422,0.4911403954029083,873,2640.1296035900014,2.339827537536621,1,masked
0.3303204178810119,0.1353560388088226,1.8882561922073364,0.0555251464247703,0.0586233846843242,0.8400892615318298,874,2643.758070095035,2.339367151260376,1,masked
0.4698525965213775,0.2141200304031372,2.465991735458374,0.0849031135439872,0.0643074885010719,1.268222689628601,875,2646.850772220001,2.3393588066101074,0,masked
0.3620644807815552,0.1737195402383804,1.8304599523544312,0.0494902357459068,0.0349912978708744,0.5970754027366638,876,2650.012838236988,2.339337110519409,1,masked
0.2340000718832016,0.0885813683271408,1.419632911682129,0.033224020153284,0.0133002111688256,0.5272369980812073,877,2653.29477384704,2.33906626701355,1,masked
0.2757433950901031,0.103602796792984,1.6719084978103638,0.0467848032712936,0.0271265432238578,0.4956081211566925,878,2656.6499321710435,2.339024782180786,1,masked
0.421801209449768,0.2659253776073456,1.528516173362732,0.0250032935291528,0.0523881502449512,0.8130745887756348,879,2659.808139529021,2.3389580249786377,1,masked
0.2707818150520324,0.1147920191287994,1.5286507606506348,0.0285940431058406,0.0265347547829151,0.5408070683479309,880,2663.0505649599945,2.339249849319458,1,masked
0.2714893519878387,0.1147769689559936,1.5282013416290283,0.0350267849862575,0.038959190249443,0.4974184036254883,881,2666.419792500033,2.3396904468536377,1,masked
0.2273896187543869,0.0720908045768737,1.5161222219467163,0.035025455057621,0.018404709175229,0.5495445132255554,882,2669.8566659759963,2.340185165405273,1,masked
0.2413849234580993,0.0874973684549331,1.5017836093902588,0.0350263305008411,0.0206570141017436,0.8347591757774353,883,2673.1294956459897,2.3406851291656494,1,masked
0.2794744372367859,0.1192895993590354,1.5699586868286133,0.0290135592222213,0.0287650153040885,0.5482994914054871,884,2676.2890439770417,2.3412985801696777,1,masked
0.2125612199306488,0.0503991171717643,1.582735300064087,0.0365616865456104,0.023238219320774,0.5948808193206787,885,2679.4590874190326,2.34182071685791,1,masked
0.2249491363763809,0.0494472086429595,1.7180535793304443,0.0335324183106422,0.0343323945999145,0.6408162117004395,886,2682.802617681038,2.342175245285034,1,masked
0.211205393075943,0.0688319355249404,1.4009692668914795,0.0210457798093557,0.0171966440975666,0.51812744140625,887,2685.9672717350186,2.342414379119873,1,masked
0.2010688036680221,0.0525106973946094,1.456687331199646,0.0266689732670784,0.0222460404038429,0.5087710022926331,888,2689.143073463987,2.342221975326538,1,masked
0.1920172125101089,0.0421441793441772,1.474535346031189,0.022345183417201,0.0184982903301715,0.677064836025238,889,2692.2918612610083,2.342946052551269,1,masked
0.2387436628341674,0.0824197605252265,1.530262112617493,0.0299592055380344,0.0301790330559015,0.5832223296165466,890,2695.75698039704,2.343449354171753,1,masked
0.4762689173221588,0.2072279751300811,2.606950044631958,0.0787129998207092,0.0474608317017555,0.7653980851173401,891,2698.7495106910355,2.3439736366271973,0,masked
0.1813154071569442,0.029530432075262,1.4937801361083984,0.0227318778634071,0.0133760580793023,0.6243245005607605,892,2701.945857549028,2.344438314437866,1,masked
0.2604119181632995,0.0923969000577926,1.6417105197906494,0.0371114127337932,0.0132825244218111,0.5896644592285156,893,2705.205696224002,2.3445544242858887,1,masked
0.2545209527015686,0.0772037580609321,1.7220866680145264,0.0483476668596267,0.0273778736591339,0.6816068291664124,894,2708.7686400720268,2.344778060913086,1,masked
0.2190490365028381,0.0478174574673175,1.6729871034622192,0.0369296595454216,0.0239900760352611,0.9504294991493224,895,2711.993602694012,2.345144748687744,1,masked
0.2807119488716125,0.1223882138729095,1.549078106880188,0.0289904326200485,0.0516867414116859,0.7680497765541077,896,2715.147410514008,2.34537672996521,1,masked
0.214784026145935,0.0632325932383537,1.4940626621246338,0.0196143016219139,0.0183738563209772,0.4461062550544739,897,2718.4001570320106,2.3458077907562256,1,masked
0.2619657814502716,0.1022106185555458,1.5692965984344482,0.0254274625331163,0.0282743461430072,0.5162468552589417,898,2721.8182658550213,2.345489978790283,1,masked
0.4349608719348907,0.1732641160488128,2.5246706008911133,0.0834731608629226,0.0882396772503852,1.3328906297683716,899,2724.994000359031,2.345422506332397,0,masked
0.1807677745819091,0.0443527400493621,1.3410592079162598,0.0196319557726383,0.0345908552408218,0.5052451491355896,900,2728.188121418003,2.345243215560913,1,masked
0.366619348526001,0.1165383532643318,2.410207986831665,0.0851139351725578,0.0548799037933349,0.9388803839683532,901,2731.2394987570005,2.345273494720459,0,masked
0.2337720841169357,0.0675849094986915,1.629294514656067,0.0290380697697401,0.0353883951902389,0.591338574886322,902,2734.470462422003,2.3456921577453613,1,masked
0.1703690141439438,0.0298814624547958,1.382873296737671,0.0197983998805284,0.0220384299755096,0.314107209444046,903,2737.9833476450294,2.346030235290528,1,masked
0.2559873461723327,0.0990643575787544,1.5320054292678833,0.035322543233633,0.0190183669328689,0.7442088723182678,904,2741.1607491319883,2.3458354473114014,1,masked
0.2796341180801391,0.1292476803064346,1.4723258018493652,0.0293456744402647,0.0219305995851755,0.6871587038040161,905,2744.345199333038,2.34566068649292,1,masked
0.2694286704063415,0.109197087585926,1.5722092390060425,0.0276134479790925,0.0249367430806159,0.5828327536582947,906,2747.746941469028,2.3448052406311035,1,masked
0.2489334344863891,0.1115884557366371,1.355074405670166,0.0170789305120706,0.0129623087123036,0.622097909450531,907,2751.2734791469998,2.343715190887451,1,masked
0.2577809393405914,0.0631952434778213,1.8839850425720213,0.0584729760885238,0.0339897163212299,4.362569332122803,908,2754.4436022420414,2.342714071273804,1,masked
0.2422492951154709,0.0872838869690895,1.5253310203552246,0.0210932102054357,0.0323000513017177,0.6811108589172363,909,2757.8049998320057,2.34187912940979,1,masked
0.279397040605545,0.1028260812163353,1.7219016551971436,0.0420421808958053,0.0176562890410423,0.7932262420654297,910,2761.1233174910303,2.3411967754364014,1,masked
0.4181428849697113,0.1201905831694603,2.855673313140869,0.1133773475885391,0.1047230139374733,1.142930507659912,911,2764.4309605350136,2.34110426902771,0,masked
0.3254624307155609,0.1453303396701812,1.7544314861297607,0.044901106506586,0.0198822412639856,0.6642991900444031,912,2767.7760482360027,2.341127157211304,1,masked
0.5161564946174622,0.2543843984603882,2.527271270751953,0.0852574557065963,0.0519239231944084,3.250556707382202,913,2770.8089716500253,2.341336488723755,0,masked
0.3063518404960632,0.1530774682760238,1.502018690109253,0.0288717225193977,0.0185378100723028,0.4451379179954529,914,2774.1666401600232,2.341572999954224,1,masked
0.2327671349048614,0.0867896750569343,1.430268406867981,0.0275841373950243,0.0192207805812358,0.8566654920578003,915,2777.420338274038,2.341671705245972,1,masked
0.3776976764202118,0.1995579004287719,1.7343573570251465,0.042996909469366,0.0404342338442802,0.692497730255127,916,2780.962440188043,2.341249942779541,1,masked
0.2950760722160339,0.1484152525663375,1.4378970861434937,0.0262126345187425,0.024983188137412,0.4843305945396423,917,2784.324784088996,2.3404412269592285,1,masked
0.2959734499454498,0.1330659389495849,1.5865278244018557,0.0408873409032821,0.0165961869060993,1.031227707862854,918,2787.599437408033,2.339695453643799,1,masked
0.2882575690746307,0.1133314669132232,1.7283174991607666,0.0188543945550918,0.0208909958600997,0.4890222251415252,919,2790.8151032690075,2.33872652053833,1,masked
0.2503060400485992,0.0893117934465408,1.574927568435669,0.0327450856566429,0.0227006562054157,0.4367616474628448,920,2794.141981750028,2.3377981185913086,1,masked
0.2109143882989883,0.0446371622383594,1.6300945281982422,0.0300629362463951,0.0261476282030344,0.6396346092224121,921,2797.33133068803,2.337005853652954,1,masked
0.2184515297412872,0.0466772280633449,1.6757240295410156,0.0401034727692604,0.0191540550440549,0.4934675395488739,922,2800.6946121010114,2.3361711502075195,1,masked
0.2849598824977875,0.1121306121349334,1.6847922801971436,0.0403410978615284,0.0315934456884861,0.553783118724823,923,2804.225425239012,2.3354806900024414,1,masked
0.2110158950090408,0.0696852505207061,1.3913038969039917,0.0200947802513837,0.0190782509744167,0.7295436263084412,924,2807.683866926993,2.334797143936157,1,masked
0.2942225635051727,0.1066156178712844,1.8259457349777224,0.0463156066834926,0.0380838327109813,0.5332744121551514,925,2811.0476749460213,2.334315299987793,1,masked
0.305924654006958,0.1216672286391258,1.805080533027649,0.0341557674109935,0.0333757288753986,0.6521157622337341,926,2814.3552171240444,2.3329694271087646,1,masked
0.3227956891059875,0.1592991799116134,1.589834690093994,0.0429785773158073,0.021518038585782,0.5134585499763489,927,2817.623088065011,2.332045793533325,1,masked
0.2480971813201904,0.0974540114402771,1.4772874116897583,0.0267118737101554,0.0243236776441335,0.3508274853229522,928,2821.1085353250382,2.3313467502593994,1,masked
0.2108233273029327,0.0598877966403961,1.482865810394287,0.0238694697618484,0.0261996481567621,0.8784099221229553,929,2824.459780473029,2.3307971954345703,1,masked
0.268017053604126,0.1133690029382705,1.5185396671295166,0.0249205362051725,0.030199110507965,0.7320643663406372,930,2827.7171958030085,2.330400228500366,1,masked
0.3034070134162903,0.1444992274045944,1.547584891319275,0.0394996367394924,0.0199363399296998,1.7003285884857178,931,2831.075843062019,2.330137252807617,1,masked
0.2353847473859787,0.0680057480931282,1.6325230598449707,0.0382213667035102,0.0304559636861085,0.8179196119308472,932,2834.538683116029,2.3298115730285645,1,masked
0.2659602761268616,0.1241041645407676,1.3992637395858765,0.0172022245824337,0.0209507420659065,0.5883727669715881,933,2837.8345516470145,2.3296315670013428,1,masked
0.2175633758306503,0.0556757673621177,1.5835118293762207,0.0300667509436607,0.0529769249260425,0.6546085476875305,934,2841.0297120450414,2.329507827758789,1,masked
0.3470888435840606,0.1259004175662994,2.134814739227295,0.071652628481388,0.054171297699213,1.2456579208374023,935,2844.1715545090265,2.329577922821045,0,masked
0.2215216606855392,0.0631283372640609,1.5483993291854858,0.0321762859821319,0.0335761792957782,0.5172011256217957,936,2847.830601304013,2.329519748687744,1,masked
0.4601102471351623,0.264075219631195,1.8990600109100344,0.0567765012383461,0.0451380088925361,1.5553768873214722,937,2851.140770878992,2.3294565677642822,1,masked
0.2246456295251846,0.0525796823203563,1.6698592901229858,0.046171136200428,0.0462921038269996,0.7260436415672302,938,2854.4974844070384,2.330251216888428,1,masked
0.2726871073246002,0.1055157706141471,1.6362484693527222,0.0327055230736732,0.0275939237326383,0.5546481609344482,939,2857.6429407570395,2.331075429916382,1,masked
0.2696452736854553,0.1187615022063255,1.4872788190841677,0.0196739789098501,0.0188496839255094,0.7598857879638672,940,2860.985147769039,2.33180832862854,1,masked
0.2600389719009399,0.107890136539936,1.4919705390930176,0.0270182620733976,0.0249965544790029,0.4365313351154327,941,2864.501769041992,2.3324339389801025,1,masked
0.2673088312149048,0.0995984598994255,1.631225347518921,0.0445856973528862,0.0129252346232533,0.6963066458702087,942,2867.858895151003,2.3330793380737305,1,masked
0.2280600368976593,0.0522274486720562,1.7112109661102295,0.0431958809494972,0.0391895398497581,0.8265532851219177,943,2871.161298763007,2.33371376991272,1,masked
0.2086203247308731,0.0520220026373863,1.532861351966858,0.0310007389634847,0.0212107952684164,0.4817797839641571,944,2874.458544900001,2.334190368652344,1,masked
0.2161449044942855,0.068517155945301,1.4498369693756104,0.0240577161312103,0.0238266363739967,0.293411523103714,945,2877.8498357250355,2.334352970123291,1,masked
0.3486404418945312,0.1651520729064941,1.793044924736023,0.0383999533951282,0.0343905165791511,0.6853050589561462,946,2880.595510520041,2.334407329559326,1,masked
0.3329614698886871,0.1666308343410492,1.6221798658370972,0.0379610769450664,0.0316542387008667,0.6018012166023254,947,2883.486201216001,2.3340837955474854,1,masked
0.2484816759824752,0.0741410180926323,1.7167621850967407,0.0226076859980821,0.0403689220547676,0.6794952750205994,948,2886.5919866850018,2.33376145362854,1,masked
0.3001564443111419,0.1449775546789169,1.5216764211654663,0.028028305619955,0.0208419635891914,0.6007353663444519,949,2889.713837810036,2.333323240280152,1,masked
0.2554340362548828,0.1070014461874961,1.4549109935760498,0.0269322674721479,0.0248270146548748,0.4759266078472137,950,2892.658067554992,2.3328394889831543,1,masked
0.266072005033493,0.0931566357612609,1.695777416229248,0.0292383059859275,0.0413806363940238,0.534606397151947,951,2895.684479876014,2.3326356410980225,1,masked
0.2811587452888489,0.0973119661211967,1.7876132726669312,0.0469088181853294,0.0394552536308765,0.98982435464859,952,2898.533337633009,2.331459283828736,1,masked
0.2104538679122924,0.0521767847239971,1.5483388900756836,0.0322115421295166,0.0222039502114057,0.4980369210243225,953,2901.852531373035,2.330604553222656,1,masked
0.1876222044229507,0.0458756238222122,1.3935253620147705,0.0222368631511926,0.0170349031686782,0.5388328433036804,954,2904.7972996369936,2.329848527908325,1,masked
0.241344541311264,0.0892638117074966,1.4853463172912598,0.0337583795189857,0.0170263722538948,0.5442304015159607,955,2907.546250999032,2.3295419216156006,1,masked
0.2901639938354492,0.1346016824245453,1.5236225128173828,0.0305775050073862,0.0142305744811892,0.5366690754890442,956,2910.528291997034,2.3292388916015625,1,masked
0.2694439888000488,0.0889999791979789,1.7611395120620728,0.0390455052256584,0.0425500534474849,0.7381975650787354,957,2913.408272659988,2.3294360637664795,1,masked
0.2625511288642883,0.095577135682106,1.634594202041626,0.0322830416262149,0.0286267101764678,0.4038264453411102,958,2916.1533895970206,2.3299567699432373,1,masked
0.2991139888763428,0.1421478390693664,1.5459266901016235,0.0209011025726795,0.0283340252935886,0.7950364351272583,959,2918.2487417520024,2.3321304321289062,1,masked
0.2862133681774139,0.1121505573391914,1.6944167613983154,0.0385398343205452,0.0767145380377769,0.7877063155174255,960,2920.8791680310387,2.3340108394622803,1,masked
0.1871889233589172,0.0428195297718048,1.418809175491333,0.0213160756975412,0.0356870554387569,0.4630801975727081,961,2923.3298878539936,2.336477279663086,1,masked
0.3588953018188476,0.109056532382965,2.3888072967529297,0.1003841385245323,0.0919659286737442,1.5759392976760864,962,2925.890577809012,2.3386054039001465,0,masked
0.2986060380935669,0.1196995601058006,1.7416812181472778,0.0437570065259933,0.036265455186367,0.7428889870643616,963,2928.630280526995,2.3405511379241943,1,masked
0.2733347713947296,0.1321304142475128,1.380665302276611,0.0281553287059068,0.0322287566959857,0.8984322547912598,964,2931.3880603149883,2.342396974563598,1,masked
0.2885182499885559,0.1308444887399673,1.5513607263565063,0.0235437378287315,0.0183348041027784,0.4600566029548645,965,2934.115539778024,2.34351658821106,1,masked
0.3199200630187988,0.078440710902214,2.327383756637573,0.0796186253428459,0.0779156908392906,0.4381036460399627,966,2937.026041085017,2.344448566436768,0,masked
0.280773401260376,0.1054574251174926,1.7173885107040403,0.0334760062396526,0.0229527913033962,2.1193742752075195,967,2939.6302021130105,2.3475565910339355,1,masked
0.2537292540073395,0.0912471637129783,1.598788142204285,0.0234871618449687,0.0254536122083663,0.5929074883460999,968,2942.340732142038,2.350215435028076,1,masked
0.3155832588672638,0.1508118957281112,1.6073299646377563,0.0393503829836845,0.0103298081085085,0.706360399723053,969,2944.975877021032,2.352689504623413,1,masked
0.6073660254478455,0.4582306444644928,1.470000982284546,0.0187666397541761,0.0258619878441095,2.1993863582611084,970,2947.7612208360224,2.354936361312866,1,masked
0.2350281774997711,0.0594491213560104,1.7125675678253174,0.0398448556661605,0.0337793119251728,0.5078426003456116,971,2950.531256140035,2.35708999633789,1,masked
0.2481082081794738,0.0807081013917923,1.633363962173462,0.0362781882286071,0.0435905493795871,0.5911994576454163,972,2953.244947787025,2.359016895294189,1,masked
0.2587080895900726,0.103575125336647,1.5131901502609253,0.0356882587075233,0.0245111752301454,0.6265124678611755,973,2956.3732327360194,2.3606841564178467,1,masked
0.2844627201557159,0.1154638975858688,1.648482322692871,0.0392738692462444,0.0223204903304576,0.7142661809921265,974,2959.439714553999,2.3622143268585205,1,masked
0.2140551954507827,0.0497693866491317,1.615373134613037,0.0233980156481266,0.0408682487905025,0.4970454573631286,975,2962.511485052004,2.363646507263184,1,masked
0.225469559431076,0.0670413076877594,1.5576660633087158,0.0251273605972528,0.0148917026817798,0.4335613846778869,976,2965.672169624013,2.364335298538208,1,masked
0.5435549020767212,0.2845785021781921,2.4868392944335938,0.0944366678595542,0.0848773866891861,0.8155149817466736,977,2968.58508128603,2.365074872970581,0,masked
0.4144258797168731,0.1821362823247909,2.2289814949035645,0.0885835364460945,0.0533136017620563,0.7023602724075317,978,2971.6728848950006,2.3660311698913574,0,masked
0.3727524578571319,0.1968700140714645,1.6922566890716553,0.0517892502248287,0.147785484790802,0.6583148837089539,979,2974.858651927032,2.367290735244751,1,masked
0.3847696185111999,0.1239658370614051,2.507017135620117,0.096747875213623,0.0427230782806873,0.7930309772491455,980,2977.6383366340306,2.368640184402466,0,masked
0.2152105867862701,0.0329613238573074,1.775750994682312,0.0422800481319427,0.044615626335144,0.6175946593284607,981,2980.715969525045,2.369912624359131,1,masked
0.2481703907251358,0.0980953872203826,1.467875361442566,0.0287104528397321,0.0416436865925788,0.889566957950592,982,2983.724014498992,2.371093988418579,1,masked
0.3754817247390747,0.2009889781475067,1.7047555446624756,0.0364608094096183,0.0371109917759895,0.6921283006668091,983,2986.890921835031,2.3721742630004883,1,masked
0.311100423336029,0.1413308978080749,1.6588407754898071,0.0364590659737587,0.0239542573690414,0.5870723128318787,984,2989.891411449993,2.3733913898468018,1,masked
0.2962629795074463,0.1426005214452743,1.5047777891159058,0.0292458850890398,0.0260083265602588,0.4953693747520447,985,2993.340815378004,2.374583959579468,1,masked
0.2711477279663086,0.0785814300179481,1.8631528615951536,0.0552288256585598,0.072810597717762,0.711517870426178,986,2996.4604346409906,2.375915050506592,1,masked
0.3887143731117248,0.2404905408620834,1.4514445066452026,0.0286017730832099,0.0219229944050312,0.7557460069656372,987,2999.7109207879985,2.377476215362549,1,masked
0.1907919049263,0.0312952101230621,1.5597413778305054,0.0333251096308231,0.0190037712454795,0.3592998683452606,988,3002.688403054024,2.378812551498413,1,masked
0.367569237947464,0.1917415857315063,1.718576192855835,0.0375227369368076,0.0217754077166318,1.1370819807052612,989,3005.562944819045,2.379643440246582,1,masked
0.2414970695972442,0.0963440239429473,1.4228745698928833,0.0274149347096681,0.0124088330194354,0.6282078623771667,990,3008.6975119530107,2.380316972732544,1,masked
0.2451586872339248,0.0681041628122329,1.7270073890686035,0.0388267412781715,0.0471116490662097,1.3173807859420776,991,3011.770457976032,2.380187749862671,1,masked
0.2928477823734283,0.1416970342397689,1.476715326309204,0.0318676456809043,0.0292453728616237,0.7407408356666565,992,3014.540738707001,2.380167007446289,1,masked
0.3895333409309387,0.1012378633022308,2.7463128566741943,0.1228310987353324,0.1381089985370636,0.939669668674469,993,3016.820606555033,2.380284786224365,0,masked
0.2294910997152328,0.057801928371191,1.6828627586364746,0.0317216143012046,0.0230728089809417,0.5522785186767578,994,3019.5769488100195,2.3805222511291504,1,masked
0.2591919302940368,0.0954620093107223,1.6025292873382568,0.0324999243021011,0.022699424996972,0.561197817325592,995,3022.154069665994,2.3807876110076904,1,masked
0.2433609366416931,0.0774129331111908,1.6314077377319336,0.0254060253500938,0.0266611538827419,0.5905035138130188,996,3024.9633032460115,2.3811745643615723,1,masked
0.3114169836044311,0.1492554992437362,1.5751856565475464,0.0417142584919929,0.0471467599272728,0.6515974402427673,997,3027.911291230994,2.382063865661621,1,masked
0.2347758114337921,0.0814178958535194,1.506757140159607,0.0244166478514671,0.0240543093532323,0.5152873992919922,998,3030.8594121210044,2.3829073905944824,1,masked
0.2594707012176513,0.0979420617222786,1.579927682876587,0.032711561769247,0.0264715440571308,0.6304307579994202,999,3033.815245903039,2.384250402450561,1,masked
0.266575276851654,0.120272159576416,1.4401991367340088,0.020527871325612,0.0230370592325925,0.7202112674713135,1000,3036.216665190994,2.385483980178833,1,masked
0.2374415844678878,0.0941087678074836,1.4213621616363523,0.009338435716927,0.0262770038098096,0.6351640224456787,1001,3038.598233912024,2.386687755584717,1,masked
0.3587409555912018,0.1008226945996284,2.4812240600585938,0.088495098054409,0.0946359559893608,0.6920807361602783,1002,3041.261351727997,2.387636184692383,0,masked
0.252319186925888,0.0677007362246513,1.7945884466171265,0.0493883676826953,0.0220777038484811,0.7061652541160583,1003,3044.458658827003,2.388515949249268,1,masked
0.4381408989429474,0.2729280292987823,1.6133887767791748,0.0365413837134838,0.0219840034842491,0.5603852272033691,1004,3047.534807560034,2.389168262481689,1,masked
0.2424831837415695,0.0845102593302726,1.5543944835662842,0.023411912843585,0.0192259978502988,0.7589939832687378,1005,3050.536070342001,2.389839172363281,1,masked
0.2761862874031067,0.1324457675218582,1.4202969074249268,0.0154833868145942,0.0162483751773834,0.5788344740867615,1006,3053.64513953001,2.390521764755249,1,masked
0.3172915577888489,0.1475072503089904,1.6546566486358645,0.0403698720037937,0.0281651094555854,1.007309079170227,1007,3056.76901889703,2.391136407852173,1,masked
0.1835181564092636,0.0552642978727817,1.2633800506591797,0.0176720134913921,0.0148648340255022,0.7259859442710876,1008,3060.0164125150186,2.3918468952178955,1,masked
0.2566691935062408,0.0935703888535499,1.5887081623077393,0.0392515063285827,0.0302836783230304,0.5027670860290527,1009,3062.7271316680126,2.392460823059082,1,masked
0.3054540455341339,0.1551567763090133,1.4765597581863403,0.0253725126385688,0.0104021318256855,0.4259955585002899,1010,3065.4614913290134,2.392953395843506,1,masked
0.1856378614902496,0.0443672649562358,1.3903318643569946,0.0198472812771797,0.0252679400146007,0.4783656895160675,1011,3068.590136468993,2.393054246902466,1,masked
0.2326713353395462,0.0802986472845077,1.4973312616348269,0.0250583197921514,0.0133733255788683,0.4541356265544891,1012,3071.6636417940026,2.392866373062134,1,masked
0.2371633648872375,0.0675519034266471,1.659877061843872,0.0314250588417053,0.0481252335011959,0.5698762536048889,1013,3074.851079847024,2.392571449279785,1,masked
0.4288069307804107,0.2706257998943329,1.546859860420227,0.0324275121092796,0.0252366904169321,0.8865374326705933,1014,3078.0702928560204,2.39186692237854,1,masked
0.3767778873443603,0.2087844163179397,1.6390233039855957,0.0372414477169513,0.0366967543959617,0.7340047359466553,1015,3081.2356717209914,2.391096591949463,1,masked
0.2647169232368469,0.1109343916177749,1.511620283126831,0.0236470699310302,0.0255760792642831,0.6175571084022522,1016,3084.3028666499886,2.390491247177124,1,masked
0.4012147188186645,0.1400353610515594,2.4984829425811768,0.1086621060967445,0.0464848428964614,1.0531233549118042,1017,3086.594047777005,2.389519214630127,0,masked
0.2697950601577759,0.1013438925147056,1.6590111255645752,0.0224187355488538,0.0308195855468511,0.5656017661094666,1018,3089.3491008300334,2.388323307037353,1,masked
0.275157630443573,0.1118591874837875,1.609236240386963,0.0221354737877845,0.0161275286227464,0.8437820076942444,1019,3092.072916670993,2.388186454772949,1,masked
0.3683933615684509,0.0941562876105308,2.637634754180908,0.0979206711053848,0.0681536942720413,1.7501418590545654,1020,3094.828908085008,2.388260126113892,0,masked
0.1916703134775161,0.0269736945629119,1.6118345260620115,0.0331686735153198,0.019627995789051,0.432163655757904,1021,3097.6856902969885,2.388396978378296,1,masked
0.3933967649936676,0.2169768810272216,1.7237069606781006,0.0380313023924827,0.0246081203222274,0.9960121512413024,1022,3100.417982343002,2.3885750770568848,1,masked
0.3258999586105346,0.160406544804573,1.6145918369293213,0.0365597158670425,0.0378257893025875,0.7714101076126099,1023,3103.3639531930094,2.388768196105957,1,masked
0.2825369834899902,0.1057444140315055,1.72536301612854,0.0404408909380435,0.021217593923211,0.567535936832428,1024,3106.480319444032,2.3889589309692383,1,masked
0.2629083395004272,0.0937537401914596,1.646965503692627,0.0411332324147224,0.0344736911356449,0.5150290131568909,1025,3173.119606090011,2.3886966705322266,1,masked
0.2370333671569824,0.069920003414154,1.6355948448181152,0.0324169620871543,0.0312181245535612,0.5831144452095032,1026,3176.078490332992,2.3887569904327397,1,masked
0.2247721850872039,0.0868307873606681,1.360737442970276,0.0167566053569316,0.0191995166242122,0.646986722946167,1027,3178.8222794700414,2.3886020183563232,1,masked
0.3171783685684204,0.1600561141967773,1.537697434425354,0.0310390889644622,0.0248616822063922,0.9304929971694946,1028,3182.000668582041,2.3881847858428955,1,masked
0.333867073059082,0.0894219800829887,2.3524694442749023,0.0827104896306991,0.0927130728960037,0.9216956496238708,1029,3184.78107868199,2.388627052307129,0,masked
0.4703342020511627,0.2112566977739334,2.4782841205596924,0.109550841152668,0.0293981730937957,0.6823720335960388,1030,3187.5696326000034,2.389334917068481,0,masked
0.211319014430046,0.0627757683396339,1.4549860954284668,0.0280382800847291,0.0240809861570596,0.688911497592926,1031,3190.301724046003,2.38995623588562,1,masked
0.2441309094429016,0.0871523171663284,1.5433026552200315,0.0242008809000253,0.0228215046226978,0.6466493010520935,1032,3193.3469908080297,2.390324592590332,1,masked
0.3107312321662903,0.1181005984544754,1.883140206336975,0.0391028448939323,0.0406343080103397,1.108962893486023,1033,3196.245023844007,2.390390634536743,1,masked
0.262227326631546,0.1016745790839195,1.5736981630325315,0.028077257797122,0.0375210046768188,0.6465937495231628,1034,3199.1952704380383,2.390470027923584,1,masked
0.2649306952953338,0.091424822807312,1.6941343545913696,0.0368045270442962,0.0411982350051403,0.6599175930023193,1035,3202.167685565015,2.390710830688477,1,masked
0.2263512760400772,0.0868612825870513,1.369781494140625,0.0235838498920202,0.0153472488746047,0.5808929800987244,1036,3204.950945986028,2.39074444770813,1,masked
0.2184141874313354,0.0564088001847267,1.57941472530365,0.0383876971900463,0.0225152354687452,0.7581337690353394,1037,3207.8746708830004,2.39074444770813,1,masked
0.4775145053863525,0.174650177359581,2.902461051940918,0.1153399348258972,0.1084279492497444,1.004499077796936,1038,3210.473771755991,2.3906965255737305,0,masked
0.3075856268405914,0.1426153630018234,1.614998698234558,0.0331106632947921,0.0159316100180149,0.6544094681739807,1039,3213.199643603992,2.390641450881958,1,masked
0.2070369869470596,0.0384253673255443,1.6474863290786743,0.0342207476496696,0.0440892092883586,0.6029296517372131,1040,3216.192955017032,2.3905248641967773,1,masked
0.377185583114624,0.1733677983283996,1.962145566940308,0.0737251341342926,0.0230728033930063,0.8056984543800354,1041,3219.39953163499,2.391103506088257,1,masked
0.5066315531730652,0.2083698660135269,2.852565288543701,0.114480160176754,0.1557179242372512,0.7792786955833435,1042,3221.8760626729927,2.3918333053588867,0,masked
0.3602279424667358,0.1779780387878418,1.7746169567108154,0.0456004366278648,0.022818012163043,0.9905649423599244,1043,3224.989414835989,2.39250922203064,1,masked
0.204717144370079,0.0388242006301879,1.6151726245880127,0.0374456122517585,0.0631107240915298,0.5965109467506409,1044,3228.4641113610123,2.392863750457764,1,masked
0.2064490914344787,0.0476989299058914,1.5524766445159912,0.0317757576704025,0.0324908457696437,0.5557118058204651,1045,3231.296753639996,2.3930885791778564,1,masked
0.2453230321407318,0.0861607417464256,1.560268759727478,0.0290034804493188,0.0235061086714267,0.8154386878013611,1046,3234.028325752006,2.3933565616607666,1,masked
0.2349931895732879,0.0851569846272468,1.4597768783569336,0.0345498695969581,0.0403549335896968,0.5441985726356506,1047,3236.649157662003,2.3936824798583984,1,masked
0.278727650642395,0.1131102293729782,1.602858304977417,0.0506192147731781,0.0269651189446449,0.6722320318222046,1048,3239.1184215139947,2.394006729125977,1,masked
0.2402818948030471,0.0905787795782089,1.4660195112228394,0.0297279804944992,0.0128356255590915,0.3703849613666534,1049,3242.0317697729915,2.394735813140869,1,masked
0.3288828432559967,0.1717696487903595,1.5370240211486816,0.0320500619709491,0.02057920768857,0.4817033112049103,1050,3244.883476986026,2.3956375122070312,1,masked
0.25496307015419,0.0996284857392311,1.5231118202209473,0.0289048105478286,0.0132891917601227,0.4549763202667236,1051,3247.8796850600047,2.39633846282959,1,masked
0.4474609494209289,0.1520437598228454,2.8491597175598145,0.0930919125676155,0.1192042157053947,1.2928695678710938,1052,3250.3439776719897,2.3972084522247314,0,masked
0.2691163420677185,0.0784676447510719,1.834096074104309,0.0670313015580177,0.0535933338105678,0.6697796583175659,1053,3252.973099878989,2.39870548248291,1,masked
0.255025565624237,0.0739940479397773,1.7412612438201904,0.0652352273464202,0.038184143602848,0.8704100251197815,1054,3255.903569884016,2.400187492370605,1,masked
0.2541907131671905,0.1153543964028358,1.355296969413757,0.0310754850506782,0.0199089534580707,0.3889522850513458,1055,3259.0728037049994,2.4015650749206543,1,masked
0.1577538251876831,0.0280742570757865,1.284092664718628,0.0109083233401179,0.0179462600499391,0.5046448707580566,1056,3262.2850325990003,2.4027700424194336,1,masked
0.2663030922412872,0.0953335240483284,1.651099681854248,0.0523921065032482,0.0620368346571922,0.6618567109107971,1057,3265.3718683200423,2.4038338661193848,1,masked
0.3156526386737823,0.1520244926214218,1.5961381196975708,0.0371646955609321,0.0297879315912723,0.8471526503562927,1058,3268.742477993015,2.405111074447632,1,masked
0.3329154849052429,0.1797320544719696,1.4985697269439695,0.0310868751257658,0.0217774603515863,0.5768182873725891,1059,3271.9629581150366,2.406177043914795,1,masked
0.3077114820480346,0.1634315401315689,1.413076877593994,0.0279949307441711,0.0172749273478984,0.6520700454711914,1060,3274.9445369640016,2.407053232192993,1,masked
0.2632306516170501,0.0771816670894622,1.8083758354187007,0.0473775975406169,0.0473616495728492,1.242944836616516,1061,3277.857579287025,2.4078524112701416,1,masked
0.2615064680576324,0.093811959028244,1.6410729885101318,0.0320022813975811,0.0386977791786193,0.5571956634521484,1062,3280.75437193003,2.408699512481689,1,masked
0.2107734382152557,0.0644930154085159,1.4304509162902832,0.0294451005756855,0.0290840566158294,0.4555666148662567,1063,3282.728840261989,2.4095163345336914,1,masked
0.3016755580902099,0.1165687292814254,1.8065741062164309,0.0400599166750907,0.0443398766219615,1.083703875541687,1064,3285.359779832012,2.410074234008789,1,masked
0.2306802719831466,0.058438055217266,1.6793032884597778,0.039296843111515,0.0382199920713901,0.5530946254730225,1065,3287.4740566100227,2.4108242988586426,1,masked
0.2023468017578125,0.0490710288286209,1.50653338432312,0.0236486233770847,0.0257581640034914,0.4467375874519348,1066,3290.4683289329987,2.411204099655152,1,masked
0.2313180118799209,0.0964314192533493,1.3276594877243042,0.0195227023214101,0.0168365985155105,0.4742026031017303,1067,3292.882954695029,2.411553382873535,1,masked
0.2889060378074646,0.1533892303705215,1.3343251943588257,0.0187669303268194,0.0207558497786521,0.5158234238624573,1068,3295.4814459100016,2.412247896194458,1,masked
0.3295608460903168,0.1459134668111801,1.7879161834716797,0.0452191308140754,0.0333831533789634,0.7859089374542236,1069,3298.1419697169918,2.413567066192627,1,masked
0.1854481995105743,0.0332855135202407,1.4832240343093872,0.0354438871145248,0.029586998745799,0.6267083287239075,1070,3301.048307578021,2.4145379066467285,1,masked
0.2316225171089172,0.0659204423427581,1.6120028495788574,0.0431832522153854,0.0183463301509618,0.649569571018219,1071,3303.6184923410183,2.41536808013916,1,masked
0.2905814051628113,0.1130348369479179,1.7245614528656006,0.0453030094504356,0.0560132786631584,0.9369401335716248,1072,3306.404040891037,2.416191577911377,1,masked
0.334486186504364,0.1896651834249496,1.4228798151016235,0.0232965517789125,0.020335478708148,0.5164071917533875,1073,3309.3214141130447,2.4168500900268555,1,masked
0.2516482174396515,0.0707432851195335,1.7627432346343994,0.0439851470291614,0.0232060141861438,0.7611674666404724,1074,3311.9697830280056,2.4167423248291016,1,masked
0.308182418346405,0.1358934044837951,1.6781479120254517,0.0419663190841674,0.0277612656354904,1.0501974821090698,1075,3314.8530521710054,2.4163599014282227,1,masked
0.3092325925827026,0.1546438038349151,1.516072154045105,0.0280176792293787,0.0179824214428663,0.564659059047699,1076,3318.050575344998,2.416157484054565,1,masked
0.2448339611291885,0.0793144628405571,1.6229016780853271,0.0312135424464941,0.0107968933880329,0.584730327129364,1077,3321.060501952016,2.415688753128052,1,masked
0.2520975172519684,0.0943899750709533,1.537527561187744,0.0326993875205516,0.0684871524572372,0.49707892537117,1078,3324.361772596021,2.415123462677002,1,masked
0.2268680334091186,0.066016599535942,1.5721065998077393,0.0350574925541877,0.013502487912774,0.5027874112129211,1079,3327.720410978014,2.414664030075073,1,masked
0.2093434035778045,0.0439389757812023,1.614394187927246,0.036654770374298,0.0299536678940057,0.6330958008766174,1080,3330.8369159860304,2.414576292037964,1,masked
0.247594729065895,0.0766372382640838,1.667811393737793,0.038708820939064,0.0305461771786212,0.7043793201446533,1081,3333.819931108039,2.4147181510925293,1,masked
0.3143505156040191,0.1456199288368225,1.6453242301940918,0.0390391983091831,0.0294222049415111,0.7645183801651001,1082,3336.475311827031,2.414713144302368,1,masked
0.259126216173172,0.097976416349411,1.577078342437744,0.0328284986317157,0.0159099157899618,0.8277453780174255,1083,3339.263466720004,2.414656400680542,1,masked
0.2675872147083282,0.1202291920781135,1.4499084949493408,0.0207814425230026,0.028902530670166,0.4709246456623077,1084,3341.888725579018,2.414285659790039,1,masked
0.2885096967220306,0.137457475066185,1.4814245700836182,0.0284378454089164,0.006595772691071,0.768852174282074,1085,3344.488129817997,2.4140546321868896,1,masked
0.2381524294614792,0.0897876396775245,1.4554985761642456,0.0274929478764534,0.0065625049173831,0.506354033946991,1086,3347.3026506330352,2.413837194442749,1,masked
0.3366425037384033,0.1486636251211166,1.8459320068359373,0.0295774023979902,0.0427940413355827,0.8099408745765686,1087,3350.0507310150424,2.4129204750061035,1,masked
0.2619846761226654,0.0975229516625404,1.6005494594573977,0.0424628593027591,0.016045244410634,0.5300238728523254,1088,3352.657818322012,2.412315607070923,1,masked
0.2564364373683929,0.1112693324685096,1.4246779680252075,0.0242140311747789,0.0277920123189687,0.7426682710647583,1089,3355.2657593520125,2.411843776702881,1,masked
0.2438681274652481,0.083997756242752,1.561767816543579,0.0321430452167987,0.0479281283915042,0.5153837203979492,1090,3357.882886589039,2.411285877227783,1,masked
0.200993150472641,0.0439771004021167,1.5440189838409424,0.022334586828947,0.038069300353527,0.4750362038612366,1091,3360.6839368279907,2.411254644393921,1,masked
0.2155855000019073,0.0779605209827423,1.350040316581726,0.0240546856075525,0.0215482115745544,0.4017829298973083,1092,3363.3249679399887,2.4113097190856934,1,masked
0.1811476796865463,0.0379538983106613,1.405422568321228,0.0230573900043964,0.0345784500241279,0.7334528565406799,1093,3366.4562549070106,2.411388635635376,1,masked
0.4133808016777038,0.1558168232440948,2.4885332584381104,0.0807640552520752,0.063424527645111,0.7575870156288147,1094,3369.395226214023,2.41170334815979,0,masked
0.3844183981418609,0.217800572514534,1.6359490156173706,0.0279001854360103,0.0232921261340379,0.9507513046264648,1095,3372.594584412,2.4117164611816406,1,masked
0.3470542728900909,0.1449033915996551,1.9617340564727783,0.0545918680727481,0.0518299490213394,0.8684519529342651,1096,3375.704222296016,2.4119601249694824,1,masked
0.3023430705070495,0.1328375339508056,1.6609348058700562,0.0308998189866542,0.0322073735296726,0.8179181814193726,1097,3378.826598176034,2.412302732467652,1,masked
0.2150801420211792,0.0472763031721115,1.640438675880432,0.0322741158306598,0.0532551258802413,0.5512149333953857,1098,3381.9699135590345,2.412626981735229,1,masked
0.2195713222026825,0.0848513841629028,1.3303217887878418,0.0160223469138145,0.0085540441796183,0.3736065626144409,1099,3385.193007102993,2.412911891937256,1,masked
0.2130940705537796,0.0700350254774093,1.4023030996322632,0.0261677876114845,0.0211970470845699,0.7082518935203552,1100,3388.25740767701,2.41324782371521,1,masked
0.28397336602211,0.1290783286094665,1.5121963024139404,0.0332789272069931,0.0347525551915168,1.212183117866516,1101,3391.3649146539974,2.4178688526153564,1,masked
0.297676146030426,0.1571053713560104,1.3814666271209717,0.0228927098214626,0.013481268659234,0.6714929938316345,1102,3394.313216573035,2.422039031982422,1,masked
0.2806390821933746,0.0926931574940681,1.825291395187378,0.050205573439598,0.0396226122975349,0.7044282555580139,1103,3396.915741242992,2.4259397983551025,1,masked
0.2864291369915008,0.1333800554275512,1.4988267421722412,0.0298261474817991,0.0183783844113349,1.0664024353027344,1104,3399.6993068890297,2.429446220397949,1,masked
0.2566498517990112,0.0928340181708335,1.6022487878799438,0.032838899642229,0.0307041183114051,0.4036159813404083,1105,3402.3098382920143,2.432617425918579,1,masked
0.2643477022647857,0.1056588068604469,1.558306336402893,0.0251593329012393,0.0342304557561874,0.8430851697921753,1106,3404.9153281259933,2.4348256587982178,1,masked
0.3088002800941467,0.1465724855661392,1.5853561162948608,0.0340572632849216,0.0286451205611228,0.5700340270996094,1107,3407.8186968940427,2.4364445209503174,1,masked
0.2134803831577301,0.0749744847416877,1.3567448854446411,0.0261798705905675,0.0213430561125278,0.5549055933952332,1108,3410.6752777050133,2.4378724098205566,1,masked
0.4970234036445617,0.1935800462961197,2.9205634593963623,0.1104398444294929,0.0343036316335201,1.185168743133545,1109,3413.266235265997,2.4394307136535645,0,masked
0.4508153796195984,0.2756009697914123,1.7268368005752563,0.0218024477362632,0.0350484475493431,0.9514088034629822,1110,3415.9971637760173,2.4409255981445312,1,masked
0.2602631449699402,0.0988095700740814,1.5738725662231443,0.0384127721190452,0.0225041080266237,0.7951460480690002,1111,3418.292720862024,2.442181348800659,1,masked
0.2339504063129425,0.0770176276564598,1.5304521322250366,0.0368079915642738,0.020675178617239,0.7338948249816895,1112,3421.0761320830206,2.4432759284973145,1,masked
0.2380504608154297,0.0550641901791095,1.7778267860412598,0.0501458644866943,0.0188991632312536,0.5691708922386169,1113,3423.6785292440327,2.4443600177764893,1,masked
0.3360938429832458,0.1846012324094772,1.4866993427276611,0.0270301178097724,0.0119694601744413,0.8707627058029175,1114,3425.6081022750004,2.445504903793335,1,masked
0.2650286257266998,0.1102387011051178,1.521551251411438,0.0245643202215433,0.0178353749215602,0.5196654200553894,1115,3428.215544851031,2.4464242458343506,1,masked
0.2587092816829681,0.1065945550799369,1.4920599460601809,0.024710975587368,0.0437636896967887,0.6074920296669006,1116,3431.043408345024,2.4466209411621094,1,masked
0.2201038300991058,0.0478790216147899,1.6833877563476562,0.0342431329190731,0.0461711436510086,0.4626758396625519,1117,3433.675094254024,2.446729898452759,1,masked
0.2602227330207824,0.1002877131104469,1.5634685754776,0.0332839675247669,0.0259763654321432,0.4778202176094055,1118,3435.8107562740333,2.447737216949463,1,masked
0.3205839991569519,0.1549184918403625,1.616947889328003,0.0374485701322555,0.0225848406553268,0.6775957345962524,1119,3438.439044305007,2.4482944011688232,1,masked
0.236055701971054,0.0784488245844841,1.5412849187850952,0.0317841991782188,0.0299955625087022,0.5367451310157776,1120,3440.7628169480013,2.448786973953247,1,masked
0.2482511699199676,0.0797121375799179,1.6414377689361572,0.0405828170478343,0.0336964279413223,0.53201824426651,1121,3443.3845833680243,2.449211359024048,1,masked
0.3504839539527893,0.1227715387940406,2.1787495613098145,0.0936729162931442,0.0470152981579303,1.3574875593185425,1122,3445.8494638580014,2.448549509048462,0,masked
0.2334847450256347,0.0549819879233837,1.7345185279846191,0.0466668643057346,0.0384220480918884,0.7270864844322205,1123,3448.4511962280376,2.447958707809448,1,masked
0.3322345614433288,0.1674348264932632,1.6200034618377686,0.0260201171040534,0.0197387989610433,0.6593306064605713,1124,3451.050961353001,2.4476115703582764,1,masked
0.2539457082748413,0.0886024087667465,1.6056931018829346,0.0441609099507331,0.035790417343378,0.5867326855659485,1125,3453.836838776013,2.447380542755127,1,masked
0.2640703022480011,0.1276369094848632,1.3367666006088257,0.0257026515901088,0.018644742667675,0.4574522376060486,1126,3456.468118858,2.4474432468414307,1,masked
0.3065163195133209,0.1615999042987823,1.4237715005874634,0.0232168789952993,0.0217570047825574,0.4922623634338379,1127,3459.085359719,2.4472169876098637,1,masked
0.2593852579593658,0.098028764128685,1.575901985168457,0.0352826938033103,0.0238020103424787,0.7152524590492249,1128,3462.193576425023,2.447330474853516,1,masked
0.3539537191390991,0.2048189640045166,1.456397533416748,0.0337242521345615,0.0122600011527538,0.6802157759666443,1129,3464.968647192989,2.447306632995605,1,masked
0.2742713391780853,0.1192878186702728,1.5133225917816162,0.0337734632194042,0.0273908246308565,0.7038978934288025,1130,3466.9294610600336,2.4470860958099365,1,masked
0.3939454257488251,0.2222077250480651,1.6839884519577026,0.0310274474322795,0.0236081220209598,0.7353171110153198,1131,3469.660835631017,2.447226047515869,1,masked
0.309569239616394,0.1355874091386795,1.6939234733581543,0.0441681146621704,0.0172659642994403,0.8375630378723145,1132,3472.5412560660043,2.447256088256836,1,masked
0.3245834708213806,0.1515670120716095,1.6825288534164429,0.044263407588005,0.0337255597114563,0.9497641324996948,1133,3475.6248146110447,2.4468109607696533,1,masked
0.2814773321151733,0.0791333615779876,1.9648988246917725,0.0550675801932811,0.034732200205326,1.0467311143875122,1134,3478.253054219007,2.4447996616363525,1,masked
0.3351162075996399,0.1678509563207626,1.625442624092102,0.0426686517894268,0.0454104542732238,0.8175750374794006,1135,3480.378135705017,2.4432759284973145,1,masked
0.2005611062049865,0.044648066163063,1.5217235088348389,0.0347645878791809,0.0264238007366657,0.4458071887493133,1136,3483.180790734012,2.4417850971221924,1,masked
0.2199960201978683,0.0753394812345504,1.414298415184021,0.030759360641241,0.0150779355317354,0.8500834703445435,1137,3485.958787353011,2.440359354019165,1,masked
0.2681603133678436,0.1066338717937469,1.5693848133087158,0.0396917723119258,0.0618753992021083,0.6682090759277344,1138,3488.0587326120003,2.438962459564209,1,masked
0.2578155398368835,0.0909177064895629,1.6247446537017822,0.0406815931200981,0.0355185568332672,0.5244540572166443,1139,3490.0237269219942,2.4373698234558105,1,masked
0.2440882623195648,0.0857057645916938,1.5475324392318726,0.0328670516610145,0.0342544876039028,0.4304631054401397,1140,3492.77666506602,2.435436725616455,1,masked
0.2209860682487487,0.0585328787565231,1.5862107276916504,0.0353903248906135,0.029309157282114,0.5028862357139587,1141,3495.6334568140446,2.4335877895355225,1,masked
0.3430877327919006,0.2072691917419433,1.334508776664734,0.0219316612929105,0.0174538791179656,0.5949040055274963,1142,3498.272696305008,2.432034492492676,1,masked
0.227770134806633,0.0519626103341579,1.7254678010940552,0.0298796221613883,0.0272746607661247,0.4549920260906219,1143,3500.903384250996,2.4308881759643555,1,masked
0.240812748670578,0.0557501874864101,1.7986338138580322,0.0492476001381874,0.0274435188621282,0.866085946559906,1144,3503.780923712009,2.4302940368652344,1,masked
0.266949713230133,0.1016101613640785,1.6091091632843018,0.0407166741788387,0.0356926769018173,0.7937803864479065,1145,3507.1214154420304,2.429673194885254,1,masked
0.2353532165288925,0.0814110785722732,1.5031052827835083,0.0323848314583301,0.0393134988844394,0.5014167428016663,1146,3510.110246270022,2.429368257522583,1,masked
0.4480438828468323,0.1581272333860397,2.741457939147949,0.1393024325370788,0.1840575039386749,0.8845847845077515,1147,3513.045672843989,2.429363250732422,0,masked
0.30300372838974,0.1097985357046127,1.87510347366333,0.0557197444140911,0.012288904748857,1.0140409469604492,1148,3516.0154674600344,2.429689884185791,1,masked
0.254907488822937,0.0731656923890113,1.7684190273284912,0.0458168797194957,0.0318198017776012,0.4734785258769989,1149,3519.082897390996,2.4298999309539795,1,masked
0.2388924956321716,0.0822809413075447,1.535078763961792,0.0293710008263587,0.016659177839756,0.5223336815834045,1150,3522.157946814026,2.4302120208740234,1,masked
0.2066595703363418,0.0693560019135475,1.3485537767410278,0.0216173082590103,0.028645496815443,0.4759161174297333,1151,3525.597815160989,2.430281400680542,1,masked
0.2759883105754852,0.1065049171447753,1.6511951684951782,0.0418038256466388,0.0183461364358663,0.4546026885509491,1152,3529.0749289760133,2.4303441047668457,1,masked
0.5568601489067078,0.2700854241847992,2.76033091545105,0.1008517816662788,0.0656501799821853,1.2592624425888062,1153,3532.0008200770244,2.4303512573242188,0,masked
0.2195485979318618,0.0636860281229019,1.5336968898773191,0.0223225057125091,0.0260630380362272,0.4595589637756347,1154,3535.07652467303,2.4303348064422607,1,masked
0.2063693702220916,0.0594982914626598,1.4353225231170654,0.0281682536005973,0.0521987490355968,0.6907687783241272,1155,3538.1616174670053,2.4302866458892822,1,masked
0.3386977314949035,0.1552642583847046,1.7908226251602173,0.0386329665780067,0.0487899407744407,0.7952609658241272,1156,3541.128927765996,2.4299683570861816,1,masked
0.2051515281200409,0.0419497527182102,1.5995068550109863,0.0292769093066453,0.0323393121361732,0.7925235033035278,1157,3544.3798505740124,2.429682493209839,1,masked
0.320714384317398,0.1628176718950271,1.5411744117736816,0.032699953764677,0.05092578753829,1.0735911130905151,1158,3547.5373113920214,2.4293274879455566,1,masked
0.2661175727844238,0.08411855250597,1.788771629333496,0.0280655939131975,0.0315288230776786,0.9411696195602416,1159,3550.5547588189947,2.4286892414093018,1,masked
0.3606903851032257,0.2001823782920837,1.5592877864837646,0.0433370918035507,0.0245562698692083,0.7634182572364807,1160,3553.1700379879912,2.428168296813965,1,masked
0.3039129972457886,0.171999454498291,1.2956812381744385,0.0217418018728494,0.0171259380877017,0.8213039040565491,1161,3555.78529603302,2.427677154541016,1,masked
0.2362615168094635,0.081655353307724,1.5158329010009766,0.0280890949070453,0.021397715434432,0.5945152640342712,1162,3558.5595113610034,2.4275057315826416,1,masked
0.2318122088909149,0.0751829743385315,1.536706805229187,0.0270704608410596,0.0251525528728961,0.8388253450393677,1163,3561.423602558032,2.4267687797546387,1,masked
0.2134418785572052,0.0496472492814064,1.6022820472717283,0.0330162681639194,0.0264809597283601,0.773311197757721,1164,3564.671584747033,2.425991535186768,1,masked
0.4250518083572387,0.1741769909858703,2.4364521503448486,0.0658899247646331,0.0640589222311973,1.939142107963562,1165,3566.644817930006,2.425405263900757,0,masked
0.2531033456325531,0.0852506309747695,1.632805347442627,0.0387544110417366,0.069672979414463,0.9373727440834044,1166,3570.308621545031,2.4250946044921875,1,masked
0.2323526740074157,0.0757022500038147,1.5231468677520752,0.0410706438124179,0.0228653829544782,0.6026424765586853,1167,3573.6021555390325,2.425039768218994,1,masked
0.383904218673706,0.1905348449945449,1.8803156614303589,0.0508570335805416,0.0252096690237522,0.8600472211837769,1168,3576.2179003889905,2.4249346256256104,1,masked
0.2835855484008789,0.1460469514131546,1.3437960147857666,0.0300434865057468,0.015465535223484,0.5167189240455627,1169,3578.947831849044,2.424861431121826,1,masked
0.2264814525842666,0.1126505210995674,1.1238855123519895,0.0129473442211747,0.0147627769038081,0.695451021194458,1170,3581.7771511810133,2.424718379974365,1,masked
0.2224028706550598,0.0713127851486206,1.4751094579696655,0.0324575193226337,0.0333398170769214,0.6564993858337402,1171,3584.395599925017,2.4244256019592285,1,masked
0.1880147159099578,0.0438403338193893,1.4145677089691162,0.0249880384653806,0.0218809135258197,0.6334972977638245,1172,3586.5170318789897,2.424233675003052,1,masked
0.24671371281147,0.0957234874367713,1.473520040512085,0.0314503349363803,0.0493179559707641,0.396145224571228,1173,3589.126129359007,2.423999309539795,1,masked
0.2720071971416473,0.0340222753584384,2.3000311851501465,0.0735438764095306,0.062740609049797,0.5975027680397034,1174,3591.5785393490223,2.4242019653320312,0,masked
0.316211849451065,0.1543828547000885,1.5790694952011108,0.0370647497475147,0.0215579438954591,0.7469899654388428,1175,3594.3342199730105,2.424422264099121,1,masked
0.2469807565212249,0.0709713399410247,1.7195061445236206,0.0376565381884574,0.0293123610317707,0.4723896384239197,1176,3596.282816144987,2.424363374710083,1,masked
0.2129596471786499,0.0494961030781269,1.6007575988769531,0.0313862264156341,0.0249146502465009,0.3832359910011291,1177,3598.900458168995,2.424483060836792,1,masked
0.2183380275964737,0.0618161298334598,1.528910756111145,0.0340129099786281,0.0229508746415376,0.7790489792823792,1178,3601.961284354038,2.4245853424072266,1,masked
0.2845694422721863,0.1320543438196182,1.4923802614212036,0.0278538595885038,0.0491680949926376,0.3849843740463257,1179,3605.1107803470222,2.424898386001587,1,masked
0.3011001050472259,0.1316656321287155,1.6601468324661257,0.0306246057152748,0.0357309877872467,0.8063302636146545,1180,3608.176222526992,2.425403594970703,1,masked
0.2379918992519378,0.0821948274970054,1.5271304845809937,0.0278035886585712,0.0303640998899936,0.5583784580230713,1181,3611.173360051005,2.425548791885376,1,masked
0.2520411312580108,0.0988487750291824,1.4982812404632568,0.0321457833051681,0.0149667486548423,0.5020179748535156,1182,3614.388967405015,2.425424814224243,1,masked
0.2965347468852997,0.1418751627206802,1.5112051963806152,0.0338291600346565,0.0156117286533117,0.908546507358551,1183,3617.662709413038,2.4254584312438965,1,masked
0.1965135335922241,0.0530397556722164,1.4161419868469238,0.0169332213699817,0.0166258718818426,0.6396382451057434,1184,3620.684363619017,2.424715518951416,1,masked
0.2309423983097076,0.0800499394536018,1.48274827003479,0.0241981130093336,0.0197830311954021,0.6671528220176697,1185,3623.6083325180234,2.4243569374084477,1,masked
0.25375896692276,0.1087030991911888,1.4235671758651731,0.0249063242226839,0.0208528786897659,0.6350134015083313,1186,3626.539971646038,2.4238157272338867,1,masked
0.1851864457130432,0.0538874231278896,1.2858020067214966,0.0244502089917659,0.0273772776126861,0.5929999947547913,1187,3629.8707118330058,2.4233109951019287,1,masked
0.2922271192073822,0.1491788923740387,1.397852659225464,0.0306517444550991,0.0197808258235454,0.654899537563324,1188,3632.974972289987,2.4229602813720703,1,masked
0.4195020198822021,0.1348500698804855,2.7052907943725586,0.1299459785223007,0.1128235310316085,0.7765737175941467,1189,3635.775352368015,2.423267602920532,0,masked
0.4847511053085327,0.3301790654659271,1.515009522438049,0.0284568443894386,0.0225387513637542,1.7188241481781006,1190,3638.8021604639935,2.423670053482056,1,masked
0.2490933388471603,0.0879667475819587,1.5636482238769531,0.0405416786670684,0.0707597434520721,0.5019858479499817,1191,3642.013191247999,2.423832654953003,1,masked
0.2108989208936691,0.0535596460103988,1.541985273361206,0.0282760560512542,0.0313125029206275,0.7265379428863525,1192,3644.998021856009,2.4236652851104736,1,masked
0.2594475150108337,0.0956177562475204,1.6017813682556152,0.0354654788970947,0.0105060851201415,0.7734284400939941,1193,3647.932811420993,2.423506736755371,1,masked
0.2429884672164917,0.070377267897129,1.683795928955078,0.0398095771670341,0.0250632744282484,0.7848931550979614,1194,3650.883655001992,2.423408269882202,1,masked
0.3426017165184021,0.0807434916496276,2.5290982723236084,0.082251064479351,0.0723286047577858,0.7492027282714844,1195,3653.745517636009,2.4234042167663574,0,masked
0.2458669990301132,0.0760456025600433,1.6605088710784912,0.0345638133585453,0.0314140655100345,0.5436702370643616,1196,3656.9262094260193,2.423379898071289,1,masked
0.2596442699432373,0.130188375711441,1.2744346857070925,0.0179092325270175,0.0221496988087892,0.5514001250267029,1197,3659.881194629008,2.423463821411133,1,masked
0.1999487876892089,0.0434864573180675,1.53277587890625,0.0289036110043525,0.0294393524527549,0.4273138642311096,1198,3662.91504425701,2.4235832691192627,1,masked
0.3435482978820801,0.0994029864668846,2.3448233604431152,0.0890877842903137,0.0754221826791763,0.9828482270240784,1199,3665.83384955104,2.4231200218200684,0,masked
0.2268536984920501,0.0515536032617092,1.7046724557876587,0.0461618266999721,0.0216656737029552,0.6360931992530823,1200,3669.098091071995,2.4231085777282715,1,masked
0.2595635950565338,0.09373739361763,1.6214522123336792,0.035414919257164,0.0139487264677882,0.642780601978302,1201,3672.1982639289927,2.423003911972046,1,masked
0.2842203974723816,0.1205754652619361,1.5974925756454468,0.0357492826879024,0.0320740267634391,0.596038818359375,1202,3675.162572250003,2.4225306510925293,1,masked
0.2598024606704712,0.0857834219932556,1.7044769525527954,0.032640591263771,0.0307249743491411,0.5144858360290527,1203,3678.428234215011,2.422022581100464,1,masked
0.287988007068634,0.1099311858415603,1.7272608280181885,0.0523121729493141,0.0099506108090281,0.9138373136520386,1204,3681.505254151009,2.4215352535247803,1,masked
0.243882417678833,0.1047198772430419,1.3685649633407593,0.0206405688077211,0.0241975281387567,0.9000259041786194,1205,3684.6110635499936,2.4212992191314697,1,masked
0.2507438957691192,0.1042870730161666,1.4298310279846191,0.0330291725695133,0.0170802734792232,0.6765391826629639,1206,3687.600316750992,2.4209585189819336,1,masked
0.3216613233089447,0.1434085071086883,1.7371653318405151,0.0442224517464637,0.0114032588899135,1.1350096464157104,1207,3690.693939454039,2.4206631183624268,1,masked
0.2781412601470947,0.0908378884196281,1.8204054832458496,0.048400655388832,0.0422765053808689,0.6316278576850891,1208,3694.035418521031,2.4205029010772705,1,masked
0.208624929189682,0.0436145290732383,1.6127890348434448,0.0355820730328559,0.0173288732767105,0.8754993677139282,1209,3696.930750236032,2.420218706130981,1,masked
0.2129044532775879,0.0560283735394477,1.5429013967514038,0.0238819885998964,0.0197757016867399,0.4778153300285339,1210,3699.910511562018,2.4199588298797607,1,masked
0.2062643766403198,0.0625826120376586,1.4158830642700195,0.0186729691922664,0.0226176008582115,0.743220865726471,1211,3702.843859454035,2.4198122024536133,1,masked
0.2024002969264984,0.0634310767054557,1.3726797103881836,0.01507602725178,0.0193663127720356,0.7686625719070435,1212,3706.063198229997,2.4197030067443848,1,masked
0.2846051156520843,0.1192076802253723,1.6137242317199707,0.0376446805894374,0.0260528642684221,1.042397379875183,1213,3709.040948269016,2.419655561447144,1,masked
0.2568705677986145,0.0775889754295349,1.7360459566116333,0.0524260662496089,0.0434375964105129,1.0492205619812012,1214,3711.9966665420216,2.4188787937164307,1,masked
0.2388006448745727,0.106683149933815,1.3000571727752686,0.0198376290500164,0.0128031764179468,0.4769797027111053,1215,3714.9432590390206,2.4181010723114014,1,masked
0.1898949593305587,0.0506478063762187,1.3684628009796145,0.0231428984552621,0.0086601078510284,0.6198664307594299,1216,3718.156568225008,2.417386054992676,1,masked
0.2895547747611999,0.0955101624131202,1.8895318508148196,0.0460214242339134,0.0489275231957435,0.6923374533653259,1217,3721.216270190024,2.416856527328491,1,masked
0.1954425871372223,0.0595302991569042,1.3379104137420654,0.0192275121808052,0.0198509972542524,0.5483605265617371,1218,3724.158274265006,2.4164984226226807,1,masked
0.446219652891159,0.1807545125484466,2.5431013107299805,0.0984419584274292,0.1310822814702987,0.6329402923583984,1219,3726.956193874008,2.416690826416016,0,masked
0.2304293066263198,0.0907647758722305,1.3709667921066284,0.023380160331726,0.022984180599451,0.5691394805908203,1220,3729.993682528031,2.416740894317627,1,masked
0.2258243560791015,0.0794456228613853,1.4316996335983276,0.0220752768218517,0.1001244634389877,0.4470439553260803,1221,3733.0171320380177,2.4166512489318848,1,masked
0.2217091917991638,0.0761025473475456,1.4234187602996826,0.0315148495137691,0.0113278022035956,0.5482261776924133,1222,3736.117389927036,2.4165961742401123,1,masked
0.2416626811027526,0.096559815108776,1.430922031402588,0.0177553240209817,0.0235119014978408,0.4220507144927978,1223,3738.999427121016,2.420487642288208,1,masked
0.3908522129058838,0.1335872113704681,2.453556537628174,0.1121077761054039,0.0698526799678802,1.1658645868301392,1224,3741.870470007008,2.4243955612182617,0,masked
0.2210685759782791,0.0877908989787101,1.3075692653656006,0.0240706615149974,0.0113683026283979,0.4292966723442077,1225,3744.904685585003,2.4279496669769287,1,masked
0.3074614703655243,0.1588280498981475,1.453891396522522,0.0304804220795631,0.0196254178881645,0.6334872841835022,1226,3747.997904480028,2.431411027908325,1,masked
0.2390673756599426,0.099634937942028,1.3752868175506592,0.0180592536926269,0.0097833722829818,0.4595885872840881,1227,3750.94371333404,2.43422269821167,1,masked
0.2204248756170272,0.0875924006104469,1.3021602630615234,0.0237404294312,0.0242408476769924,0.8010034561157227,1228,3754.15034540504,2.4367828369140625,1,masked
0.2845804393291473,0.133229374885559,1.4820648431777954,0.0293268896639347,0.021188385784626,0.8610676527023315,1229,3757.294001404021,2.43912410736084,1,masked
0.3000619113445282,0.1453128904104232,1.5197765827178955,0.0253520589321851,0.0236158892512321,0.5963608622550964,1230,3760.213312281994,2.441123962402344,1,masked
0.2936746180057525,0.1262599229812622,1.6323633193969729,0.0388197042047977,0.0296363346278667,0.6834423542022705,1231,3763.28766180604,2.44289493560791,1,masked
0.2434613555669784,0.1003919914364814,1.4123250246047974,0.0162213053554296,0.0214720107614994,0.4216210544109344,1232,3766.345358252991,2.444252014160156,1,masked
0.2679599225521087,0.131771519780159,1.3407397270202637,0.0196303781121969,0.0151367057114839,0.6294815540313721,1233,3769.638591353025,2.445430040359497,1,masked
0.1897220462560653,0.040152408182621,1.4734388589859009,0.0207855887711048,0.0147197591140866,0.5515194535255432,1234,3772.5647175930208,2.445976972579956,1,masked
0.2598069608211517,0.1303814947605133,1.275222897529602,0.0178920924663543,0.0113978637382388,0.4995937943458557,1235,3775.535941470997,2.446436643600464,1,masked
0.1986734271049499,0.0546722412109375,1.4171134233474731,0.0206652972847223,0.0223300140351057,0.5793504118919373,1236,3778.493564298027,2.446437358856201,1,masked
0.2753018140792846,0.1401673108339309,1.3258087635040283,0.0252652280032634,0.0027128192596137,0.6555065512657166,1237,3781.727106876031,2.446411609649658,1,masked
0.230178028345108,0.0746171250939369,1.5237975120544434,0.0275262668728828,0.0428513102233409,0.7613705992698669,1238,3784.7822011639946,2.4463589191436768,1,masked
0.2083362936973571,0.0491273030638694,1.5674554109573364,0.0203848052769899,0.0424964055418968,0.473368227481842,1239,3787.7412407179945,2.446136713027954,1,masked
0.2944088280200958,0.1341502964496612,1.5652576684951782,0.0343191847205162,0.0300850588828325,0.7721465826034546,1240,3790.793869369023,2.445902109146118,1,masked
0.2946075201034546,0.1419013142585754,1.4942889213562012,0.0306700021028518,0.0210322774946689,0.532904863357544,1241,3793.797339702025,2.445928812026977,1,masked
0.2425116002559662,0.0942980647087097,1.4551351070404053,0.025255236774683,0.0174510292708873,0.5928055644035339,1242,3797.0563281520153,2.445737838745117,1,masked
0.3185697793960571,0.1570132076740265,1.571410894393921,0.0420422405004501,0.0211226604878902,0.6042704582214355,1243,3800.0223412520136,2.445554494857788,1,masked
0.4222210645675659,0.1490334868431091,2.640309810638428,0.0858904793858528,0.0567542798817157,0.714733362197876,1244,3802.904346213036,2.445878028869629,0,masked
0.407433807849884,0.2426394969224929,1.6061779260635376,0.0376291647553443,0.0413637720048427,0.8223065137863159,1245,3805.9877347149886,2.446152925491333,1,masked
0.1893434822559356,0.0507277064025402,1.3591662645339966,0.0247466750442981,0.0224467795342206,0.4675940871238708,1246,3809.034979852033,2.446406602859497,1,masked
0.27162766456604,0.1263774037361145,1.418889403343201,0.0312444511801004,0.0236867200583219,0.4544233679771423,1247,3812.013043840008,2.44690465927124,1,masked
0.3611521422863006,0.1110284924507141,2.415681838989258,0.0721389129757881,0.1341572701930999,0.7500492334365845,1248,3814.483838899992,2.447465181350708,0,masked
0.2708349525928497,0.1371783018112182,1.31756854057312,0.0177270863205194,0.012707551009953,0.5425634980201721,1249,3817.302638133988,2.447718381881714,1,masked
0.3778548240661621,0.2034498304128646,1.702716827392578,0.0381919965147972,0.0314128845930099,0.5628243088722229,1250,3820.050551711989,2.448007106781006,1,masked
0.2552970647811889,0.1073449701070785,1.4571541547775269,0.0206812247633934,0.0168547946959733,0.4985287189483642,1251,3822.687068525993,2.4482460021972656,1,masked
0.350053608417511,0.198982834815979,1.4780272245407104,0.0293042920529842,0.0337597355246543,0.7018304467201233,1252,3825.3088544170014,2.4483466148376465,1,masked
0.1871707588434219,0.0390337631106376,1.4474871158599854,0.0319319665431976,0.0195097234100103,0.6709424257278442,1253,3828.283240851015,2.448060989379883,1,masked
0.2981550693511963,0.1264419257640838,1.670724391937256,0.0443859323859214,0.020210800692439,0.7050273418426514,1254,3831.078878311033,2.448230028152466,1,masked
0.278241366147995,0.111147440969944,1.6323636770248413,0.0369373708963394,0.0163801722228527,0.4846494495868683,1255,3833.8057904469897,2.4486005306243896,1,masked
0.2769997417926788,0.1283770948648452,1.4509423971176147,0.0320997275412082,0.0318406857550144,0.6369256377220154,1256,3836.4308108930127,2.4488697052001958,1,masked
0.204411506652832,0.054723672568798,1.472884178161621,0.0212829448282718,0.0271125361323356,0.5022558569908142,1257,3839.626346792036,2.4492108821868896,1,masked
0.2409334331750869,0.0825001895427703,1.557144284248352,0.02439871057868,0.0278937350958585,0.6065073609352112,1258,3843.032333892013,2.449890375137329,1,masked
0.2001457512378692,0.0439111106097698,1.5230433940887451,0.0370310805737972,0.0227189436554908,0.556455671787262,1259,3846.361471729994,2.450474739074707,1,masked
0.2446303367614746,0.0680895447731018,1.7195861339569092,0.0396432839334011,0.0617852285504341,0.4778826236724853,1260,3849.704647406994,2.4510657787323,1,masked
0.2924147546291351,0.1284715086221695,1.6070878505706787,0.0294264238327741,0.0291807111352682,0.5283310413360596,1261,3852.95298623899,2.451420307159424,1,masked
0.2011144310235977,0.0343929007649421,1.625640630722046,0.0392513386905193,0.0232334956526756,0.604743242263794,1262,3856.752296882041,2.45161247253418,1,masked
0.2084012627601623,0.0594311542809009,1.4667940139770508,0.0209611430764198,0.019461803138256,0.479924201965332,1263,3859.505029422988,2.451657295227051,1,masked
0.2528944015502929,0.1163334399461746,1.3400613069534302,0.020818818360567,0.0472947023808956,0.6199492812156677,1264,3861.6152210439914,2.4519739151000977,1,masked
0.251967042684555,0.1013629436492919,1.4781261682510376,0.0253098532557487,0.0260506309568882,0.4859702289104461,1265,3864.609288325999,2.4519143104553223,1,masked
0.2302217483520507,0.0752762854099273,1.5175551176071167,0.0298282783478498,0.0207102466374635,0.4776268303394317,1266,3867.377366824018,2.451854705810547,1,masked
0.2323584109544754,0.0785696059465408,1.5126503705978394,0.0233706161379814,0.0186672247946262,0.8481078743934631,1267,3870.357734997,2.451505661010742,1,masked
0.2108402848243713,0.0295549724251031,1.7774217128753662,0.0320950299501419,0.0333625935018062,0.5650801062583923,1268,3873.315288854006,2.4511988162994385,1,masked
0.2389623075723648,0.0820162445306778,1.527956247329712,0.0406673811376094,0.0083702690899372,0.4955377280712127,1269,3876.0581707130186,2.450924634933472,1,masked
0.3001579940319061,0.0778688192367553,2.132330656051636,0.0832733288407325,0.0728763490915298,0.5353326201438904,1270,3878.759697175002,2.450767040252685,0,masked
0.2197487652301788,0.06145741045475,1.555939555168152,0.0254585817456245,0.0151542648673057,0.518941342830658,1271,3881.6176234200248,2.4509057998657227,1,masked
0.2067553251981735,0.0392293818295002,1.6340601444244385,0.03878915309906,0.0241001266986131,0.7762478590011597,1272,3885.0694750419934,2.450882196426392,1,masked
0.2100117653608322,0.0718388110399246,1.3623319864273071,0.0176998618990182,0.0169771146029233,0.7277685403823853,1273,3887.967741911998,2.4498610496521,1,masked
0.2855401039123535,0.1373178660869598,1.4483911991119385,0.032226238399744,0.0160485077649354,0.4797923266887665,1274,3891.142438595998,2.4490859508514404,1,masked
0.2405636012554168,0.0959367081522941,1.429753661155701,0.0139947282150387,0.0252028815448284,0.5552577376365662,1275,3894.4286186959935,2.4482431411743164,1,masked
0.2466009110212326,0.0886881798505783,1.5473192930221558,0.0289646387100219,0.0284332185983657,0.6648164391517639,1276,3897.600072276022,2.447460889816284,1,masked
0.2722143232822418,0.1114606633782386,1.563080668449402,0.0421793907880783,0.0227641370147466,0.7509740591049194,1277,3900.705049621,2.4460015296936035,1,masked
0.2011808156967163,0.0375469475984573,1.6142804622650146,0.0192489139735698,0.0280953403562307,0.5764131546020508,1278,3903.644921492029,2.443992376327514,1,masked
0.4215900897979736,0.1555361598730087,2.5746915340423584,0.0783045142889022,0.0754347592592239,0.8709424734115601,1279,3906.79488478601,2.443558692932129,0,masked
0.206564575433731,0.0419147908687591,1.6187129020690918,0.0232789628207683,0.0450599715113639,0.6280241012573242,1280,3909.7615307830274,2.4430952072143555,1,masked
0.2134247422218322,0.0510141886770725,1.574791431427002,0.0445678271353244,0.047464232891798,0.4468381106853485,1281,3912.988455697021,2.442443370819092,1,masked
0.2775520980358124,0.137058600783348,1.3847427368164062,0.0171517916023731,0.0304063186049461,0.553633451461792,1282,3916.194383185997,2.441828966140747,1,masked
0.5740104913711548,0.3392575979232788,2.251908540725708,0.0868977606296539,0.0872205048799514,0.8961640000343323,1283,3919.539691749029,2.44171404838562,0,masked
0.1913547068834304,0.0262151025235652,1.609383463859558,0.0410957410931587,0.0091701494529843,0.8995737433433533,1284,3922.60977859603,2.4416403770446777,1,masked
0.2918495237827301,0.1448734253644943,1.4435065984725952,0.0250049550086259,0.0124941393733024,0.5109338760375977,1285,3925.2184414510266,2.441501379013061,1,masked
0.2513756155967712,0.1056599020957946,1.4311038255691528,0.0245263986289501,0.0152684906497597,0.5953857898712158,1286,3927.304767924012,2.44146466255188,1,masked
0.2375146597623825,0.0964291095733642,1.3836311101913452,0.0260623749345541,0.0116199068725109,0.4459333717823028,1287,3930.1205020730263,2.441488742828369,1,masked
0.2539210319519043,0.0988572016358375,1.5105570554733276,0.0378509536385536,0.0223063211888074,0.4459392428398132,1288,3932.440898667032,2.4415009021759038,1,masked
0.392120748758316,0.2227600365877151,1.6548635959625244,0.0365786626935005,0.0216516368091106,0.9674957990646362,1289,3935.461438608996,2.4419453144073486,1,masked
0.2411517798900604,0.0880961418151855,1.504305124282837,0.0240224450826644,0.0222854949533939,0.4168451130390167,1290,3938.6079551720177,2.442180156707764,1,masked
0.2132952064275741,0.0776243954896926,1.3312643766403198,0.0240965019911527,0.0134725775569677,0.4567563235759735,1291,3941.6922361280303,2.4425344467163086,1,masked
0.2535227835178375,0.1065255925059318,1.4377063512802124,0.0296711083501577,0.0259443372488021,0.5558887124061584,1292,3944.899033716007,2.4428298473358154,1,masked
0.2040105164051056,0.0398408807814121,1.6094417572021484,0.0299589503556489,0.0229530576616525,0.4419057667255401,1293,3948.055947167042,2.443065404891968,1,masked
0.316024899482727,0.1513901948928833,1.6147140264511108,0.0289612133055925,0.0267170909792184,0.521601140499115,1294,3951.056003117992,2.443564414978028,1,masked
0.1841872483491897,0.0239582639187574,1.5672727823257446,0.0329375080764293,0.0207975171506404,0.4204971492290497,1295,3954.02559561102,2.443978071212769,1,masked
0.261984646320343,0.1205619573593139,1.389327883720398,0.0226679630577564,0.022308699786663,0.5611302256584167,1296,3957.239217830007,2.444200277328491,1,masked
0.4515759944915771,0.1706778407096862,2.726618528366089,0.0706090778112411,0.1175391003489494,1.2130261659622192,1297,3959.980879921001,2.4447057247161865,0,masked
0.2020074427127838,0.0667208582162857,1.3302733898162842,0.0198230296373367,0.0276926718652248,0.5558812618255615,1298,3962.9556529910183,2.445044755935669,1,masked
0.2194898277521133,0.0656896382570266,1.495650053024292,0.0387716963887214,0.0358025282621383,0.4700649082660675,1299,3965.936846130004,2.44537353515625,1,masked
0.2285205721855163,0.0750519186258316,1.502772569656372,0.0285070668905973,0.0340686812996864,0.4947964549064636,1300,3969.1723230080097,2.445695400238037,1,masked
0.3407435715198517,0.1862621903419494,1.517043113708496,0.0265676863491535,0.0120297987014055,0.7794322371482849,1301,3971.92583516601,2.445948600769043,1,masked
0.2292487770318985,0.0952486097812652,1.315994143486023,0.0212867502123117,0.0272075664252042,0.567562997341156,1302,3974.7519269360346,2.4464735984802246,1,masked
0.2063424736261367,0.079589232802391,1.2406028509140017,0.024944556877017,0.0198506023734807,0.557127058506012,1303,3977.504507231992,2.447042942047119,1,masked
0.1997095942497253,0.0435833185911178,1.5398694276809692,0.0199732165783643,0.0142012983560562,0.5782623887062073,1304,3980.732611971034,2.4473326206207275,1,masked
0.3397080898284912,0.201815590262413,1.350513577461243,0.027318999171257,0.0109249269589781,0.6270614266395569,1305,3983.700912738044,2.447684526443481,1,masked
0.2325155884027481,0.0827278867363929,1.467125654220581,0.0290334951132535,0.0171764809638261,0.7070202231407166,1306,3986.614350448013,2.447946786880493,1,masked
0.2803233861923218,0.1159942373633384,1.608741283416748,0.0303836949169635,0.0416625030338764,0.6356825232505798,1307,3989.2506092020194,2.447636365890503,1,masked
0.2813833951950073,0.1343210637569427,1.4486682415008545,0.0192495323717594,0.0270534101873636,1.1635476350784302,1308,3992.060035820002,2.447471857070923,1,masked
0.2563059329986572,0.1083198711276054,1.4431767463684082,0.0326524302363395,0.0403161123394966,0.6561570167541504,1309,3994.696773676027,2.447265386581421,1,masked
0.2413037866353988,0.0642309784889221,1.718223214149475,0.048491682857275,0.0401305556297302,0.6310209631919861,1310,3997.3375088400207,2.4467124938964844,1,masked
0.2187234163284301,0.0871862024068832,1.2905327081680298,0.0225665420293808,0.0227279085665941,0.6144766807556152,1311,3999.956289433001,2.446284532546997,1,masked
0.2169805765151977,0.060419924557209,1.5320336818695068,0.029840899631381,0.037320390343666,0.5050329566001892,1312,4002.600453866005,2.446037769317627,1,masked
0.2252527773380279,0.0725307762622833,1.4910705089569092,0.0313194505870342,0.0483013093471527,0.5837225914001465,1313,4005.407378481992,2.445993661880493,1,masked
0.2981416583061218,0.1228276193141937,1.716368317604065,0.0329594612121582,0.0381232351064682,1.0964359045028689,1314,4008.1269757500263,2.445451259613037,1,masked
0.2947560846805572,0.1654110550880432,1.270362377166748,0.0207395274192094,0.0234806127846241,0.6831899285316467,1315,4010.768972536025,2.444966077804565,1,masked
0.1690283715724945,0.0323304757475853,1.3398544788360596,0.025570448487997,0.015540880151093,0.4275212287902832,1316,4013.446307881037,2.44460678100586,1,masked
0.1749265789985656,0.0194860100746154,1.519881010055542,0.0321404449641704,0.0238412991166114,0.5765683054924011,1317,4015.782474723994,2.444262742996216,1,masked
0.2398718893527984,0.0892143100500106,1.4742825031280518,0.0287546515464782,0.035385962575674,0.4351957440376282,1318,4018.5696640750393,2.4435782432556152,1,masked
0.2882914543151855,0.1139221787452697,1.6954379081726074,0.0464510507881641,0.0180370807647705,0.9041527509689332,1319,4021.531509505992,2.442948818206787,1,masked
0.2877230048179626,0.1131261512637138,1.6998910903930664,0.0442584231495857,0.0181929636746644,0.5729913115501404,1320,4024.646643512009,2.442359685897827,1,masked
0.2438867688179016,0.0891245305538177,1.5136563777923584,0.0318266190588474,0.0213938523083925,1.3065190315246582,1321,4027.843676065037,2.441732883453369,1,masked
0.2714893817901611,0.1019117161631584,1.6630674600601196,0.0312836058437824,0.0142561290413141,0.8803367018699646,1322,4030.801373513008,2.441096067428589,1,masked
0.2458641231060028,0.1193724796175956,1.2422491312026978,0.021500514820218,0.0116683095693588,0.7063907384872437,1323,4033.753706920019,2.4405453205108643,1,masked
0.2749048471450805,0.1326913982629776,1.3940815925598145,0.0260536521673202,0.0199907012283802,0.6813306212425232,1324,4037.0709477300406,2.440084218978882,1,masked
0.2838225364685058,0.1311162710189819,1.4946070909500122,0.0290955938398838,0.0335999689996242,0.5693833827972412,1325,4040.116148620029,2.439784526824951,1,masked
0.2657861411571502,0.1126601248979568,1.4962499141693115,0.0326021425426006,0.0240790359675884,0.8002415895462036,1326,4043.045746606018,2.4395344257354736,1,masked
0.3606961667537689,0.1860014349222183,1.6916353702545166,0.0519648678600788,0.0334701314568519,0.6733742356300354,1327,4046.008460720012,2.4391655921936035,1,masked
0.2500462532043457,0.0965117290616035,1.5017608404159546,0.0310070589184761,0.0257708337157964,0.7494043707847595,1328,4049.098438207002,2.4389023780822754,1,masked
0.2081456035375595,0.0463783740997314,1.5823134183883667,0.032918632030487,0.0244027581065893,0.5457450747489929,1329,4052.287474123005,2.4386467933654785,1,masked
0.3161607682704925,0.1577810794115066,1.5465388298034668,0.0317833609879016,0.0547454841434955,0.7072610259056091,1330,4055.350950655004,2.438631296157837,1,masked
0.2285138070583343,0.0875699818134307,1.3784563541412354,0.0274915471673011,0.0349017009139061,0.3969497382640838,1331,4058.2983808590216,2.4386117458343506,1,masked
0.2652897834777832,0.1145801320672035,1.4769999980926514,0.027061641216278,0.0303508695214986,0.5766727328300476,1332,4061.2610926800407,2.4385011196136475,1,masked
0.3968395292758941,0.1240960136055946,2.62701153755188,0.0956762135028839,0.0474785342812538,0.6424117684364319,1333,4064.337393451016,2.4385905265808105,0,masked
0.2758328318595886,0.1440965235233307,1.2943824529647827,0.0213150270283222,0.0166547149419784,0.4340018630027771,1334,4067.253389496007,2.4386589527130127,1,masked
0.2660235464572906,0.1339133977890014,1.2971985340118408,0.0232211649417877,0.0068201669491827,0.6864017248153687,1335,4070.314852407028,2.43861722946167,1,masked
0.2483134567737579,0.103585310280323,1.427839279174805,0.017635878175497,0.0180619340389966,0.8454937934875488,1336,4073.413224646996,2.4380576610565186,1,masked
0.2272228151559829,0.0825604274868965,1.4209212064743042,0.0207531545311212,0.0494955666363239,0.5172572731971741,1337,4076.6788445429993,2.436689615249634,1,masked
0.4088877439498901,0.2446615844964981,1.597482681274414,0.0408450365066528,0.0393350422382354,0.916555404663086,1338,4079.7108908140217,2.4357006549835205,1,masked
0.2651001214981079,0.1055822446942329,1.553022384643555,0.0382293239235878,0.0392721220850944,1.8288604021072388,1339,4082.79327038402,2.435209035873413,1,masked
0.2429286241531372,0.1013758033514022,1.3792701959609983,0.033757746219635,0.0250030048191547,0.529050886631012,1340,4085.8652097610175,2.4345734119415283,1,masked
0.2305366396903991,0.0612084195017814,1.667616844177246,0.0220035519450902,0.0366164110600948,0.6892212629318237,1341,4089.046517924988,2.434208869934082,1,masked
0.2472518682479858,0.0750148668885231,1.6653692722320557,0.0488268136978149,0.0817388594150543,0.7658115029335022,1342,4092.252598874038,2.43487548828125,1,masked
0.25422203540802,0.0990915894508361,1.5281243324279783,0.0202595088630914,0.0292066894471645,0.5379178524017334,1343,4095.206462792994,2.4352827072143555,1,masked
0.1830212175846099,0.0330503247678279,1.4814532995224,0.0159240290522575,0.023317202925682,0.5332273840904236,1344,4097.8923225650215,2.4353044033050537,1,masked
0.2352303266525268,0.0863483473658561,1.4670612812042236,0.0190490707755088,0.0270937010645866,0.5834408402442932,1345,4100.731348222995,2.4353508949279785,1,masked
0.2474843859672546,0.1100762337446212,1.3521668910980225,0.0198895018547773,0.0202498603612184,0.581782341003418,1346,4103.527996928024,2.435539722442627,1,masked
0.2863471806049347,0.1324036121368408,1.5080344676971436,0.0293091721832752,0.0209209937602281,0.6745581030845642,1347,4106.143247128988,2.435811758041382,1,masked
0.1906808614730835,0.0595291480422019,1.2858296632766724,0.0231858715415,0.0250161215662956,0.5523501038551331,1348,4108.762661249028,2.4358270168304443,1,masked
0.1900708377361297,0.0478990636765956,1.3948230743408203,0.0248877145349979,0.0200679451227188,0.4705519080162048,1349,4111.956412491039,2.4360358715057373,1,masked
0.2345935404300689,0.076290875673294,1.5531350374221802,0.0272337645292282,0.0265778116881847,0.5605548024177551,1350,4114.900096243015,2.436243295669556,1,masked
0.3889254629611969,0.1026264950633049,2.7598228454589844,0.0982472002506256,0.0491973385214805,1.9572066068649288,1351,4117.357956035994,2.436308622360229,0,masked
0.2204607129096985,0.0723999813199043,1.4529308080673218,0.0259537510573864,0.0172280296683311,0.5830138325691223,1352,4119.994853706041,2.436532497406006,1,masked
0.2739312648773193,0.1109639182686805,1.5990606546401978,0.0283363256603479,0.0227671694010496,0.6156132817268372,1353,4123.009741327027,2.4363067150115967,1,masked
0.3351796865463257,0.1956426799297332,1.3623861074447632,0.0277546886354684,0.0522905848920345,0.8409185409545898,1354,4126.177062081988,2.435837507247925,1,masked
0.3185073733329773,0.1624548733234405,1.5262531042099,0.0316833369433879,0.0258834920823574,0.8891100883483887,1355,4128.7370534220245,2.435366153717041,1,masked
0.3044259250164032,0.1298993080854416,1.7055548429489136,0.035662330687046,0.0404880866408348,0.789765477180481,1356,4131.643919137016,2.4364283084869385,1,masked
0.3034368753433227,0.1275150030851364,1.7097337245941162,0.0473894327878952,0.0209527947008609,0.7225350141525269,1357,4134.269275258004,2.4374747276306152,1,masked
0.2318291962146759,0.0653350129723548,1.6208735704421997,0.0402117483317852,0.038565207272768,0.5839903354644775,1358,4137.149219791987,2.438514947891236,1,masked
0.2944584488868713,0.1459265947341919,1.458065152168274,0.0252788979560136,0.019744586199522,0.6298030018806458,1359,4140.134461898997,2.4390156269073486,1,masked
0.3882780075073242,0.1231387332081794,2.566516399383545,0.0792009159922599,0.0567556358873844,1.1227461099624634,1360,4142.921610076039,2.438972234725952,0,masked
0.2978921830654144,0.1741907596588134,1.2173924446105957,0.0184063017368316,0.0121535398066043,0.5505813956260681,1361,4145.883478264033,2.4388928413391118,1,masked
0.2607573270797729,0.1257199645042419,1.3301372528076172,0.018240125849843,0.0199624300003051,0.4326236546039581,1362,4148.79010395403,2.4386610984802246,1,masked
0.2727221846580505,0.1060629934072494,1.6215900182724,0.0430813878774642,0.0192030631005764,0.8063544034957886,1363,4151.727575080004,2.4387526512146,1,masked
0.3551925420761108,0.1857309639453888,1.6622473001480105,0.0308541525155305,0.015144795179367,0.6302084922790527,1364,4154.359287948988,2.4388973712921143,1,masked
0.2203491181135177,0.0970789268612861,1.215742111206055,0.0165140777826309,0.004456665366888,0.7873618602752686,1365,4156.973510703014,2.439033031463623,1,masked
0.2037628293037414,0.0719718784093856,1.294227957725525,0.0227873250842094,0.0089433882385492,0.6318386197090149,1366,4160.138231469027,2.439152240753174,1,masked
0.3639436066150665,0.1936501264572143,1.6706949472427368,0.0293112397193908,0.0292832199484109,0.5797790884971619,1367,4163.149888854998,2.4393224716186523,1,masked
0.3782300353050232,0.1040772274136543,2.587479829788208,0.1287906616926193,0.2525762915611267,0.8036575317382812,1368,4165.950106431032,2.43946385383606,0,masked
0.2091931998729705,0.0777362436056137,1.295701265335083,0.0164782032370567,0.0238986480981111,0.5975899696350098,1369,4168.918418421003,2.439642429351806,1,masked
0.2599556446075439,0.1195315644145011,1.372713923454285,0.0299959499388933,0.0153124332427978,0.7033758163452148,1370,4172.024863380007,2.439715385437012,1,masked
0.2533339262008667,0.1033879071474075,1.4559723138809204,0.0414416491985321,0.020462080836296,0.7581605911254883,1371,4175.288193023007,2.43951678276062,1,masked
0.2475068718194961,0.0984507575631141,1.458475112915039,0.0295181889086961,0.0256788972765207,0.5328526496887207,1372,4178.486603853991,2.439352035522461,1,masked
0.4482580721378326,0.1869007498025894,2.500002384185791,0.1049002483487129,0.0867064520716667,1.4155865907669067,1373,4181.237959058024,2.4390628337860107,0,masked
0.250629186630249,0.1215313225984573,1.2663519382476809,0.0235421732068061,0.0108450911939144,0.3871440589427948,1374,4184.224735783006,2.439186811447144,1,masked
0.18390753865242,0.0428172014653682,1.380387783050537,0.0284919422119855,0.02023496478796,0.544663667678833,1375,4187.503724017995,2.43928861618042,1,masked
0.2025887817144394,0.0600697584450244,1.3906596899032593,0.0313476808369159,0.0318298116326332,0.5714516639709473,1376,4190.462751112995,2.439536571502685,1,masked
0.3493677377700805,0.0922383889555931,2.4602644443511963,0.1032734140753746,0.077553704380989,1.3249276876449585,1377,4192.937158406014,2.43942666053772,0,masked
0.2130698561668396,0.076639637351036,1.326100468635559,0.034389104694128,0.0381266549229621,0.6035452485084534,1378,4195.563967705995,2.4393227100372314,1,masked
0.2182977348566055,0.0738490223884582,1.4135818481445312,0.0282294508069753,0.0267600920051336,0.711217999458313,1379,4198.542321049026,2.438814640045166,1,masked
0.2360131740570068,0.0687653273344039,1.6466383934020996,0.0228043813258409,0.0303544215857982,0.5696609020233154,1380,4201.213531324989,2.4382994174957275,1,masked
0.3907848000526428,0.135896697640419,2.455076217651367,0.0850009247660636,0.0880421996116638,0.7512030601501465,1381,4204.2440562000265,2.437527656555176,0,masked
0.329789787530899,0.1975481957197189,1.2967686653137207,0.0229866206645965,0.0266046486794948,0.5965726971626282,1382,4207.380659899034,2.4367332458496094,1,masked
0.2143430709838867,0.0497551709413528,1.6017446517944336,0.0414575040340423,0.0267688333988189,1.0618094205856323,1383,4210.332054494007,2.4359097480773926,1,masked
0.2344247847795486,0.0736558064818382,1.578337550163269,0.0262139476835727,0.031383741647005,0.8714727163314819,1384,4213.132125962002,2.434642791748047,1,masked
0.1773169189691543,0.0344195552170276,1.3962827920913696,0.0303142890334129,0.0237664990127086,0.4760806560516357,1385,4215.754799426009,2.4335711002349854,1,masked
0.1873855143785476,0.0485405325889587,1.362871527671814,0.0238049980252981,0.0177315026521682,0.6584792137145996,1386,4217.887096960039,2.432591199874878,1,masked
0.2583629488945007,0.0853495523333549,1.678580641746521,0.0472452044486999,0.0430823490023613,0.66446453332901,1387,4220.54813494999,2.431617498397827,1,masked
0.2426086962223053,0.0945401638746261,1.447482943534851,0.030874103307724,0.0232826340943574,0.5019023418426514,1388,4223.381911599019,2.430640935897827,1,masked
0.2567111253738403,0.0973356813192367,1.554534673690796,0.036392793059349,0.0282696075737476,0.7478548288345337,1389,4226.017958711018,2.4296584129333496,1,masked
0.224334642291069,0.0594128146767616,1.60398268699646,0.0426308251917362,0.0260487832129001,0.811677098274231,1390,4228.6333215750055,2.4288547039031982,1,masked
0.3992873728275299,0.1125746667385101,2.774986982345581,0.0835958942770958,0.0854431390762329,0.922860026359558,1391,4231.3094416380045,2.428309202194214,0,masked
0.2227833420038223,0.0629840642213821,1.55941903591156,0.0359242223203182,0.026495074853301,0.6560826301574707,1392,4234.0208959060255,2.4278039932250977,1,masked
0.2489040791988372,0.100523293018341,1.45888090133667,0.0226817801594734,0.0224540363997221,0.6591300964355469,1393,4236.775930756994,2.4272820949554443,1,masked
0.2613335251808166,0.1083483844995498,1.491058349609375,0.0369226112961769,0.0187029726803302,0.4575682282447815,1394,4239.758133130032,2.426811456680298,1,masked
0.2236775755882263,0.0830650776624679,1.3779690265655518,0.0257270578294992,0.0242884065955877,0.4190516173839569,1395,4242.448587055027,2.426088094711304,1,masked
0.2474112510681152,0.075921393930912,1.643266677856445,0.0675926506519317,0.040393590927124,0.8478150367736816,1396,4244.819505263993,2.425563335418701,1,masked
0.4294306337833404,0.1168775185942649,2.9592387676239014,0.149607315659523,0.1668507605791092,1.3576757907867432,1397,4247.279218534997,2.424889326095581,0,masked
0.2026551067829132,0.060558907687664,1.3979891538619995,0.0220518335700035,0.0092101898044347,0.5612574219703674,1398,4249.879915583006,2.4238057136535645,1,masked
0.246528148651123,0.0893330425024032,1.5354783535003662,0.0309081710875034,0.0556457191705703,0.7287136316299438,1399,4252.512777222029,2.422792196273804,1,masked
0.2422641515731811,0.0851159542798996,1.5360331535339355,0.0334643423557281,0.0198435094207525,0.6347877979278564,1400,4255.387092898018,2.4218525886535645,1,masked
0.320361465215683,0.0787252187728881,2.27411150932312,0.1273349821567535,0.1491584628820419,0.7809038758277893,1401,4257.907616837998,2.4213850498199463,0,masked
0.2890630066394806,0.1246917694807052,1.616362452507019,0.0244780257344245,0.0287187807261943,0.762998104095459,1402,4261.338892146014,2.420715093612671,1,masked
0.1790721118450164,0.0364798493683338,1.3936009407043457,0.0295296311378479,0.0279193930327892,0.3830118477344513,1403,4264.332384334004,2.4200985431671143,1,masked
0.2525570094585418,0.0847844034433364,1.626502513885498,0.0497658289968967,0.0145757282152771,0.9953757524490356,1404,4267.426254619029,2.419678211212158,1,masked
0.3299642503261566,0.1909177899360656,1.3620566129684448,0.0272759906947612,0.0113197099417448,0.777376115322113,1405,4270.677671974991,2.419146776199341,1,masked
0.2746123373508453,0.1001579836010932,1.6994057893753052,0.0435036458075046,0.0163400992751121,0.6605344414710999,1406,4273.871225807001,2.417954921722412,1,masked
0.3068110942840576,0.1467598378658294,1.5585119724273682,0.0382276326417923,0.0377259030938148,0.9037722945213318,1407,4276.891644652991,2.417243003845215,1,masked
0.4566091299057007,0.1996479034423828,2.4640212059021,0.0964305400848388,0.0916072428226471,0.9529086351394652,1408,4279.719615771028,2.4167346954345703,0,masked
0.2427199035882949,0.0867108106613159,1.5324463844299316,0.0244852229952812,0.0315929055213928,0.7134379744529724,1409,4282.979494858009,2.416328191757202,1,masked
0.2168263494968414,0.0678648650646209,1.4633373022079468,0.0238240752369165,0.0245334580540657,0.4380443692207336,1410,4286.017155507987,2.416043758392334,1,masked
0.2878168523311615,0.1288550645112991,1.5508357286453247,0.0366530790925025,0.0212909411638975,0.7290916442871094,1411,4288.816731347004,2.4157066345214844,1,masked
0.2829556763172149,0.1451507061719894,1.3494232892990112,0.0261226780712604,0.0250387508422136,0.7620424032211304,1412,4291.66204811004,2.4154038429260254,1,masked
0.2409189194440841,0.0800578892230987,1.5642952919006348,0.0390979498624801,0.0521704852581024,0.7290849089622498,1413,4294.561147909029,2.415149450302124,1,masked
0.2488769292831421,0.111180692911148,1.3486483097076416,0.0275262668728828,0.0078772092238068,0.6155290007591248,1414,4297.172653774032,2.4150378704071045,1,masked
0.1725699007511139,0.026235369965434,1.4332025051116943,0.0283096153289079,0.0183317232877016,0.655745804309845,1415,4299.1697783190175,2.414987087249756,1,masked
0.2701906859874725,0.1036992743611335,1.629568338394165,0.0294827483594417,0.0586310438811779,0.8498097062110901,1416,4301.15558026504,2.414716482162476,1,masked
0.2389891296625137,0.0831734463572502,1.5167406797409058,0.0377893336117267,0.0362651646137237,0.7253941297531128,1417,4303.987970322021,2.4143640995025635,1,masked
0.2760174870491028,0.1252788305282592,1.4770786762237549,0.0286013763397932,0.0170673746615648,0.5403635501861572,1418,4306.713918454014,2.4142000675201416,1,masked
0.2080785185098648,0.0571635589003562,1.477562427520752,0.0283697471022605,0.0321747958660125,0.5737575888633728,1419,4308.671592822007,2.41416597366333,1,masked
0.2111780047416687,0.0431196652352809,1.6388994455337524,0.0375744178891181,0.0410956852138042,0.5625668168067932,1420,4311.3586253999965,2.4141950607299805,1,masked
0.3675244152545929,0.2031468003988266,1.611488699913025,0.0296759717166423,0.0261191055178642,1.9011173248291016,1421,4314.170829572016,2.414240598678589,1,masked
0.3239831328392029,0.1582614779472351,1.624060034751892,0.0310359541326761,0.0212054308503866,0.977243959903717,1422,4317.155861899024,2.414116382598877,1,masked
0.1470407247543335,0.0322689488530159,1.1310020685195925,0.0152716180309653,0.0144417732954025,0.4795140624046325,1423,4319.880548721994,2.414958000183105,1,masked
0.2739607691764831,0.1344393044710159,1.3658937215805054,0.0273944400250911,0.0192644540220499,0.8224974274635315,1424,4322.491341199027,2.4156744480133057,1,masked
0.4262109696865082,0.261637270450592,1.599992752075195,0.0421005599200725,0.0364361703395843,2.2883293628692627,1425,4325.4365085990285,2.416382312774658,1,masked
0.3622471988201141,0.1574749201536178,1.9812867641448972,0.0593696124851703,0.0706645026803016,0.9238753914833068,1426,4328.16434473102,2.4170081615448,1,masked
0.2226325571537017,0.0642368197441101,1.5473449230194092,0.0350276120007038,0.0158479753881692,1.180336594581604,1427,4330.89627758303,2.417588233947754,1,masked
0.3887266218662262,0.2127010524272918,1.7166008949279783,0.0395444631576538,0.0411045476794242,0.814148485660553,1428,4333.9003220600425,2.4180235862731934,1,masked
0.2183669805526733,0.082905001938343,1.3232659101486206,0.030054559931159,0.0129941133782267,0.690319299697876,1429,4337.158876831003,2.4183948040008545,1,masked
0.1819366067647934,0.0348974429070949,1.444380760192871,0.0237342566251754,0.0227677524089813,0.561992883682251,1430,4340.407799673034,2.418846368789673,1,masked
0.2119475454092025,0.0832253023982048,1.2659488916397097,0.020051484927535,0.012220773845911,0.4800500869750976,1431,4343.550944315037,2.4192609786987305,1,masked
0.2348602861166,0.0565021596848964,1.7424860000610352,0.0380463860929012,0.0304885413497686,0.9663640260696412,1432,4346.187139524031,2.419600248336792,1,masked
0.2906892299652099,0.1115170270204544,1.73284113407135,0.0533775761723518,0.0550324209034442,0.6709862947463989,1433,4349.199492090032,2.4199798107147217,1,masked
0.2542638480663299,0.0993030592799186,1.5082778930664062,0.0390172079205513,0.0231298394501209,0.6900144219398499,1434,4351.856874360994,2.42036509513855,1,masked
0.4187785983085632,0.2514327764511108,1.624089002609253,0.0471706353127956,0.0219841469079256,0.6580135822296143,1435,4354.976990657044,2.420682191848755,1,masked
0.2936264872550964,0.1678714603185653,1.238323450088501,0.0175743196159601,0.016524014994502,0.9392648339271544,1436,4357.984711455996,2.4211885929107666,1,masked
0.2614836990833282,0.1244231313467025,1.303065061569214,0.0641215443611145,0.034188188612461,1.1455864906311035,1437,4360.658217435994,2.422008991241455,1,masked
0.2388802766799926,0.1147953644394874,1.2169320583343506,0.0219026301056146,0.020146457478404,0.5466895699501038,1438,4363.439579620026,2.4228689670562744,1,masked
0.3246981501579284,0.1535789668560028,1.677721619606018,0.0306627973914146,0.0280742719769477,1.0329610109329224,1439,4366.058950603998,2.4236690998077397,1,masked
0.2587999403476715,0.1233012229204177,1.32176411151886,0.0318791903555393,0.0134379547089338,0.6473178863525391,1440,4368.726119325031,2.4246652126312256,1,masked
0.2344942837953567,0.0674793347716331,1.6043325662612915,0.045219000428915,0.2059801667928695,0.5851569771766663,1441,4371.433482405031,2.4259517192840576,1,masked
0.2490443140268325,0.0983563140034675,1.466014742851257,0.0369087383151054,0.0395629331469535,0.6586553454399109,1442,4374.324393241026,2.427323579788208,1,masked
0.2147011905908584,0.0642173737287521,1.4610130786895752,0.0397737175226211,0.0405126810073852,0.7427353262901306,1443,4377.035611353989,2.429006338119507,1,masked
0.2355416566133499,0.0742551982402801,1.563237547874451,0.0466555878520011,0.0297131799161434,1.015361785888672,1444,4379.660920533002,2.4304585456848145,1,masked
0.2272316217422485,0.0889007598161697,1.3552879095077517,0.0253156963735818,0.0270483065396547,0.5456057190895081,1445,4382.364685798006,2.431705951690674,1,masked
0.2238990366458892,0.0748899057507515,1.459076166152954,0.0273298844695091,0.0368508845567703,0.5121139883995056,1446,4385.172844318033,2.43279242515564,1,masked
0.2487376630306244,0.1018042862415313,1.433349370956421,0.033980406820774,0.0200366917997598,0.7413605451583862,1447,4387.79521548003,2.4336166381835938,1,masked
0.2523220181465149,0.0883454605937004,1.5904706716537476,0.045010183006525,0.0428475104272365,0.4464024901390075,1448,4390.925970637007,2.434429168701172,1,masked
0.2117218971252441,0.0551037080585956,1.5204260349273682,0.0415384992957115,0.0421730168163776,0.6026692390441895,1449,4394.046102397027,2.435223340988159,1,masked
0.26837819814682,0.1199569776654243,1.4477758407592771,0.0310252401977777,0.0541146397590637,0.8588722944259644,1450,4397.25431311602,2.436058759689331,1,masked
0.2478277832269668,0.1012229695916175,1.4346482753753662,0.0296128671616315,0.0178694892674684,0.5934515595436096,1451,4400.375108220032,2.436737298965454,1,masked
0.2176486253738403,0.0767003744840622,1.3891866207122805,0.017970023676753,0.0232600457966327,0.4469890594482422,1452,4403.454650842003,2.4372365474700928,1,masked
0.2378691136837005,0.0956876948475837,1.3824577331542969,0.0357040986418724,0.0365221090614795,0.6938181519508362,1453,4406.58187905699,2.437854766845703,1,masked
0.2072874307632446,0.0422562733292579,1.6179242134094238,0.0301028732210397,0.0228429920971393,0.5322842597961426,1454,4409.682502815034,2.4385526180267334,1,masked
0.2454404681921005,0.0833887606859207,1.5817441940307615,0.0358869656920433,0.0288598574697971,0.9031943082809448,1455,4413.023461565026,2.4393908977508545,1,masked
0.2657297551631927,0.1288697272539138,1.348366618156433,0.0185177568346261,0.0171579923480749,0.5989773273468018,1456,4416.475509197044,2.440169334411621,1,masked
0.3549858331680298,0.099100761115551,2.47259259223938,0.0787673592567443,0.074908547103405,1.7642405033111572,1457,4419.722903045011,2.440729856491089,0,masked
0.3009844720363617,0.1623435020446777,1.360167384147644,0.0241236574947834,0.0211869738996028,0.7790024280548096,1458,4422.674678899988,2.441039562225342,1,masked
0.2228029817342758,0.0718273967504501,1.47515869140625,0.0326326265931129,0.0196445062756538,0.4114841818809509,1459,4426.001944245014,2.441081523895264,1,masked
0.315911203622818,0.1731755137443542,1.3974990844726562,0.0272229146212339,0.0263507813215255,0.7956433892250061,1460,4429.009360811033,2.4408187866210938,1,masked
0.2345173358917236,0.0551101565361022,1.738367199897766,0.0526970401406288,0.0300764814019203,0.6342759728431702,1461,4432.13285675901,2.44055700302124,1,masked
0.2122942954301834,0.0711927041411399,1.3873467445373535,0.0217928811907768,0.0187632553279399,0.6374097466468811,1462,4435.16667923599,2.440234661102295,1,masked
0.3415260314941406,0.1993721276521682,1.390605330467224,0.0297273881733417,0.0120624769479036,0.7979943752288818,1463,4438.053431848006,2.439997911453247,1,masked
0.3878015875816345,0.2400581389665603,1.448673963546753,0.0272004082798957,0.0156005481258034,0.6992978453636169,1464,4440.794108454022,2.4400079250335693,1,masked
0.2516380548477173,0.1182043701410293,1.3111692667007446,0.0214157588779926,0.0175183285027742,0.7285821437835693,1465,4443.752711639041,2.440025806427002,1,masked
0.2611238062381744,0.1146181523799896,1.4330567121505735,0.029263125732541,0.0273634120821952,0.6155690550804138,1466,4446.734437394014,2.440095901489258,1,masked
0.2350871860980987,0.0809652134776115,1.518350601196289,0.0202254522591829,0.0264350064098835,0.3867430686950683,1467,4449.951272523031,2.4401063919067383,1,masked
0.2446887195110321,0.0814962238073349,1.5823076963424685,0.0460317432880401,0.0358558483421802,0.9954490065574646,1468,4452.90160909103,2.439882755279541,1,masked
0.2242383062839508,0.0906718149781227,1.3097504377365112,0.0237555280327796,0.0215881839394569,0.8906306028366089,1469,4455.305018988031,2.439724922180176,1,masked
0.1798795759677887,0.0405172146856784,1.3673704862594604,0.0243438724428415,0.0190924648195505,0.4279703795909881,1470,4458.060377690999,2.4396116733551025,1,masked
0.1913170963525772,0.0610506348311901,1.2787480354309082,0.020176338031888,0.0374026969075202,0.4219467937946319,1471,4460.980122676992,2.439683675765991,1,masked
0.2436163872480392,0.0804122611880302,1.5933494567871094,0.0357894450426101,0.0290235113352537,0.7528601884841919,1472,4463.939201911038,2.43947434425354,1,masked
0.2541592121124267,0.0971230193972587,1.5295692682266235,0.0380963869392871,0.0269645992666482,0.6846376061439514,1473,4466.346825617016,2.439159154891968,1,masked
0.2873243689537048,0.1359196752309799,1.4790747165679932,0.0325965359807014,0.0237542763352394,0.7681512236595154,1474,4468.7927335710265,2.4390499591827397,1,masked
0.2559655308723449,0.1233715415000915,1.2980746030807495,0.0270620733499526,0.0080280946567654,0.6729015707969666,1475,4471.75077405601,2.439027070999145,1,masked
0.2732968926429748,0.1083425432443618,1.6191850900650024,0.028309179469943,0.0204912889748811,0.9692983031272888,1476,4474.716067710018,2.439182758331299,1,masked
0.1864488273859024,0.0618408620357513,1.2236065864562988,0.0204261243343353,0.0204689353704452,0.3479521572589874,1477,4477.6886206460185,2.439206123352051,1,masked
0.2772776484489441,0.1086503639817237,1.6527155637741089,0.0306044146418571,0.0295275710523128,0.7061366438865662,1478,4480.421068260039,2.439204692840576,1,masked
0.3606863617897033,0.2178496420383453,1.3958452939987185,0.0304122511297464,0.0210979171097278,0.6567497849464417,1479,4483.389066250995,2.439192533493042,1,masked
0.3685411810874939,0.0948590412735939,2.621433019638061,0.1016522645950317,0.1373603343963623,0.909333348274231,1480,4486.138620771992,2.43958067893982,0,masked
0.2707822918891907,0.1106240972876548,1.5666614770889282,0.0326395593583583,0.0228090994060039,0.819940984249115,1481,4488.836890553008,2.4393744468688965,1,masked
0.1964320093393325,0.0459259450435638,1.4722440242767334,0.03080396912992,0.0201266855001449,0.658146858215332,1482,4491.47258743603,2.4388489723205566,1,masked
0.2489417046308517,0.1117350161075592,1.338962197303772,0.0288576520979404,0.0424707867205143,0.5184270739555359,1483,4494.413295412029,2.438338041305542,1,masked
0.2111259847879409,0.0813521891832351,1.2719441652297974,0.0242693573236465,0.0152424667030572,0.7682546973228455,1484,4497.047231691016,2.437899112701416,1,masked
0.2093747407197952,0.072629377245903,1.337416410446167,0.0267449021339416,0.032923188060522,0.4509505927562713,1485,4499.909339236037,2.437610387802124,1,masked
0.3379849791526794,0.2002127766609192,1.354570746421814,0.0215085074305534,0.016430627554655,0.6630830764770508,1486,4502.188208003994,2.4372403621673584,1,masked
0.2543071210384369,0.0844046622514724,1.6583127975463867,0.0381442382931709,0.0256752073764801,0.7680912613868713,1487,4505.095397296012,2.437164068222046,1,masked
0.2244523763656616,0.0833236500620842,1.3820219039916992,0.0277701094746589,0.0149530386552214,0.4598770439624786,1488,4508.576307270036,2.436608076095581,1,masked
0.2449423968791961,0.1062453985214233,1.3595857620239258,0.0249815322458744,0.0240266434848308,0.3855128586292267,1489,4511.722950235999,2.436166524887085,1,masked
0.2157047688961029,0.0667028054594993,1.4596614837646484,0.0295829754322767,0.0077520022168755,0.6292628645896912,1490,4514.866503107012,2.4357593059539795,1,masked
0.2252563834190368,0.0987120568752288,1.2435976266860962,0.020875971764326,0.0096953278407454,0.5527142882347107,1491,4518.051238420012,2.435504913330078,1,masked
0.2087164521217346,0.03440498188138,1.7016428709030151,0.0387990437448024,0.0267261248081922,1.0847657918930054,1492,4521.465941291011,2.435023784637451,1,masked
0.2564533948898315,0.1052250638604164,1.48752760887146,0.021810982376337,0.0294479671865701,0.4821057319641113,1493,4524.610307288007,2.434620141983032,1,masked
0.386422336101532,0.0976496934890747,2.784335136413574,0.095701590180397,0.0768996775150299,1.3992263078689575,1494,4527.588863022043,2.43544340133667,0,masked
0.204337939620018,0.0659950897097587,1.3636300563812256,0.0166629236191511,0.0313548259437084,0.4324557483196258,1495,4530.770521977043,2.4356913566589355,1,masked
0.2412793934345245,0.0816069543361663,1.562345266342163,0.0334054417908191,0.0097340745851397,0.690660834312439,1496,4534.097109896014,2.43593692779541,1,masked
0.4464567601680755,0.1757092773914337,2.5900378227233887,0.109708271920681,0.0772883147001266,0.9205660223960876,1497,4537.344974717009,2.435642719268799,0,masked
0.2447179853916168,0.0947849228978157,1.466178059577942,0.0310657136142253,0.0208702888339757,0.537288248538971,1498,4540.834678321029,2.4354796409606934,1,masked
0.2049546688795089,0.0683902874588966,1.3392055034637451,0.0242141094058752,0.0222420208156108,0.5369120240211487,1499,4544.378998622007,2.4353573322296143,1,masked
0.3367260694503784,0.1836886256933212,1.4945634603500366,0.0331138968467712,0.026965707540512,1.4059491157531738,1500,4547.859727465024,2.4361565113067627,1,masked
0.2467713952064514,0.0954962149262428,1.4830607175827026,0.0276364982128143,0.0205459669232368,1.0147995948791504,1501,4551.395718835003,2.436931133270264,1,masked
0.2113878726959228,0.0735435709357261,1.3522906303405762,0.0241201613098382,0.020321374759078,0.4196633994579315,1502,4554.875935068005,2.437731981277466,1,masked
0.2178996801376342,0.0899932160973548,1.2576289176940918,0.0197685360908508,0.0166715458035469,0.5250371098518372,1503,4558.391832682013,2.43845272064209,1,masked
0.2694055736064911,0.114350289106369,1.5179986953735352,0.030954236164689,0.0160019695758819,0.5679745078086853,1504,4562.034882976033,2.4390366077423096,1,masked
0.3104313611984253,0.171518325805664,1.3622435331344604,0.0248465240001678,0.0204048529267311,0.5187456607818604,1505,4565.534153332992,2.439490556716919,1,masked
0.2271667420864105,0.0708664134144783,1.5315998792648315,0.030118191614747,0.0128499008715152,0.7190245985984802,1506,4568.996696258022,2.4398458003997803,1,masked
0.3249836564064026,0.1754818856716156,1.4595202207565308,0.0339807197451591,0.015170169994235,0.5588565468788147,1507,4572.449888848991,2.4401097297668457,1,masked
0.4367135465145111,0.1718638092279434,2.547332286834717,0.0906247124075889,0.1053998693823814,0.9394732117652892,1508,4575.83998270001,2.44071102142334,0,masked
0.205985277891159,0.064459778368473,1.3832486867904663,0.0307466425001621,0.0125994775444269,0.6408362984657288,1509,4579.37780067604,2.441288471221924,1,masked
0.2927993834018707,0.143789991736412,1.4628170728683472,0.0240811500698328,0.0319559946656227,0.4877476990222931,1510,4582.86138662399,2.4415853023529053,1,masked
0.3998093605041504,0.1308650374412536,2.606773376464844,0.069583922624588,0.1308599859476089,0.9397193193435668,1511,4586.069476720004,2.4421186447143555,0,masked
0.2473716139793396,0.0947301834821701,1.490039944648743,0.0337358228862285,0.0263854265213012,0.5043224692344666,1512,4589.55893695401,2.442388772964477,1,masked
0.2124882936477661,0.0610253736376762,1.4789730310440063,0.0337798930704593,0.0187637861818075,0.5658254623413086,1513,4593.223070326028,2.442873477935791,1,masked
0.3146926760673523,0.1734340190887451,1.3843485116958618,0.0251817796379327,0.0305625461041927,1.183754801750183,1514,4596.711610068043,2.443432569503784,1,masked
0.3835672438144684,0.1259430646896362,2.507297992706299,0.0601707473397254,0.0877299234271049,0.6524561047554016,1515,4599.675314844993,2.444321393966675,0,masked
0.2190702110528946,0.0815190002322197,1.3496648073196411,0.0222598984837532,0.035873707383871,0.5035409927368164,1516,4602.748450982035,2.445356130599976,1,masked
0.4727308452129364,0.2193053066730499,2.431185722351074,0.0946719944477081,0.0839739143848419,1.230047345161438,1517,4605.483968543995,2.447312593460083,0,masked
0.200287252664566,0.0485556609928607,1.485641598701477,0.0295425876975059,0.0213155560195446,0.7120327353477478,1518,4608.092957310029,2.4491686820983887,1,masked
0.1811800897121429,0.0423263348639011,1.355130910873413,0.0314715765416622,0.0193495452404022,0.4451896846294403,1519,4610.712923748011,2.450847864151001,1,masked
0.2238393425941467,0.0785360485315322,1.4240953922271729,0.0270611569285392,0.0187613703310489,0.4953839480876922,1520,4613.667055874015,2.452588558197021,1,masked
0.2450688779354095,0.0954795777797699,1.460019826889038,0.0316312685608863,0.0424184016883373,0.6256871223449707,1521,4616.796651381999,2.454031467437744,1,masked
0.2775247097015381,0.13543002307415,1.3951694965362549,0.0240079890936613,0.0176928043365478,0.6278408169746399,1522,4619.611517104029,2.455358028411865,1,masked
0.3755214512348175,0.1096856594085693,2.5454883575439453,0.1032395884394645,0.0963010936975479,0.9714608788490297,1523,4622.411449940002,2.457090377807617,0,masked
0.2579977810382843,0.1175705567002296,1.3810887336730957,0.0216521900147199,0.0153101151809096,0.6719884276390076,1524,4625.359144082991,2.458754301071167,1,masked
0.2169701009988784,0.0528456754982471,1.6047738790512085,0.0335368104279041,0.0293366648256778,0.9532195329666138,1525,4628.345847176039,2.4606003761291504,1,masked
0.1747891157865524,0.0433519445359706,1.285272240638733,0.0268445089459419,0.0225481260567903,0.3802416026592254,1526,4631.275259654038,2.4625823497772217,1,masked
0.3630997836589813,0.2138755768537521,1.4713547229766846,0.0175099559128284,0.0337723121047019,0.6815100312232971,1527,4634.51589436701,2.464317798614502,1,masked
0.165895327925682,0.0269429050385952,1.366726994514465,0.0211601890623569,0.0163687542080879,0.4024920165538788,1528,4637.131956748024,2.46586012840271,1,masked
0.2020468264818191,0.0393594354391098,1.5951721668243408,0.0278546065092086,0.0384672656655311,0.5669295191764832,1529,4639.311813367996,2.467357635498047,1,masked
0.2832722067832947,0.149452805519104,1.3118776082992554,0.0239805541932582,0.0233584735542535,0.5093481540679932,1530,4642.502338804014,2.468735218048096,1,masked
0.2929359972476959,0.1452066451311111,1.4616007804870603,0.0127435578033328,0.0294922869652509,0.6344910264015198,1531,4645.485471700027,2.469953775405884,1,masked
0.1549472957849502,0.0344143770635128,1.1866923570632937,0.0169827956706285,0.0165406242012977,0.3533467650413513,1532,4648.304725786031,2.471086025238037,1,masked
0.1793874204158783,0.0634602084755897,1.1368122100830078,0.0215251184999942,0.0093464637175202,0.4178504645824432,1533,4651.27522630099,2.472163677215576,1,masked
0.1787614822387695,0.0353600978851318,1.403697848320007,0.0274846330285072,0.0283126942813396,0.6477248668670654,1534,4654.504124431987,2.473158597946167,1,masked
0.2096073627471923,0.0754362493753433,1.319084644317627,0.0200116280466318,0.0261495485901832,0.3681876361370086,1535,4657.240660573007,2.473987102508545,1,masked
0.3857022523880005,0.1041688174009323,2.719104766845703,0.0871925055980682,0.0903699100017547,0.8867797255516052,1536,4659.830554210988,2.475146532058716,0,masked
0.23430697619915,0.0882145687937736,1.4278128147125244,0.0295830201357603,0.0352829098701477,0.3920559883117676,1537,4662.807165273989,2.476416826248169,1,masked
0.2388726770877838,0.0930750742554664,1.4244259595870972,0.0306068509817123,0.0294320173561573,0.5164589285850525,1538,4666.017607544025,2.477712869644165,1,masked
0.1910232901573181,0.0762031450867652,1.130245566368103,0.016668152064085,0.0128773022443056,0.6157017350196838,1539,4668.964789342019,2.47886323928833,1,masked
0.21092189848423,0.0667564049363136,1.4162975549697876,0.0236214864999055,0.0173600614070892,0.9950489401817322,1540,4671.961777251039,2.479905605316162,1,masked
0.5774174928665161,0.310462474822998,2.577613115310669,0.087146371603012,0.0479082092642784,1.3029422760009766,1541,4674.680039922998,2.4806432723999023,0,masked
0.2759261131286621,0.154729813337326,1.1895314455032349,0.0198058877140283,0.0262580215930938,0.5125102400779724,1542,4677.651046112995,2.4813826084136963,1,masked
0.3404713869094848,0.1966088116168975,1.4044593572616575,0.0307123940438032,0.0345372073352336,0.7472237348556519,1543,4680.749835215043,2.4817943572998047,1,masked
0.178750604391098,0.0585759356617927,1.180353045463562,0.0199116040021181,0.0148205058649182,0.3838046789169311,1544,4683.673099954031,2.482133150100708,1,masked
0.3229178190231323,0.1788543611764907,1.4119564294815063,0.0260662976652383,0.0261240042746067,0.738434374332428,1545,4686.696227876004,2.482103109359741,1,masked
0.199310302734375,0.0526434071362018,1.430866003036499,0.0345755591988563,0.012270962819457,0.7136263251304626,1546,4689.706269945018,2.482109785079956,1,masked
0.2072720229625702,0.0856277644634246,1.1937190294265747,0.0212298575788736,0.0149374119937419,0.5810722708702087,1547,4692.979496529035,2.482124328613281,1,masked
0.2412729561328888,0.0734003782272338,1.6273772716522217,0.0461336821317672,0.0521504841744899,0.7941997051239014,1548,4696.054895412992,2.482149362564087,1,masked
0.3931204378604889,0.1381277740001678,2.468092441558838,0.0774385407567024,0.0439590066671371,1.0464822053909302,1549,4698.874059777008,2.481930494308472,0,masked
0.1984821557998657,0.0484844259917736,1.4567081928253174,0.0414277799427509,0.01841352134943,0.6847692728042603,1550,4701.925488470006,2.481796264648437,1,masked
0.2083960026502609,0.0570510886609554,1.4782745838165283,0.0320489443838596,0.0312564522027969,0.4307711720466614,1551,4705.106622368039,2.4812982082366943,1,masked
0.2398512363433838,0.0881608948111534,1.4885849952697754,0.0256353914737701,0.0268297139555215,0.993311882019043,1552,4708.087196500041,2.4804956912994385,1,masked
0.1967282742261886,0.0542894415557384,1.3930511474609375,0.0293601267039775,0.0197712015360593,0.5934502482414246,1553,4711.068809241988,2.4795339107513428,1,masked
0.2151745408773422,0.083724670112133,1.2813256978988647,0.0274525806307792,0.0572040155529975,0.5557270050048828,1554,4714.80448486103,2.4790828227996826,1,masked
0.1808658093214035,0.0461917296051979,1.3205702304840088,0.0247073639184236,0.014633372426033,0.398549735546112,1555,4718.340165364032,2.478919267654419,1,masked
0.2683015167713165,0.1184881553053855,1.4637526273727417,0.0323735512793064,0.0200759898871183,0.7102015018463135,1556,4721.502331683994,2.478655338287353,1,masked
0.1803444623947143,0.0267586223781108,1.5084599256515503,0.0243866611272096,0.0301179997622966,0.4883258044719696,1557,4724.46608204802,2.478734970092773,1,masked
0.3215585350990295,0.1894056349992752,1.2984464168548584,0.0223144181072711,0.0076787043362855,0.8473753333091736,1558,4727.497140619031,2.478759527206421,1,masked
0.2079603224992752,0.046518437564373,1.5817933082580566,0.0302915833890438,0.0233413521200418,0.904721200466156,1559,4730.461637006025,2.4789247512817383,1,masked
0.2903770506381988,0.1334873735904693,1.5333611965179443,0.0333302691578865,0.0220516510307788,1.0485888719558716,1560,4733.078540341987,2.4786276817321777,1,masked
0.176114946603775,0.0353126153349876,1.3821709156036377,0.0238786283880472,0.0197382010519504,0.5582389235496521,1561,4735.2264580780175,2.478253126144409,1,masked
0.2186969667673111,0.0625434815883636,1.5180867910385132,0.0418450832366943,0.0160289034247398,0.6596481204032898,1562,4737.875015499012,2.4779179096221924,1,masked
0.2577192485332489,0.0941406339406967,1.5950958728790283,0.0392915569245815,0.0139865530654788,0.5656757354736328,1563,4740.747941265989,2.477827787399292,1,masked
0.1583482027053833,0.0321345515549182,1.2396693229675293,0.0218415074050426,0.006255576852709,0.5846719145774841,1564,4743.925140536041,2.477771520614624,1,masked
0.2066150903701782,0.067874863743782,1.3611215353012085,0.0241136606782674,0.0216723028570413,0.5250325798988342,1565,4746.960031806026,2.4778177738189697,1,masked
0.2320080548524856,0.0686770901083946,1.5914838314056396,0.0401392988860607,0.0168639663606882,0.5192064642906189,1566,4749.944650160032,2.478081703186035,1,masked
0.1909215003252029,0.034995075315237,1.5264055728912354,0.0307425092905759,0.021161500364542,0.587047278881073,1567,4752.9480860950425,2.4777231216430664,1,masked
0.2114900797605514,0.0740722268819809,1.3465428352355957,0.0262093730270862,0.0142604913562536,0.6585263609886169,1568,4756.1573517009965,2.477487087249756,1,masked
0.2173671871423721,0.0647905692458152,1.486235499382019,0.037664882838726,0.0186575334519147,0.9171571135520936,1569,4759.313867585035,2.477405309677124,1,masked
0.1813587248325348,0.0386589616537094,1.4068973064422607,0.0177965350449085,0.0230397544801235,0.5125913023948669,1570,4762.505622280994,2.477722406387329,1,masked
0.2680683434009552,0.1098896041512489,1.5437397956848145,0.0348990745842456,0.0314837470650672,0.6486464142799377,1571,4765.472799511044,2.47810173034668,1,masked
0.5458765029907227,0.4012857973575592,1.4183955192565918,0.0246969740837812,0.0281411483883857,1.2886433601379397,1572,4768.9438745810185,2.4786806106567383,1,masked
0.2492743283510208,0.1122442558407783,1.348923683166504,0.0188463386148214,0.0253070350736379,0.5405561327934265,1573,4772.141992432007,2.4788477420806885,1,masked
0.2228639423847198,0.0806182324886322,1.3967167139053345,0.0247133690863847,0.010270070284605,0.5402846932411194,1574,4775.314535896003,2.4787087440490723,1,masked
0.3284117877483368,0.0990694463253021,2.2060158252716064,0.0792488753795623,0.0815867707133293,0.7904708385467529,1575,4778.315976663027,2.478670358657837,0,masked
0.377538651227951,0.2400186210870742,1.353524923324585,0.018810000270605,0.028652898967266,0.711388349533081,1576,4781.626294034999,2.4786219596862797,1,masked
0.3191872537136078,0.1611301898956298,1.534218192100525,0.0426358953118324,0.0371648669242858,0.6605473160743713,1577,4784.7757157000015,2.478614330291748,1,masked
0.203201338648796,0.0526357367634773,1.4715023040771484,0.0329988561570644,0.0115487407892942,0.4420620799064636,1578,4787.958653277019,2.478562831878662,1,masked
0.2118274271488189,0.0382494144141674,1.7008816003799438,0.0307421144098043,0.0415637232363224,0.5666595101356506,1579,4791.706811229989,2.478393316268921,1,masked
0.2971422672271728,0.0764286071062088,2.138600826263428,0.0630466341972351,0.0548927821218967,0.5909500122070312,1580,4794.850446489989,2.478445053100586,0,masked
0.219620794057846,0.0693646147847175,1.4720828533172607,0.0283851269632577,0.0209375284612178,0.7223802804946899,1581,4797.899612120003,2.4783477783203125,1,masked
0.2475448548793792,0.1068490371108055,1.3811054229736328,0.0240338984876871,0.0181890614330768,0.5443788170814514,1582,4801.14226708404,2.47837233543396,1,masked
0.288750559091568,0.1538120508193969,1.3238167762756348,0.0242060013115406,0.0136205945163965,0.5423458218574524,1583,4804.123754931032,2.478426933288574,1,masked
0.2362657636404037,0.0854825228452682,1.4812209606170654,0.0244357660412788,0.0217572655528783,0.4925771355628967,1584,4807.297313621035,2.47939133644104,1,masked
0.5357428193092346,0.3837668597698211,1.490591287612915,0.0264388490468263,0.0272895283997058,1.6910866498947144,1585,4810.254637815,2.480072259902954,1,masked
0.1881732493638992,0.0527346581220626,1.327138066291809,0.0250413157045841,0.0220654532313346,0.5825304985046387,1586,4813.222012470011,2.480933427810669,1,masked
0.2351748049259185,0.0960109904408454,1.3596720695495603,0.0296429842710495,0.023231603205204,0.6083178520202637,1587,4816.297405966034,2.4817190170288086,1,masked
0.2173061221837997,0.0634792894124984,1.5045603513717651,0.0324444398283958,0.0126364836469292,1.186463713645935,1588,4819.695282928005,2.4823668003082275,1,masked
0.1973873525857925,0.0640856996178627,1.3064173460006714,0.0255348533391952,0.0106437383219599,0.8248597383499146,1589,4822.656053377024,2.48147964477539,1,masked
0.2142042219638824,0.0854061841964721,1.2640453577041626,0.0220201797783374,0.0191485043615102,0.4010195136070251,1590,4825.764307592006,2.480530977249145,1,masked
0.2372158914804458,0.0958391055464744,1.3888235092163086,0.0235564820468425,0.013877822086215,0.7584748864173889,1591,4828.832283333002,2.479661703109741,1,masked
0.3161148428916931,0.1529437899589538,1.594640851020813,0.0344150438904762,0.0265475027263164,0.7167447805404663,1592,4832.021199960029,2.4789867401123047,1,masked
0.4200637638568878,0.1811517179012298,2.3016762733459477,0.0758994221687316,0.1154504418373107,1.5752698183059692,1593,4835.080555399996,2.477723360061645,0,masked
0.3396738171577453,0.1813406646251678,1.5456093549728394,0.0337920598685741,0.0393022559583187,0.6797446608543396,1594,4838.047209717042,2.476919174194336,1,masked
0.2505910396575928,0.1126090437173843,1.3555747270584106,0.0229400191456079,0.0130530558526515,0.6446733474731445,1595,4840.991168754001,2.476198434829712,1,masked
0.3189651370048523,0.1446131467819214,1.6926279067993164,0.0450851805508136,0.0580699928104877,0.8153423070907593,1596,4844.036512706021,2.4754209518432617,1,masked
0.2427709102630615,0.1010175794363021,1.3871800899505615,0.0269564054906368,0.0339669845998287,0.5698995590209961,1597,4847.217772314034,2.4749948978424072,1,masked
0.2543798387050628,0.0930599346756935,1.5791248083114624,0.0331328250467777,0.0094146858900785,0.8102774024009705,1598,4850.360803346033,2.4743826389312744,1,masked
0.17401222884655,0.0370945669710636,1.3462780714035034,0.0210344530642032,0.0186412651091814,0.6740016341209412,1599,4853.494322696992,2.473931312561035,1,masked
0.2285258024930954,0.083162821829319,1.4246259927749634,0.0269265733659267,0.0207698214799165,0.5938973426818848,1600,4856.719585898041,2.47385048866272,1,masked
0.1989271938800811,0.0644898191094398,1.3199796676635742,0.0223455484956502,0.0204848125576972,0.4654782116413116,1601,4859.818462024035,2.473829507827759,1,masked
0.1966591924428939,0.0611525177955627,1.3286547660827637,0.023977342993021,0.0243446603417396,0.5726996064186096,1602,4862.804912319989,2.47378158569336,1,masked
0.3071589767932892,0.1735844016075134,1.3109195232391355,0.0227080788463354,0.0211796164512634,0.3726063072681427,1603,4865.9135427270085,2.473641157150269,1,masked
0.197495236992836,0.0600902698934078,1.350393533706665,0.0207747854292392,0.0288127642124891,0.4566006958484649,1604,4868.864842462994,2.4735498428344727,1,masked
0.1830364167690277,0.0445294007658958,1.3560727834701538,0.0272706113755702,0.0172673538327217,0.4558975398540497,1605,4871.707223628997,2.473613977432251,1,masked
0.2557618319988251,0.1116110160946846,1.4228496551513672,0.0166362468153238,0.0202209316194057,0.8576627373695374,1606,4874.446852141991,2.473541259765625,1,masked
0.1847129762172699,0.0451986119151115,1.3591482639312744,0.0330477990210056,0.0294747278094291,0.649940013885498,1607,4877.39227886399,2.4734904766082764,1,masked
0.1986941844224929,0.0548871681094169,1.4096431732177734,0.0264193788170814,0.0200754422694444,0.3716856241226196,1608,4880.548526277009,2.4735476970672607,1,masked
0.1757174581289291,0.0319086387753486,1.4088211059570312,0.0270868763327598,0.0218016486614942,0.4140843749046325,1609,4883.472164736013,2.4735100269317627,1,masked
0.2406517416238784,0.0698097646236419,1.68841814994812,0.0174811407923698,0.0252053271979093,0.8008737564086914,1610,4886.200365767989,2.47324800491333,1,masked
0.165220558643341,0.0349153205752372,1.279302000999451,0.0225261244922876,0.0122412024065852,0.4758992493152618,1611,4888.823907959042,2.4739749431610107,1,masked
0.2398426085710525,0.0946336910128593,1.4205502271652222,0.0285442061722278,0.0299483016133308,1.0190821886062622,1612,4891.463767317007,2.47426176071167,1,masked
0.2226543426513672,0.085879661142826,1.3449363708496094,0.0227460525929927,0.000644500774797,0.6688128709793091,1613,4895.023752022011,2.474475622177124,1,masked
0.2366127371788025,0.0747902318835258,1.5792115926742554,0.0359924137592315,0.0302112270146608,0.9315978288650512,1614,4897.978312844993,2.474620819091797,1,masked
0.253108948469162,0.1235589981079101,1.2721004486083984,0.0199925974011421,0.034063272178173,0.5971245765686035,1615,4900.699934537988,2.474557876586914,1,masked
0.1992855072021484,0.0695694386959075,1.2774298191070557,0.0180636048316955,0.0166733413934707,0.5023451447486877,1616,4903.317063355993,2.474642038345337,1,masked
0.1737581938505172,0.0403965003788471,1.304035186767578,0.0283377580344676,0.0124405575916171,0.6850746870040894,1617,4906.028987992031,2.474769353866577,1,masked
0.2063718438148498,0.0624546222388744,1.417643904685974,0.0196482259780168,0.0187999121844768,0.4583201110363006,1618,4908.93251929601,2.474832773208618,1,masked
0.2657220065593719,0.1023797914385795,1.5971617698669434,0.0331264585256576,0.0313379615545272,0.8243628144264221,1619,4911.891251472,2.475022077560425,1,masked
0.3792927861213684,0.2293311357498169,1.468430757522583,0.0295424573123455,0.0164352878928184,0.6451078057289124,1620,4914.507483055,2.475236177444458,1,masked
0.2960191071033478,0.1554464846849441,1.3812342882156372,0.0217059068381786,0.0278592929244041,0.7449206113815308,1621,4917.327069627005,2.4756946563720703,1,masked
0.1771630644798278,0.042881391942501,1.3250763416290283,0.0164660345762968,0.0127427754923701,0.4055428504943847,1622,4920.176901214989,2.475836992263794,1,masked
0.374749481678009,0.1466065198183059,2.207301616668701,0.0684368535876274,0.056907333433628,1.0616284608840942,1623,4922.731838132022,2.474916696548462,0,masked
0.229071170091629,0.0533315539360046,1.7167856693267822,0.0378844738006591,0.0272606965154409,0.7842859625816345,1624,4925.344146985037,2.474395751953125,1,masked
0.2012738436460495,0.0640556290745735,1.3424009084701538,0.028102807700634,0.0167831890285015,0.7400245666503906,1625,4928.141820860037,2.474135637283325,1,masked
0.2346584349870681,0.1070971637964248,1.252832531929016,0.021081244572997,0.0169895738363266,0.4984549880027771,1626,4930.491958185041,2.4740025997161865,1,masked
0.2003699988126754,0.0618459545075893,1.3482784032821655,0.0357008241117,0.0126121155917644,0.7068212032318115,1627,4932.6117414649925,2.473956823348999,1,masked
0.2748559117317199,0.1522547006607055,1.1945990324020386,0.0282158385962247,0.0319724977016449,0.7521563768386841,1628,4935.23486471799,2.4742178916931152,1,masked
0.2175934910774231,0.0627987161278724,1.51957905292511,0.0243764370679855,0.0399232059717178,0.7522386908531189,1629,4937.857207663008,2.4741249084472656,1,masked
0.1726750284433365,0.0445942357182502,1.2574230432510376,0.02188241481781,0.0150263579562306,0.6419718861579895,1630,4940.690785751038,2.474201202392578,1,masked
0.2189435213804245,0.0709894523024559,1.4460065364837646,0.0267510134726762,0.067831240594387,0.6990107893943787,1631,4943.159795855987,2.4745867252349854,1,masked
0.4193322360515594,0.1359822750091552,2.72298526763916,0.1031049937009811,0.074093222618103,1.3764524459838867,1632,4946.106949023029,2.475091457366944,0,masked
0.2666340470314026,0.1399323344230651,1.2421026229858398,0.0224449764937162,0.0246964059770107,0.6420290470123291,1633,4949.069964274997,2.475721597671509,1,masked
0.1948579102754593,0.0680278241634368,1.243586778640747,0.022773690521717,0.0194022506475448,0.702671468257904,1634,4952.252239063033,2.4762566089630127,1,masked
0.3718863427639007,0.1339649856090545,2.307281017303467,0.0668285489082336,0.0510350540280342,1.0464385747909546,1635,4955.039723713999,2.4762682914733887,0,masked
0.1821421235799789,0.0360713526606559,1.4297311305999756,0.0286719985306262,0.0230452306568622,0.5760226845741272,1636,4957.6575955330045,2.476283550262451,1,masked
0.1867207884788513,0.0521361492574214,1.324481725692749,0.0186776630580425,0.0268692690879106,0.5371132493019104,1637,4960.278152697021,2.47632908821106,1,masked
0.2229366302490234,0.0862600058317184,1.3525458574295044,0.0115978941321372,0.0262241158634424,1.0457853078842163,1638,4962.904344281007,2.478190660476685,1,masked
0.3864421546459198,0.2120158672332763,1.682556390762329,0.0493651777505874,0.1234133541584014,1.1571707725524902,1639,4965.807219506998,2.479898452758789,1,masked
0.2807509005069732,0.1120507791638374,1.6415400505065918,0.0430545136332511,0.0240662936121225,0.6290373206138611,1640,4968.424008767004,2.4814791679382324,1,masked
0.2155147641897201,0.0606720633804798,1.5108239650726318,0.032383345067501,0.0521987006068229,0.826875627040863,1641,4971.29882252001,2.4831666946411133,1,masked
0.1845370084047317,0.0614159777760505,1.2121658325195312,0.0178871117532253,0.0115726133808493,0.4198271930217743,1642,4974.389865455043,2.484680652618408,1,masked
0.1820446699857711,0.0395991466939449,1.3915724754333496,0.0316193401813507,0.0126353073865175,0.4714106917381286,1643,4977.454692233005,2.486025810241699,1,masked
0.3402493298053741,0.1884716749191284,1.4804141521453855,0.034745268523693,0.026170602068305,0.7703036665916443,1644,4980.522380404989,2.487323045730591,1,masked
0.2462563812732696,0.0975704714655876,1.4533708095550537,0.0317985825240612,0.0169001091271638,0.5910378098487854,1645,4983.611747231043,2.488440990447998,1,masked
0.1756875962018966,0.0473665297031402,1.2600382566452026,0.0208518579602241,0.0232059266418218,0.4099610149860382,1646,4986.670819547027,2.4894862174987797,1,masked
0.1787919104099273,0.0455131456255912,1.3123009204864502,0.0183328371495008,0.0215381905436515,0.546599805355072,1647,4989.746498620021,2.4901225566864014,1,masked
0.3057547509670257,0.1465071588754654,1.545970439910889,0.0432417653501033,0.0326397791504859,0.6118812561035156,1648,4992.730418526044,2.4910435676574707,1,masked
0.4056771695613861,0.1170063614845275,2.749790668487549,0.1304724514484405,0.0644480511546135,0.5767824053764343,1649,4995.537163881003,2.491493463516236,0,masked
0.2319833189249038,0.0689805299043655,1.5959219932556152,0.0333305597305297,0.0077492431737482,0.6074214577674866,1650,4998.512582274037,2.492006778717041,1,masked
0.2124907076358795,0.0551320537924766,1.5460628271102903,0.0243348143994808,0.0318894758820533,0.5821817517280579,1651,5001.684026909003,2.4924681186676025,1,masked
0.26024329662323,0.1049104258418083,1.5165115594863892,0.0345078371465206,0.0230899080634117,0.583659827709198,1652,5004.886406714039,2.4927971363067627,1,masked
0.209223136305809,0.0581886991858482,1.4741296768188477,0.0347172543406486,0.0149725889787077,0.7365469932556152,1653,5007.861157183012,2.4930968284606934,1,masked
0.2974903285503387,0.146591231226921,1.476845145225525,0.0301415510475635,0.0200425013899803,0.628505527973175,1654,5010.85217221803,2.493342161178589,1,masked
0.1799919009208679,0.0358816608786582,1.4140537977218628,0.0257991775870323,0.0124962162226438,0.3965301811695099,1655,5014.085482072027,2.4936912059783936,1,masked
0.2273125201463699,0.0807293727993965,1.4268165826797483,0.0380863174796104,0.0092861838638782,0.8132681250572205,1656,5017.097817164031,2.494035482406616,1,masked
0.2865875959396362,0.1215278208255767,1.6138168573379517,0.0352625213563442,0.015183643437922,0.5219129920005798,1657,5020.204220612999,2.494375467300415,1,masked
0.2016845792531967,0.0709437578916549,1.2866731882095337,0.0197800267487764,0.0095510315150022,0.4892294704914093,1658,5023.3134137369925,2.494590997695923,1,masked
0.3178773820400238,0.1753650903701782,1.3944696187973022,0.0294087193906307,0.0124474102631211,0.7517065405845642,1659,5026.656102993002,2.494741678237915,1,masked
0.2583781480789184,0.1184896156191825,1.3746066093444824,0.022878136485815,0.0140061769634485,0.7225622534751892,1660,5029.621321808023,2.494806289672852,1,masked
0.2168758511543274,0.0686379671096801,1.4471359252929688,0.0343995578587055,0.0084353080019354,0.474031388759613,1661,5032.765969196043,2.494614362716675,1,masked
0.1940264105796814,0.0526634752750396,1.3832149505615234,0.0266991611570119,0.0371529087424278,0.8361576795578003,1662,5035.940728004032,2.494539499282837,1,masked
0.2482803761959076,0.082537367939949,1.6190450191497805,0.0369877591729164,0.0139731112867593,0.7265725135803223,1663,5038.930611636024,2.494525671005249,1,masked
0.4627271294593811,0.1897860765457153,2.615860939025879,0.1015110686421394,0.1203881725668907,0.7793028354644775,1664,5042.078319808992,2.494309425354004,0,masked
0.2517069876194,0.0790731385350227,1.677872657775879,0.0435904301702976,0.0487520433962345,0.7007877826690674,1665,5045.271856127016,2.4938039779663086,1,masked
0.2148830294609069,0.0784813463687896,1.3376423120498655,0.0243377536535263,0.0203682594001293,0.5518813133239746,1666,5047.894982116995,2.493191957473755,1,masked
0.3686930239200592,0.1019571870565414,2.541351318359375,0.1117052212357521,0.1430176198482513,1.8085100650787356,1667,5050.381009682023,2.4925968647003174,0,masked
0.2497025430202484,0.0986372679471969,1.4769048690795898,0.0320108495652675,0.0173707790672779,0.7879987359046936,1668,5053.220692321018,2.492095708847046,1,masked
0.2140753120183944,0.0685728415846824,1.4269604682922363,0.0246318727731704,0.0343241840600967,0.5749056339263916,1669,5055.945779984992,2.491675853729248,1,masked
0.39762943983078,0.1054240837693214,2.801247358322144,0.1070114225149154,0.1379477083683014,0.849225640296936,1670,5058.385320793022,2.4913570880889893,0,masked
0.1962690353393554,0.075143963098526,1.1904484033584597,0.0192341301590204,0.0156813859939575,0.5718904137611389,1671,5061.593165728031,2.4910824298858643,1,masked
0.1706732809543609,0.0422102063894271,1.2602382898330688,0.0231516826897859,0.0124082481488585,0.5116729140281677,1672,5064.842936325003,2.4909746646881104,1,masked
0.2303575128316879,0.0933413654565811,1.3433024883270264,0.0253088027238845,0.0155026772990822,0.5292425751686096,1673,5067.846987645025,2.4910364151000977,1,masked
0.2506395578384399,0.1035126298666,1.4365434646606443,0.0323010981082916,0.0242443159222602,0.6467775702476501,1674,5071.0374131000135,2.491189479827881,1,masked
0.3105795383453369,0.0671754330396652,2.325031280517578,0.1016459390521049,0.0736350789666175,0.4966721832752228,1675,5073.981428828032,2.491188764572144,0,masked
0.4991513788700104,0.2745768427848816,2.162140369415283,0.0784194767475128,0.0518539361655712,1.5917969942092896,1676,5077.011218355037,2.491744041442871,0,masked
0.2069705873727798,0.0538749620318412,1.4930566549301147,0.0351865589618682,0.0271309986710548,0.5618351101875305,1677,5080.137509667024,2.492323398590088,1,masked
0.1652540564537048,0.0281283091753721,1.341067910194397,0.0284292642027139,0.0176023859530687,0.5117806792259216,1678,5083.305923302018,2.492866516113281,1,masked
0.2848037183284759,0.1395529806613922,1.4245407581329346,0.0256152134388685,0.0235166866332292,0.5259520411491394,1679,5086.023907992989,2.4930195808410645,1,masked
0.2975175976753235,0.1461276113986969,1.4857382774353027,0.0260385628789663,0.0212259609252214,0.5840632319450378,1680,5089.023167170992,2.493186712265014,1,masked
0.2028413265943527,0.0481461659073829,1.5260645151138306,0.0188832245767116,0.0200379379093647,0.4691004753112793,1681,5091.817274301022,2.493002653121948,1,masked
0.2029159069061279,0.0506962351500988,1.5014349222183228,0.0179941430687904,0.027677871286869,0.811888575553894,1682,5094.820931917988,2.491753578186035,1,masked
0.2057300209999084,0.0756310150027275,1.27640962600708,0.0227552894502878,0.0182515960186719,1.6430714130401611,1683,5097.808912119013,2.490487575531006,1,masked
0.2112315893173217,0.0731996968388557,1.3506245613098145,0.0278143212199211,0.0188012011349201,0.490315169095993,1684,5100.779307813034,2.489257574081421,1,masked
0.1638574749231338,0.0206696409732103,1.4080671072006226,0.0206962656229734,0.0311509538441896,0.3669136166572571,1685,5103.972789157997,2.48793888092041,1,masked
0.2518389523029327,0.1062419563531875,1.4261698722839355,0.027637954801321,0.0216208379715681,0.4163434505462646,1686,5107.124863299017,2.4868710041046143,1,masked
0.2004579752683639,0.0517544522881507,1.4596298933029177,0.0251695606857538,0.022357240319252,0.5061723589897156,1687,5110.348407027021,2.485942840576172,1,masked
0.2383979558944702,0.0724259912967681,1.6168104410171509,0.0391274839639663,0.0378168746829032,0.755256175994873,1688,5112.98677038704,2.485189199447632,1,masked
0.1880326122045517,0.0377945899963378,1.468783974647522,0.0314450934529304,0.0215132609009742,0.4776758551597595,1689,5115.761694424029,2.4843695163726807,1,masked
0.227689117193222,0.0966986417770385,1.2859861850738523,0.0223078113049268,0.0161075443029403,0.902118682861328,1690,5117.876492511015,2.483618974685669,1,masked
0.2967341542243957,0.1303581595420837,1.6293137073516846,0.0306032001972198,0.0384264215826988,0.9905204176902772,1691,5120.583569700015,2.483079195022583,1,masked
0.2172674536705017,0.0702035650610923,1.4350004196166992,0.0330293215811252,0.0260910019278526,0.5396133065223694,1692,5123.38450160803,2.4827563762664795,1,masked
0.1852707266807556,0.0406662374734878,1.4148409366607666,0.0297399815171957,0.0146419145166873,0.453987568616867,1693,5126.165042504028,2.482439517974853,1,masked
0.2983048558235168,0.145466461777687,1.4885764122009275,0.0380794666707515,0.0172824449837207,0.6200029850006104,1694,5128.759773513011,2.4823007583618164,1,masked
0.2055817693471908,0.0554467961192131,1.469164252281189,0.0286828000098466,0.0350273437798023,0.5015410780906677,1695,5131.392382101039,2.4822897911071777,1,masked
0.2483783513307571,0.1031183302402496,1.409820795059204,0.0394682772457599,0.0331092663109302,0.667607843875885,1696,5134.498202315008,2.482419967651367,1,masked
0.3179397284984588,0.1391921192407608,1.7486125230789185,0.0374939255416393,0.0136946300044655,0.8062138557434082,1697,5137.757494595018,2.483072280883789,1,masked
0.37248694896698,0.1247884333133697,2.3568739891052246,0.1114364191889762,0.0867474675178527,1.1662827730178833,1698,5139.730233703041,2.4838099479675293,0,masked
0.2040448188781738,0.059488758444786,1.4180395603179932,0.0249292440712451,0.0259185321629047,0.6045054793357849,1699,5142.341660672042,2.484546184539795,1,masked
0.3505948185920715,0.0980639308691024,2.454688549041748,0.0634672194719314,0.0715336799621582,1.220592021942139,1700,5144.77671518299,2.486491203308105,0,masked
0.1798809766769409,0.0384709760546684,1.384619951248169,0.0275250133126974,0.0195505078881979,0.6213288307189941,1701,5147.523413974035,2.488191604614258,1,masked
0.2890575230121612,0.1344874203205108,1.50766921043396,0.0359804965555667,0.0205141827464103,0.6640536785125732,1702,5150.167294916988,2.489745855331421,1,masked
0.4156648516654968,0.1725926250219345,2.351919174194336,0.0731307342648506,0.056725338101387,0.7255111932754517,1703,5152.70981701999,2.491652727127075,0,masked
0.226437970995903,0.0876186937093734,1.36113440990448,0.0246832873672246,0.0237509831786155,0.6445658206939697,1704,5155.309191084001,2.493544816970825,1,masked
0.3361958861351013,0.1897198855876922,1.43309223651886,0.0284843072295188,0.0318316780030727,0.6481061577796936,1705,5157.925877261034,2.495359420776367,1,masked
0.2046504020690918,0.0543394982814788,1.474609136581421,0.0254943259060382,0.0300573371350765,0.6211536526679993,1706,5160.12200338603,2.497098684310913,1,masked
0.1801842302083969,0.0435520969331264,1.3449333906173706,0.0197354275733232,0.0165246538817882,0.518992006778717,1707,5162.726021965034,2.4986681938171387,1,masked
0.2029626667499542,0.0516121536493301,1.4825215339660645,0.0287224221974611,0.0226128175854682,0.428853690624237,1708,5164.868812258996,2.5003232955932617,1,masked
0.3276048898696899,0.1827406734228134,1.4121986627578735,0.0335057154297828,0.0293761044740676,0.820800244808197,1709,5167.721894572023,2.501837015151977,1,masked
0.1741876900196075,0.0373041704297065,1.3323886394500732,0.0334786213934421,0.029680136591196,0.3103899657726288,1710,5170.510064903006,2.503425121307373,1,masked
0.4206224679946899,0.2624299526214599,1.543020725250244,0.0364948399364948,0.0240992866456508,0.6754004955291748,1711,5173.4868287449935,2.5047895908355717,1,masked
0.2505798637866974,0.1050032079219818,1.4257034063339231,0.0278946626931428,0.0216832961887121,0.6014651656150818,1712,5176.118888221041,2.506289482116699,1,masked
0.2791154384613037,0.1266629546880722,1.4924757480621338,0.0297625120729208,0.0228668693453073,0.4994249939918518,1713,5179.147528352041,2.506695032119751,1,masked
0.3724196553230285,0.0895154699683189,2.717071533203125,0.1001597642898559,0.1181014403700828,0.8155862092971802,1714,5181.827546307002,2.507098436355591,0,masked
0.2337962985038757,0.0823147371411323,1.483944296836853,0.0299889724701643,0.00882582180202,0.4216685891151428,1715,5184.77370364801,2.507429599761963,1,masked
0.2417401820421219,0.0944338366389274,1.436323165893555,0.0337379015982151,0.0300238821655511,0.7271308898925781,1716,5187.390237151994,2.5077407360076904,1,masked
0.2598901391029358,0.1212751492857933,1.356266975402832,0.0283583663403987,0.0152449123561382,0.5075048804283142,1717,5190.015275082027,2.5080008506774902,1,masked
0.1757266968488693,0.045709028840065,1.2763818502426147,0.0229686554521322,0.0082615911960601,0.5974239706993103,1718,5193.139204321022,2.5082895755767822,1,masked
0.206081822514534,0.0752650946378707,1.2861106395721436,0.0198050327599048,0.0225155130028724,0.6796017289161682,1719,5195.868757300021,2.508383750915528,1,masked
0.2214728146791458,0.0900374725461006,1.2885990142822266,0.0230837110430002,0.0267067663371562,0.589312732219696,1720,5198.833929075045,2.5084547996521,1,masked
0.2251545637845993,0.0765122026205062,1.4575369358062744,0.0266709737479686,0.0221580006182193,0.6980229020118713,1721,5201.791553680028,2.508439064025879,1,masked
0.4286262989044189,0.1602980196475982,2.589182138442993,0.0821676254272461,0.1193327456712722,0.6043862700462341,1722,5204.767775278015,2.5084481239318848,0,masked
0.2592224478721618,0.1207453683018684,1.3588130474090576,0.0238286107778549,0.021288676187396,0.8535364866256714,1723,5207.38889031799,2.509856700897217,1,masked
0.2326995730400085,0.0778888761997222,1.510992169380188,0.0353447459638118,0.0177000407129526,0.6519564986228943,1724,5209.998386416992,2.511096954345703,1,masked
0.2701382339000702,0.1343227326869964,1.3274983167648315,0.0291726477444171,0.0148377930745482,0.6380324959754944,1725,5212.607093364,2.512195110321045,1,masked
0.5239672660827637,0.2943189442157745,2.2066972255706787,0.080377459526062,0.0940861254930496,0.7983851432800293,1726,5215.384196602041,2.5129716396331787,0,masked
0.2407976537942886,0.0913302153348922,1.4590611457824707,0.033495869487524,0.0211730115115642,0.6392505168914795,1727,5218.196320156043,2.5138185024261475,1,masked
0.219360738992691,0.065042644739151,1.509948968887329,0.0308846049010753,0.0234728753566741,0.5534222722053528,1728,5220.821551862988,2.5143826007843018,1,masked
0.1910195797681808,0.0544229373335838,1.34473717212677,0.019495103508234,0.0173400714993476,0.8364939093589783,1729,5223.43050832703,2.514957904815674,1,masked
0.2026481330394745,0.0730942338705062,1.271639347076416,0.0197002291679382,0.0419943258166313,0.3866799175739288,1730,5226.780202052032,2.5152244567871094,1,masked
0.1949078440666198,0.0603974089026451,1.325021505355835,0.0181139223277568,0.0196895208209753,0.5137768387794495,1731,5229.53666959703,2.515389442443848,1,masked
0.1986839473247528,0.0640995353460311,1.3153163194656372,0.0281416252255439,0.0238645635545253,0.5489075779914856,1732,5232.187750129029,2.516602039337158,1,masked
0.2902900576591491,0.1149827018380165,1.7086563110351562,0.0381247550249099,0.0629206821322441,0.92584890127182,1733,5234.803111074027,2.5176873207092285,1,masked
0.2080935090780258,0.0653195902705192,1.401712417602539,0.024269638583064,0.0175702888518571,0.5017947554588318,1734,5237.433480201988,2.5187971591949463,1,masked
0.2101035863161087,0.097966581583023,1.1081911325454712,0.0119326980784535,0.0124621512368321,0.3923853635787964,1735,5240.219633895031,2.5198888778686523,1,masked
0.2926248908042907,0.1574375331401825,1.3297877311706543,0.0197550784796476,0.0233051553368568,0.5897712707519531,1736,5243.19773290999,2.5207674503326416,1,masked
0.2377401739358902,0.0977303683757782,1.3693283796310425,0.0279055442661046,0.0286426916718482,0.4994532465934753,1737,5245.947433373018,2.521591901779175,1,masked
0.2784753739833832,0.1344377547502517,1.4055761098861694,0.0324122570455074,0.0238810162991285,0.5323790907859802,1738,5248.76099078299,2.522287607192993,1,masked
0.174848273396492,0.0585701689124107,1.1448369026184082,0.0164361093193292,0.0150803541764616,0.4688186943531036,1739,5251.52509950503,2.522638320922852,1,masked
0.187533363699913,0.0536831803619861,1.3117235898971558,0.0262445695698261,0.005336089991033,0.583310604095459,1740,5254.150010028039,2.522895097732544,1,masked
0.1781153976917266,0.0476111471652984,1.2851059436798096,0.0186992138624191,0.012373611330986,0.4565607905387878,1741,5257.063671790005,2.5231287479400635,1,masked
0.2785664200782776,0.1181062385439872,1.5558655261993408,0.0461185723543167,0.026177417486906,0.7622290253639221,1742,5260.205427673995,2.523179769515991,1,masked
0.2267372012138366,0.0918361321091651,1.3244818449020386,0.0230872817337512,0.0144123760983347,0.7294784188270569,1743,5263.5313379960135,2.523188591003418,1,masked
0.3472927212715149,0.2214389741420745,1.2423405647277832,0.0150476386770606,0.0114882523193955,0.8523999452590942,1744,5266.630501559004,2.523277521133423,1,masked
0.1886408776044845,0.0626424700021743,1.2390222549438477,0.0201186388731002,0.0084297470748424,0.5514684319496155,1745,5269.707950955024,2.523284435272217,1,masked
0.160187691450119,0.0380402281880378,1.2074849605560305,0.0118562234565615,0.0213350635021924,0.3780941665172577,1746,5272.803978665033,2.5232958793640137,1,masked
0.3334421217441559,0.1967417150735855,1.3385465145111084,0.0262229610234498,0.0223480705171823,0.671534538269043,1747,5276.181327196013,2.523132562637329,1,masked
0.3666771948337555,0.1266324967145919,2.3185837268829346,0.0743346735835075,0.0752866491675376,0.9368958473205566,1748,5279.10750521603,2.523651123046875,0,masked
0.2168989926576614,0.0543805174529552,1.584746241569519,0.0381230190396308,0.0231562461704015,0.8200627565383911,1749,5282.099262895004,2.524038791656494,1,masked
0.1712686270475387,0.0451862066984176,1.2391172647476196,0.0199764538556337,0.017303055152297,0.5476478934288025,1750,5285.175765332009,2.5240652561187744,1,masked
0.2299203425645828,0.0754477232694625,1.510509967803955,0.0309170074760913,0.0329934582114219,1.0699764490127563,1751,5288.276942274999,2.5241153240203857,1,masked
0.2950701117515564,0.1534891724586486,1.3897125720977783,0.0246527008712291,0.0144426515325903,0.6554152369499207,1752,5291.546518687042,2.524171829223633,1,masked
0.1730618178844452,0.0380156636238098,1.3210501670837402,0.0281461011618375,0.0126526998355984,0.6424760222434998,1753,5294.556914320041,2.5242366790771484,1,masked
0.2362964153289795,0.084860973060131,1.4736663103103638,0.0372782982885837,0.0340998023748397,0.6905187368392944,1754,5297.662653818028,2.5245072841644287,1,masked
0.3164692223072052,0.1793451011180877,1.3414835929870603,0.0286663454025983,0.0109158093109726,0.8116073608398438,1755,5300.651636621042,2.5246732234954834,1,masked
0.2868383824825287,0.1372209191322326,1.4574681520462036,0.0342256762087345,0.0448087342083454,0.8841060996055603,1756,5303.848776310042,2.52473521232605,1,masked
0.2057930827140808,0.0712883174419403,1.3138290643692017,0.0292026940733194,0.0201563015580177,0.4375515282154083,1757,5306.818392460002,2.5247907638549805,1,masked
0.2360844761133194,0.0985436365008354,1.3456873893737793,0.0267411284148693,0.0297990143299102,0.5908939838409424,1758,5309.927542674006,2.5252223014831543,1,masked
0.2511910796165466,0.0949826687574386,1.530229091644287,0.0297491401433944,0.0210582613945007,0.6418527960777283,1759,5312.999717647035,2.525606393814087,1,masked
0.1796192228794098,0.0505770333111286,1.270817518234253,0.0172485783696174,0.0235579535365104,0.411127358675003,1760,5316.183071529027,2.5259969234466557,1,masked
0.254862904548645,0.0734583064913749,1.7730543613433838,0.0381414555013179,0.0285006053745746,0.7785530090332031,1761,5319.163517165987,2.52595591545105,1,masked
0.1861622780561447,0.0672182589769363,1.1747536659240725,0.0131428185850381,0.0154381748288869,0.7133196592330933,1762,5322.296962452005,2.525866985321045,1,masked
0.2030126899480819,0.0607417859137058,1.3969119787216189,0.0238914750516414,0.0190545171499252,0.4222113788127899,1763,5325.437351747998,2.52557635307312,1,masked
0.3530798554420471,0.2207655012607574,1.29591965675354,0.0256046149879694,0.016187846660614,0.6036391854286194,1764,5328.64361869602,2.525177001953125,1,masked
0.1739750802516937,0.0483285076916217,1.2351436614990234,0.0202550292015075,0.0106712682172656,0.6428617835044861,1765,5331.617688444036,2.524721384048462,1,masked
0.2764378190040588,0.1329873353242874,1.4066832065582275,0.0250325035303831,0.0278890877962112,0.5826570391654968,1766,5334.718080413993,2.5234591960906982,1,masked
0.2108461260795593,0.0698676779866218,1.3828043937683103,0.0242081973701715,0.0277190394699573,0.4280782043933868,1767,5337.819295060996,2.522275447845459,1,masked
0.2801604270935058,0.1543114930391311,1.240912914276123,0.0163719169795513,0.0120431566610932,0.7041621804237366,1768,5341.044155228999,2.5212810039520264,1,masked
0.3100101053714752,0.1617372334003448,1.4464744329452517,0.0333794653415679,0.0287475772202014,0.6154589056968689,1769,5344.18463589903,2.52035927772522,1,masked
0.2511338591575622,0.0623560920357704,1.8439126014709477,0.0384915247559547,0.0537360347807407,1.022251009941101,1770,5347.257092043001,2.519783496856689,1,masked
0.1954282522201538,0.0759609639644622,1.171558499336243,0.0221159942448139,0.0099813565611839,0.5145251750946045,1771,5350.266983952024,2.5194077491760254,1,masked
0.2019274532794952,0.0639538988471031,1.3534681797027588,0.0231355018913745,0.0313174650073051,0.531165361404419,1772,5353.638159949041,2.519018173217773,1,masked
0.3951964378356933,0.1350150555372238,2.514212846755981,0.0826927423477172,0.0490861237049102,0.7871304154396057,1773,5356.386885493004,2.518968343734741,0,masked
0.2269972264766693,0.0672647207975387,1.553573727607727,0.0405608788132667,0.0319035872817039,0.7119127511978149,1774,5359.495467389002,2.5188937187194824,1,masked
0.1903306245803833,0.0359614714980125,1.5049803256988523,0.0345978029072284,0.0411328896880149,0.8072695136070251,1775,5362.6016522209975,2.51892352104187,1,masked
0.1582877933979034,0.0347404517233371,1.2125531435012815,0.0217223111540079,0.0119787408038973,0.5052241683006287,1776,5365.585149640043,2.518881559371948,1,masked
0.299019455909729,0.1807495653629303,1.1600422859191897,0.0202840156853199,0.0237286239862442,0.6748360991477966,1777,5368.830297827022,2.518826961517334,1,masked
0.1787185072898864,0.0514738745987415,1.251153826713562,0.0197482462972402,0.0154414800927042,0.7727426886558533,1778,5371.9336529890425,2.518649816513061,1,masked
0.2940673232078552,0.1509221494197845,1.4055577516555786,0.0237228125333786,0.0217120200395584,0.838913083076477,1779,5374.90420138702,2.51850700378418,1,masked
0.2062819302082061,0.0832060500979423,1.205884575843811,0.0245495215058326,0.0032460906077176,0.4622259140014648,1780,5378.047700281022,2.518423557281494,1,masked
0.1661872118711471,0.0387895964086055,1.252181053161621,0.0203145444393157,0.0148054584860801,0.5840340256690979,1781,5381.50173485704,2.5183048248291016,1,masked
0.2612586915493011,0.1099561899900436,1.4869924783706665,0.0231313444674015,0.0290116239339113,1.341767191886902,1782,5384.698888987012,2.517890453338623,1,masked
0.3018283247947693,0.1551569104194641,1.4379689693450928,0.0263875760138034,0.023575771600008,1.0696295499801636,1783,5388.0154668100295,2.517448663711548,1,masked
0.2256671339273452,0.0724358931183815,1.493035078048706,0.0370285958051681,0.0224892683327198,0.6990625858306885,1784,5391.3460904160165,2.5171127319335938,1,masked
0.2969279587268829,0.1430629342794418,1.503667235374451,0.0336021408438682,0.0138086872175335,2.7075212001800537,1785,5394.744764074043,2.5169150829315186,1,masked
0.2143701016902923,0.0877117663621902,1.2522222995758057,0.0126254381611943,0.0173573866486549,0.5464268326759338,1786,5397.866510146996,2.5167510509490967,1,masked
0.3098531663417816,0.1395741105079651,1.6770150661468506,0.0232116244733333,0.0256401672959327,0.7175168395042419,1787,5401.012399275031,2.5161311626434326,1,masked
0.1792743653059005,0.0460840314626693,1.3058706521987915,0.0207641161978244,0.0526854172348976,0.6418543457984924,1788,5404.322382996033,2.5157175064086914,1,masked
0.3517647981643677,0.20546954870224,1.4355002641677856,0.0266557950526475,0.0079604974016547,0.8484525084495544,1789,5407.547006272012,2.515449523925781,1,masked
0.3273005783557892,0.1853760629892349,1.389579176902771,0.0278629846870899,0.0180298276245594,0.7711989879608154,1790,5410.640943656035,2.5152406692504883,1,masked
0.2070295363664627,0.0539441481232643,1.496188998222351,0.0312409792095422,0.034239862114191,0.9069724082946776,1791,5413.639444523025,2.5149741172790527,1,masked
0.3293882310390472,0.2033943235874176,1.2436975240707395,0.0146723333746194,0.0156930014491081,0.7372559905052185,1792,5416.652023350005,2.514625072479248,1,masked
0.1784276664257049,0.0567491650581359,1.199641466140747,0.0148266172036528,0.0231685992330312,0.2984015047550201,1793,5419.883776767994,2.5139756202697754,1,masked
0.1949336230754852,0.0701111555099487,1.2248945236206057,0.0218660682439804,0.0146405901759862,0.4114612936973572,1794,5422.842032749031,2.513460636138916,1,masked
0.1861632168292999,0.0735518336296081,1.1050498485565186,0.0198594816029071,0.0120464544743299,0.4714970290660858,1795,5425.966375701013,2.513025999069214,1,masked
0.228515625,0.0695332288742065,1.5393115282058716,0.0471481457352638,0.0336401015520095,0.6799774765968323,1796,5428.924687038991,2.5127487182617188,1,masked
0.2107951939105987,0.0700015351176261,1.3790504932403564,0.0261417347937822,0.0274451095610857,0.3664508163928985,1797,5432.146791283041,2.512281656265259,1,masked
0.2570356130599975,0.1194509342312812,1.3603246212005615,0.0137760192155838,0.0174596589058637,0.5733932852745056,1798,5435.108146757993,2.5118095874786377,1,masked
0.3076279461383819,0.1702257394790649,1.3373197317123413,0.0351900905370712,0.0151203023269772,0.669890284538269,1799,5438.273536522,2.5114047527313232,1,masked
0.2830188274383545,0.1383891254663467,1.423251032829285,0.0201154518872499,0.0293050184845924,0.6023841500282288,1800,5441.391221808037,2.5110580921173096,1,masked
0.2364473789930343,0.101088061928749,1.3303673267364502,0.0215205568820238,0.0170534178614616,0.6241710782051086,1801,5444.617027048022,2.510652780532837,1,masked
0.3071103096008301,0.1614574790000915,1.4242308139801023,0.030299749225378,0.0199769046157598,0.6580352187156677,1802,5447.835329864,2.5102877616882324,1,masked
0.2023704946041107,0.0592584498226642,1.4033846855163574,0.0256024803966283,0.0213351529091596,0.680037260055542,1803,5451.074150360015,2.510420322418213,1,masked
0.3045998811721802,0.0551479868590831,2.415947675704956,0.0706207156181335,0.0795062035322189,0.8360294699668884,1804,5454.016362686001,2.509063720703125,0,masked
0.3539308309555053,0.1987826824188232,1.5120091438293457,0.0370205864310264,0.0245178844779729,0.6936601996421814,1805,5457.09256883699,2.5079190731048584,1,masked
0.2206751257181167,0.077644407749176,1.3973718881607056,0.0296043995767831,0.0333077870309352,0.8220585584640503,1806,5460.319774035015,2.506987810134888,1,masked
0.3647072315216064,0.1326996833086013,2.221430778503418,0.0923181176185607,0.063259944319725,0.5654900074005127,1807,5463.388097709045,2.5064616203308105,0,masked
0.1935015320777893,0.0453760102391243,1.4469845294952393,0.0312573835253715,0.0301298387348651,0.7252445220947266,1808,5466.5141144139925,2.5062239170074463,1,masked
0.1606884598731994,0.0228381585329771,1.3605955839157104,0.0157056059688329,0.0220176763832569,0.5012915134429932,1809,5469.969046730024,2.505960464477539,1,masked
0.3597824573516845,0.1978238523006439,1.581394076347351,0.0364652872085571,0.0172673501074314,0.9137860536575316,1810,5473.25898870104,2.505819320678711,1,masked
0.1816529780626297,0.0393627099692821,1.3930232524871826,0.0286973305046558,0.0118226464837789,0.8654102683067322,1811,5476.282623402018,2.50574254989624,1,masked
0.3547095060348511,0.100328229367733,2.453202486038208,0.0839197561144828,0.0669038593769073,0.952337682247162,1812,5479.129549967009,2.5048601627349854,0,masked
0.2316552847623825,0.0779130309820175,1.4986056089401243,0.0366132073104381,0.0220363177359104,0.8861550688743591,1813,5482.259070557018,2.5041446685791016,1,masked
0.2189430296421051,0.0775999277830123,1.381572961807251,0.0303106345236301,0.0154737019911408,0.5089579224586487,1814,5485.474524691992,2.5034074783325195,1,masked
0.2204273343086242,0.0614304840564727,1.548205852508545,0.0384077131748199,0.0335508398711681,0.7568827271461487,1815,5488.59175329702,2.502850294113159,1,masked
0.2020381987094879,0.0576717220246791,1.415274739265442,0.0252651032060384,0.0312514826655387,0.658090353012085,1816,5491.6926903880085,2.5024986267089844,1,masked
0.2338160574436187,0.1063219606876373,1.2555341720581057,0.0180623102933168,0.0134430136531591,0.9053525328636168,1817,5494.66641974001,2.5013415813446045,1,masked
0.2553626298904419,0.1025734469294548,1.499168038368225,0.0253944173455238,0.0332944057881832,0.53859543800354,1818,5497.910620322044,2.5002810955047607,1,masked
0.3468291759490967,0.0769371762871742,2.5948326587677,0.0952189639210701,0.0886799246072769,0.7193575501441956,1819,5500.476700694999,2.499892473220825,0,masked
0.200528085231781,0.0432255193591117,1.5380654335021973,0.0325121022760868,0.024480927735567,0.7502930164337158,1820,5503.450598613999,2.4994335174560547,1,masked
0.1415525376796722,0.0310470461845397,1.0896964073181152,0.0134390573948621,0.0191923137754201,0.3835000693798065,1821,5506.487220439012,2.4990971088409424,1,masked
0.1792794615030288,0.0426823161542415,1.3429063558578491,0.0214628968387842,0.0160216633230447,0.839299201965332,1822,5509.503058956994,2.4986331462860107,1,masked
0.2235047817230224,0.0742776170372963,1.4551630020141602,0.0353803299367427,0.0172834210097789,0.9772130250930786,1823,5512.738640155003,2.498537063598633,1,masked
0.1998421847820282,0.0793512091040611,1.1847342252731323,0.0193065125495195,0.0086903348565101,0.3555720150470733,1824,5515.737712930015,2.4986438751220703,1,masked
0.3554562032222748,0.213029608130455,1.39426851272583,0.0282923933118581,0.0170547161251306,0.8745316863059998,1825,5518.684226003999,2.4987659454345703,1,masked
0.2262619584798813,0.0812790393829345,1.4167925119400024,0.0314102657139301,0.0162661727517843,0.5769973397254944,1826,5521.825947959034,2.4989893436431885,1,masked
0.2930855751037597,0.1624171137809753,1.2794818878173828,0.0259536877274513,0.0124886520206928,0.7271571159362793,1827,5525.089192679036,2.4991698265075684,1,masked
0.2834113538265228,0.133153960108757,1.463745355606079,0.0366779677569866,0.0215085074305534,0.662386953830719,1828,5528.093621139997,2.499228954315185,1,masked
0.280158132314682,0.1510980129241943,1.271587610244751,0.0173838920891284,0.0162985101342201,0.7525015473365784,1829,5531.091863333015,2.498957633972168,1,masked
0.4022780060768127,0.1621400415897369,2.306269407272339,0.0861963406205177,0.0891417190432548,1.332053303718567,1830,5533.726760513033,2.4988057613372803,0,masked
0.1701917201280594,0.0351022183895111,1.3288273811340332,0.0197985265403985,0.0226921327412128,0.7780222296714783,1831,5536.961882695032,2.498704195022583,1,masked
0.3681893050670624,0.1246136799454689,2.352555274963379,0.0774687156081199,0.0573229491710662,1.0698580741882324,1832,5539.644626452995,2.4995291233062744,0,masked
0.2451299875974655,0.112060435116291,1.3039319515228271,0.023171966895461,0.0359175652265548,0.6361604332923889,1833,5542.352148036007,2.500244617462158,1,masked
0.3215084373950958,0.2019563317298889,1.1741162538528442,0.0204581301659345,0.0094656832516193,0.8407171964645386,1834,5545.062073453039,2.5009336471557617,1,masked
0.3596843779087066,0.0897263288497924,2.571263313293457,0.1203775554895401,0.0793960839509964,0.9787691831588744,1835,5547.842752874014,2.500601291656494,0,masked
0.2310337126255035,0.1073556542396545,1.212227463722229,0.0238962844014167,0.0065663759596645,0.5722083449363708,1836,5550.645226216002,2.500253200531006,1,masked
0.2280616760253906,0.0901746079325676,1.3442593812942505,0.0309494975954294,0.0366183519363403,0.6108159422874451,1837,5553.390336323995,2.500169277191162,1,masked
0.2374298721551895,0.1128852814435958,1.2263027429580688,0.0179354082792997,0.0120767895132303,0.5908860564231873,1838,5556.398772737011,2.5001087188720703,1,masked
0.1963385343551635,0.0568203330039978,1.3650989532470703,0.0239973701536655,0.0608581379055976,0.4424417316913605,1839,5559.703774826019,2.5001156330108643,1,masked
0.2552315890789032,0.1063204258680343,1.454887628555298,0.0319281369447708,0.0229571219533681,0.9334663152694702,1840,5562.734610130021,2.5001909732818604,1,masked
0.2296744734048843,0.0887027382850647,1.376991629600525,0.0295799933373928,0.0314574316143989,0.5935328006744385,1841,5565.817952155019,2.5004022121429443,1,masked
0.3685150146484375,0.1026326045393943,2.545261144638061,0.1036982685327529,0.0986411049962043,0.6680994629859924,1842,5568.644792528008,2.501047372817993,0,masked
0.1702846884727478,0.0501829385757446,1.184414267539978,0.0151485921815037,0.0145459985360503,0.3924558758735657,1843,5571.631381676998,2.5017857551574707,1,masked
0.1899728327989578,0.0718567073345184,1.1613577604293823,0.0191811434924602,0.0062226466834545,0.5475593209266663,1844,5574.842003803002,2.5024871826171875,1,masked
0.203360378742218,0.0660642609000206,1.347427248954773,0.0234122164547443,0.0212171245366334,0.6098269820213318,1845,5577.916590281995,2.502635717391968,1,masked
0.2086439728736877,0.0656641647219657,1.3869191408157349,0.0387713350355625,0.0410764403641223,0.6935545206069946,1846,5581.082989743038,2.502781867980957,1,masked
0.2292117327451706,0.0813901796936988,1.4437748193740845,0.0310473516583442,0.0339334607124328,0.922002375125885,1847,5584.201954110002,2.5028553009033203,1,masked
0.2166810631752014,0.0788088142871856,1.344869613647461,0.0316282324492931,0.0222473070025444,0.5099979043006897,1848,5587.375525609998,2.50294041633606,1,masked
0.2101836800575256,0.0699116364121437,1.3674964904785156,0.0328899063169956,0.0233421400189399,0.5684557557106018,1849,5590.292889692006,2.5030267238616943,1,masked
0.1692007482051849,0.0311124715954065,1.3477015495300293,0.0304581150412559,0.0272307153791189,0.469305545091629,1850,5593.403326327039,2.5031087398529053,1,masked
0.1884191483259201,0.0549262091517448,1.3023018836975098,0.0304461363703012,0.0218148548156023,0.7298460602760315,1851,5596.4044168150285,2.503265619277954,1,masked
0.2203496992588043,0.093475803732872,1.2499589920043943,0.0167128294706344,0.0206705778837203,0.7033054828643799,1852,5599.676892990014,2.503610372543335,1,masked
0.1944375038146972,0.0605921074748039,1.3126869201660156,0.0241426900029182,0.0162429455667734,0.5667154788970947,1853,5602.662611923006,2.50393295288086,1,masked
0.2478898912668228,0.1108807995915412,1.3410462141036987,0.0249776970595121,0.0406693294644355,0.4007443785667419,1854,5605.636368994019,2.504183530807495,1,masked
0.1948535442352295,0.0586192645132541,1.327955722808838,0.0316769443452358,0.027099609375,0.7406615614891052,1855,5608.944335637032,2.504403114318848,1,masked
0.1999738961458206,0.0606408379971981,1.3720293045043943,0.0193196386098861,0.0198182370513677,0.5789382457733154,1856,5612.157656967989,2.504904270172119,1,masked
0.2814098596572876,0.137065976858139,1.411724090576172,0.0303314458578825,0.0138313546776771,0.7205209136009216,1857,5615.112285558018,2.505392551422119,1,masked
0.3304634392261505,0.2026402205228805,1.2573280334472656,0.0187968984246253,0.0210720431059598,0.8129510879516602,1858,5618.112759807031,2.505861759185791,1,masked
0.162516251206398,0.0364915803074836,1.2418677806854248,0.0160507038235664,0.0232809334993362,0.3414106070995331,1859,5621.091839559027,2.508255243301392,1,masked
0.2806211411952972,0.1357408016920089,1.4157376289367676,0.0307479873299598,0.0231797378510236,0.5323709845542908,1860,5624.288534513034,2.5104544162750244,1,masked
0.1558003276586532,0.040645781904459,1.1329749822616575,0.0150841744616627,0.0348636396229267,0.4867815971374511,1861,5627.376316901005,2.512295961380005,1,masked
0.2027155309915542,0.079141266644001,1.2129791975021362,0.0216606352478265,0.0110273174941539,0.3034112751483917,1862,5630.51358762302,2.514087915420532,1,masked
0.1840031445026397,0.0518781393766403,1.2948102951049805,0.0241859164088964,0.0225381273776292,0.5107402205467224,1863,5633.599512509012,2.515697240829468,1,masked
0.2002246379852295,0.0359187498688697,1.601521372795105,0.0376193560659885,0.0391830392181873,0.6938738226890564,1864,5636.798485746025,2.517122268676758,1,masked
0.2546436488628387,0.1120158284902572,1.3953678607940674,0.0279072672128677,0.0300273299217224,0.4546942710876465,1865,5639.73275874299,2.518099069595337,1,masked
0.224052682518959,0.0800681263208389,1.4130805730819702,0.0235429964959621,0.0322196073830127,0.5898671746253967,1866,5642.701094085001,2.519220352172852,1,masked
0.2064123004674911,0.0592981316149234,1.442437767982483,0.0269759763032197,0.01727862842381,0.6672496199607849,1867,5645.669311785023,2.5203001499176025,1,masked
0.2890288531780243,0.1302246004343032,1.5499447584152222,0.031323280185461,0.0677459016442298,0.7782579660415649,1868,5648.845925186004,2.522000312805176,1,masked
0.3035406768321991,0.1740356385707855,1.267998218536377,0.0238275602459907,0.0322454124689102,0.7029514908790588,1869,5652.000529895013,2.523548126220703,1,masked
0.2344560027122497,0.0683638080954551,1.6273850202560425,0.030347354710102,0.031893566250801,0.9882394075393676,1870,5654.973587202025,2.525014162063598,1,masked
0.2081685811281204,0.0417131856083869,1.6367356777191162,0.0260393898934125,0.0177901312708854,0.7548694014549255,1871,5658.061918320018,2.526599884033203,1,masked
0.3634384870529175,0.1166830286383628,2.406911849975586,0.0535657592117786,0.0707728341221809,0.6495710015296936,1872,5660.992045269988,2.5280776023864746,0,masked
0.4420022964477539,0.1698557138442993,2.596931934356689,0.1174335479736328,0.0710026323795318,0.7398982644081116,1873,5663.885299060028,2.5291216373443604,0,masked
0.2886135280132293,0.17078298330307,1.158820867538452,0.0185186620801687,0.0096576120704412,0.4554944634437561,1874,5667.000205359014,2.5301408767700195,1,masked
0.1999238282442093,0.0668413415551185,1.3026129007339478,0.0265452042222023,0.0166681390255689,0.5284729599952698,1875,5670.095854218991,2.5310988426208496,1,masked
0.2235450893640518,0.0820299759507179,1.383311152458191,0.029560912400484,0.0227921716868877,0.6741551756858826,1876,5673.358491612016,2.5319743156433105,1,masked
0.2392263263463974,0.0766156911849975,1.577386736869812,0.0447898618876934,0.0392989814281463,0.6149426102638245,1877,5676.559350338008,2.5327956676483154,1,masked
0.4032553434371948,0.2645472288131714,1.3564850091934204,0.0280426815152168,0.0255310274660587,0.6402305960655212,1878,5679.720436755044,2.533604621887207,1,masked
0.3213044703006744,0.0660020262002945,2.471149444580078,0.0734095126390457,0.0846570283174514,0.7212885618209839,1879,5682.631803978991,2.53432035446167,0,masked
0.213804543018341,0.0749745219945907,1.3560768365859983,0.029220838099718,0.0300272013992071,0.8292068243026733,1880,5685.65051585203,2.535052537918091,1,masked
0.2888073623180389,0.1681513339281082,1.1849247217178345,0.0199295468628406,0.0170631222426891,0.813654899597168,1881,5688.972221198026,2.535726547241211,1,masked
0.2898056209087372,0.1585159450769424,1.293022632598877,0.01763916015625,0.0223514065146446,0.7132848501205444,1882,5692.074305390997,2.536188840866089,1,masked
0.4779648780822754,0.1678259819746017,2.942610025405884,0.1537618935108184,0.0501706711947917,3.224902868270874,1883,5694.986358436989,2.537647247314453,0,masked
0.1619599312543869,0.0463975071907043,1.1378166675567627,0.0169932879507541,0.0081428876146674,0.6689314246177673,1884,5698.058503103035,2.539103984832764,1,masked
0.3364160358905792,0.1980943977832794,1.354255199432373,0.0278561748564243,0.0110519099980592,0.5551030039787292,1885,5701.381322433008,2.540572166442871,1,masked
0.146631121635437,0.0202168617397546,1.2382904291152954,0.0237580239772796,0.020942285656929,0.3652830123901367,1886,5704.475328295026,2.5419063568115234,1,masked
0.2142887860536575,0.0694112330675125,1.422429084777832,0.0243907403200864,0.019556812942028,2.209447860717773,1887,5707.584277927002,2.543310165405273,1,masked
0.2182957828044891,0.0889822393655777,1.2719053030014038,0.020508587360382,0.0072141056880354,0.6148986220359802,1888,5710.673734600015,2.544684410095215,1,masked
0.2282154858112335,0.0753369629383087,1.4880225658416748,0.037057340145111,0.0370555073022842,0.7731566429138184,1889,5713.782953574031,2.5459609031677246,1,masked
0.2729926109313965,0.1399954706430435,1.301195502281189,0.0271109212189912,0.0166501775383949,0.865810751914978,1890,5716.831766710035,2.547111988067627,1,masked
0.179060697555542,0.0390983633697032,1.371122121810913,0.0246057845652103,0.0389541871845722,0.7476153373718262,1891,5719.9251695140265,2.5481626987457275,1,masked
0.4019426703453064,0.1602839529514312,2.322145462036133,0.0863074138760566,0.081336922943592,1.327001690864563,1892,5722.857193461037,2.549245595932007,0,masked
0.2299271523952484,0.1064762398600578,1.2128915786743164,0.0182254500687122,0.0339218005537986,0.4162769615650177,1893,5725.934600996028,2.550057888031006,1,masked
0.2792470753192901,0.1414320766925811,1.3636244535446167,0.0127575388178229,0.0176793690770864,0.8788509964942932,1894,5729.000406030042,2.549724817276001,1,masked
0.2353473603725433,0.095114417374134,1.3706172704696655,0.0306170377880334,0.0109509881585836,0.4582185447216034,1895,5731.949426679988,2.5493321418762207,1,masked
0.2050577998161316,0.0803316757082939,1.2257503271102903,0.0208066366612911,0.0070435046218335,0.5060986876487732,1896,5734.916078114009,2.548935890197754,1,masked
0.1506636440753936,0.0162125788629055,1.3176785707473757,0.0226454436779022,0.0418647341430187,0.4991161227226257,1897,5738.202056851995,2.5488150119781494,1,masked
0.1775735318660736,0.0556428991258144,1.1964386701583862,0.0193264130502939,0.0354126133024692,0.5400093197822571,1898,5741.265603883017,2.548718214035034,1,masked
0.2073911428451538,0.0831789970397949,1.2149765491485596,0.0259646028280258,0.0118003990501165,0.6513462662696838,1899,5744.358581317007,2.5485661029815674,1,masked
0.387495756149292,0.1415842771530151,2.3749985694885254,0.079874150454998,0.0424181222915649,1.2091301679611206,1900,5747.27029756899,2.548921585083008,0,masked
0.2383361309766769,0.0959228128194809,1.3961690664291382,0.0246370006352663,0.0332696288824081,0.6816117763519287,1901,5750.284930652997,2.549274682998657,1,masked
0.4726611077785492,0.1969663053750991,2.6483845710754395,0.1038455814123153,0.0471788048744201,1.38664448261261,1902,5753.458326605032,2.549948215484619,0,masked
0.1943813860416412,0.0682732760906219,1.2383546829223633,0.0212637092918157,0.0146273802965879,0.367696076631546,1903,5756.429068828991,2.550459146499634,1,masked
0.3914533853530884,0.137213185429573,2.4405667781829834,0.094642162322998,0.071930356323719,1.0364829301834106,1904,5759.348304134037,2.550907850265503,0,masked
0.3490728139877319,0.2145944237709045,1.3107482194900513,0.0308273844420909,0.0320810861885547,0.9776529669761658,1905,5762.487696284021,2.551337242126465,1,masked
0.2322213649749755,0.0918338894844055,1.3765652179718018,0.025056729093194,0.0225270111113786,0.7759287357330322,1906,5765.895052106993,2.551929473876953,1,masked
0.3488112986087799,0.0754643082618713,2.625871181488037,0.1021437421441078,0.0545507222414016,0.8013420701026917,1907,5768.721964883036,2.552744150161743,0,masked
0.2117771804332733,0.0791344195604324,1.3003690242767334,0.0228927619755268,0.0316566154360771,0.6364124417304993,1908,5771.841949908994,2.5532987117767334,1,masked
0.1774030476808548,0.0384122133255004,1.356143593788147,0.0305690895766019,0.0319564789533615,0.493462860584259,1909,5774.991547334008,2.553894281387329,1,masked
0.2579252123832702,0.0999537706375122,1.554088830947876,0.0238219946622848,0.0180386286228895,0.7875603437423706,1910,5778.025447655004,2.5544586181640625,1,masked
0.3222566545009613,0.1289897263050079,1.8666036128997805,0.0608740895986557,0.0519137531518936,1.6535041332244873,1911,5781.049820551998,2.555819034576416,0,masked
0.1749419271945953,0.0432186163961887,1.2876907587051392,0.0273605193942785,0.0218185372650623,0.4193935096263885,1912,5784.11841278302,2.556718111038208,1,masked
0.3895314633846283,0.2700333595275879,1.1774801015853882,0.0156108252704143,0.0189018547534942,0.6721559166908264,1913,5787.128708378004,2.55737853050232,1,masked
0.4057523608207702,0.1603028029203415,2.3599724769592285,0.0855388194322586,0.0898456424474716,0.6824274659156799,1914,5789.985232604027,2.557952404022217,0,masked
0.4501088261604309,0.1844869554042816,2.5359909534454346,0.1016175672411918,0.1861013770103454,0.8688945770263672,1915,5792.86214462301,2.558117389678955,0,masked
0.4345520436763763,0.1439191401004791,2.7747621536254883,0.1204122304916381,0.1115463078022003,1.4407175779342651,1916,5795.324739222997,2.5587050914764404,0,masked
0.1881124973297119,0.0483243763446807,1.373648762702942,0.0200268179178237,0.0420558080077171,0.8460021018981934,1917,5797.955809536041,2.558821439743042,1,masked
0.3439189791679382,0.0702535063028335,2.607787132263184,0.1215458214282989,0.0732211843132972,1.0453081130981443,1918,5800.540082399035,2.5592658519744877,0,masked
0.3207571506500244,0.1945808827877044,1.2351356744766235,0.0251617543399333,0.0146538335829973,0.7463369965553284,1919,5803.34256924002,2.559760570526123,1,masked
0.2254917025566101,0.0837974324822425,1.3858963251113892,0.0291806310415267,0.0186579786241054,0.7202335000038147,1920,5806.002995562041,2.560263633728028,1,masked
0.2694301903247833,0.1212119907140731,1.4462754726409912,0.033338937908411,0.0256762038916349,1.0657997131347656,1921,5808.740611604007,2.5607972145080566,1,masked
0.2124802619218826,0.0671160146594047,1.4167624711990356,0.0318557657301425,0.0502429977059364,0.5280031561851501,1922,5811.397451574041,2.561432123184204,1,masked
0.2040536999702453,0.0592278316617012,1.4164804220199585,0.0284977182745933,0.0328069441020488,0.5340576171875,1923,5814.434015405015,2.5619564056396484,1,masked
0.1927596032619476,0.0606192164123058,1.296082615852356,0.0232029762119054,0.0211826637387275,0.5887722373008728,1924,5817.043980318005,2.5623738765716557,1,masked
0.2240937501192093,0.0848079919815063,1.3641964197158811,0.0260733421891927,0.0258774831891059,0.5155923366546631,1925,5819.811563062016,2.562809467315674,1,masked
0.1936219036579132,0.0503407306969165,1.3987373113632202,0.0306063797324895,0.0346793048083782,0.5404613018035889,1926,5822.412889392988,2.5632030963897705,1,masked
0.1780570894479751,0.0431325919926166,1.317258596420288,0.0262020789086818,0.0578443668782711,0.4315541386604309,1927,5825.17008466,2.563668727874756,1,masked
0.2055964767932891,0.0774237811565399,1.2631281614303589,0.0173247084021568,0.0127411931753158,0.3777605295181274,1928,5827.80031467299,2.5639889240264893,1,masked
0.3651807606220245,0.1006258279085159,2.557755947113037,0.0828129053115844,0.0498017035424709,0.7207928895950317,1929,5830.363885475032,2.5642096996307373,0,masked
0.2154532223939895,0.0792087391018867,1.3363717794418335,0.0248013213276863,0.0127172172069549,0.6749191880226135,1930,5832.975398954004,2.564295530319214,1,masked
0.4299823641777038,0.1635931432247162,2.606001853942871,0.0501899942755699,0.0770024061203002,0.9105731248855592,1931,5835.54325858102,2.564448356628418,0,masked
0.2021530419588089,0.0677013173699379,1.3190906047821045,0.0227504968643188,0.0267597250640392,0.4200253486633301,1932,5838.346781047003,2.5645575523376465,1,masked
0.2270067632198333,0.1052667573094368,1.1983014345169067,0.0174312554299831,0.0166735984385013,0.4876833260059356,1933,5840.440300958988,2.5647542476654053,1,masked
0.1734993606805801,0.0442851111292839,1.2699997425079346,0.0211207550019025,0.0102181723341345,0.523105800151825,1934,5843.0545921410085,2.5649755001068115,1,masked
0.1635058522224426,0.0403114221990108,1.2031526565551758,0.0270638391375541,0.0172784775495529,0.7420764565467834,1935,5845.856672664988,2.565166711807251,1,masked
0.1617688089609146,0.0250413212925195,1.3385463953018188,0.0257715135812759,0.0295685715973377,0.4973616898059845,1936,5848.618499062024,2.5651724338531494,1,masked
0.239887848496437,0.0993780195713043,1.3729147911071775,0.0291322991251945,0.0305094774812459,0.8978528380393982,1937,5851.228024244017,2.565140008926392,1,masked
0.356754332780838,0.1239005476236343,2.2283318042755127,0.0944501310586929,0.0575612671673297,0.8737740516662598,1938,5853.691424885998,2.565727949142456,0,masked
0.2414968609809875,0.0918694511055946,1.4636716842651367,0.0304884128272533,0.021139733493328,0.4879315197467804,1939,5856.307557760039,2.566167116165161,1,masked
0.3214934766292572,0.1936734467744827,1.2592270374298096,0.0173660386353731,0.0160726644098758,0.7167349457740784,1940,5859.109278417018,2.566661834716797,1,masked
0.3534455001354217,0.1277086734771728,2.156489610671997,0.0946331247687339,0.0624567344784736,0.8700674772262573,1941,5861.570239471039,2.566703081130981,0,masked
0.2200480848550796,0.0674233362078666,1.5001131296157837,0.0230462867766618,0.0308814570307731,0.876072347164154,1942,5864.199651024013,2.567253828048706,1,masked
0.176579937338829,0.0514834262430667,1.2280519008636477,0.0211687460541725,0.0174455549567937,0.4818602204322815,1943,5866.861333954032,2.567732334136963,1,masked
0.3068434596061706,0.1868694573640823,1.178809404373169,0.019770547747612,0.0116033824160695,0.638948380947113,1944,5869.678402955004,2.5681331157684326,1,masked
0.2194977402687072,0.0668497830629348,1.4863166809082031,0.0385096780955791,0.0165324583649635,0.8633260130882263,1945,5872.3942077659885,2.568536758422852,1,masked
0.1635655760765075,0.0500279925763607,1.1182693243026731,0.0141723379492759,0.0293416120111942,0.5219355225563049,1946,5875.012860467017,2.5688185691833496,1,masked
0.193727433681488,0.0643146261572837,1.2723556756973269,0.0202274732291698,0.0154477916657924,0.4522030353546142,1947,5877.644580934022,2.569009780883789,1,masked
0.198828712105751,0.0538223609328269,1.4237053394317627,0.0228089727461338,0.0354907996952533,0.6194656491279602,1948,5880.430000272987,2.5691375732421875,1,masked
0.214602380990982,0.0736505910754203,1.372028350830078,0.0354300737380981,0.0205956194549798,0.5947104096412659,1949,5883.2418511509895,2.56934118270874,1,masked
0.1905311942100525,0.053862202912569,1.3330031633377075,0.0299170408397912,0.0376970283687114,0.4289149641990661,1950,5885.898223536031,2.5695130825042725,1,masked
0.2304413318634033,0.0921238586306572,1.3565514087677002,0.0242466982454061,0.0237667988985776,0.5522811412811279,1951,5888.971379983996,2.569629907608032,1,masked
0.2214984744787216,0.0718489363789558,1.4631541967391968,0.0303273238241672,0.0301396511495113,0.6505159735679626,1952,5891.678344971035,2.569798469543457,1,masked
0.2883206605911255,0.1476121246814727,1.3787968158721924,0.0261632595211267,0.021253615617752,0.8907008767127991,1953,5894.051787945034,2.5699620246887207,1,masked
0.2057181745767593,0.0841144025325775,1.1991190910339355,0.0155862215906381,0.0133237354457378,0.4179897904396057,1954,5896.765029684,2.5708725452423096,1,masked
0.2190631330013275,0.0698604360222816,1.4625519514083862,0.0269456021487712,0.0252966787666082,0.756223738193512,1955,5899.665017631021,2.57207989692688,1,masked
0.2150222212076187,0.0807391330599784,1.319849133491516,0.0195062961429357,0.0347539782524108,0.4193993210792541,1956,5902.5250704670325,2.5732784271240234,1,masked
0.3729867935180664,0.1237542033195495,2.4024832248687744,0.0828749760985374,0.0696765631437301,1.1508532762527466,1957,5905.117226539005,2.573909044265747,0,masked
0.2311056852340698,0.0733300447463989,1.5429803133010864,0.031857743859291,0.0291846431791782,0.4614848494529724,1958,5907.7395855610375,2.574545383453369,1,masked
0.2024313658475875,0.0727262943983078,1.2760767936706543,0.0189582649618387,0.0201582536101341,0.5098465085029602,1959,5910.354912040988,2.5747644901275635,1,masked
0.1932499706745147,0.0381929092109203,1.5141301155090332,0.0330587737262249,0.0338199734687805,0.6617292761802673,1960,5912.958263957,2.5745975971221924,1,masked
0.2296532839536667,0.0823457166552543,1.4476865530014038,0.0230509769171476,0.023383192718029,1.0655547380447388,1961,5915.7456271600095,2.5741662979125977,1,masked
0.2121228277683258,0.0592965483665466,1.4920235872268677,0.0319380275905132,0.0430108085274696,0.5387802720069885,1962,5917.884277013014,2.5738954544067383,1,masked
0.2549068033695221,0.1073100566864013,1.4445136785507202,0.0279262755066156,0.0352734215557575,1.0980051755905151,1963,5920.5259182450245,2.5738062858581543,1,masked
0.2054382264614105,0.0694988369941711,1.328484296798706,0.0286834761500358,0.0222613289952278,0.410220593214035,1964,5923.138835399994,2.573718547821045,1,masked
0.2206936627626419,0.1072363778948783,1.1145600080490112,0.0191322937607765,0.008805283345282,0.7651550769805908,1965,5925.965584446036,2.5736210346221924,1,masked
0.1601555347442627,0.0351264253258705,1.221751689910889,0.0266251172870397,0.0191435441374778,0.5270156264305115,1966,5928.583739315043,2.5735321044921875,1,masked
0.2144889831542968,0.0830009281635284,1.287806749343872,0.0249523967504501,0.0212112981826066,0.8715037703514099,1967,5931.214008175011,2.573251485824585,1,masked
0.4051721692085266,0.1695531159639358,2.2668519020080566,0.0811677202582359,0.0817113146185875,0.8566222190856934,1968,5934.016428867995,2.5728209018707275,0,masked
0.1880350410938263,0.0593403093516826,1.2672946453094482,0.0177180953323841,0.0193483028560876,0.8963871598243713,1969,5937.0734075329965,2.572371006011963,1,masked
0.261038064956665,0.1223403960466384,1.3513309955596924,0.0322141572833061,0.034314326941967,0.5816310048103333,1970,5940.2065473659895,2.5719964504241943,1,masked
0.2096717357635498,0.0899389088153839,1.180503010749817,0.0161838792264461,0.0064140856266021,0.6918092966079712,1971,5943.155822706991,2.571641206741333,1,masked
0.1632755100727081,0.0222140084952116,1.37932288646698,0.0289440341293811,0.0234823077917099,0.583817183971405,1972,5946.27554275404,2.571298599243164,1,masked
0.2047286331653595,0.0765254646539688,1.2586995363235474,0.0193861704319715,0.0394605100154876,0.7406129240989685,1973,5949.478958022024,2.570976495742798,1,masked
0.3060382604598999,0.1387077569961547,1.6276077032089231,0.0415942594408988,0.0410342402756214,0.604370653629303,1974,5952.225604504987,2.570672035217285,1,masked
0.3616769909858703,0.2158228456974029,1.4302598237991333,0.0259414836764335,0.0234040096402168,0.8673606514930725,1975,5954.33048644301,2.570944309234619,1,masked
0.2163294851779937,0.0834628045558929,1.2973909378051758,0.0258914679288864,0.0538440980017185,0.4358198344707489,1976,5956.94692690199,2.5712389945983887,1,masked
0.2209719121456146,0.075172834098339,1.4244345426559448,0.0311723668128252,0.0238375384360551,0.8426893949508667,1977,5959.5655444610165,2.571585178375244,1,masked
0.154506504535675,0.0337261110544204,1.1818925142288208,0.0245949104428291,0.013163580559194,0.4120266735553741,1978,5962.339557232044,2.571907520294189,1,masked
0.3250138759613037,0.0958955511450767,2.2078685760498047,0.07806196808815,0.0525246113538742,0.9402307868003844,1979,5964.7771735250135,2.572371006011963,0,masked
0.2155878841876983,0.0950914174318313,1.184755802154541,0.0194791052490472,0.0072975140064954,0.6387476325035095,1980,5967.379302315996,2.5728952884674072,1,masked
0.3319496214389801,0.2058489024639129,1.241624116897583,0.0185774154961109,0.0080584753304719,1.0414389371871948,1981,5970.172147555044,2.5734336376190186,1,masked
0.188353881239891,0.0740521177649498,1.125260829925537,0.0168435629457235,0.0091326246038079,0.3680986166000366,1982,5972.973503915011,2.574537515640259,1,masked
0.1923905164003372,0.0554836802184581,1.347080945968628,0.0201452746987342,0.0184213202446699,0.6614079475402832,1983,5976.134538747021,2.5753960609436035,1,masked
0.3420203030109405,0.1291522532701492,2.082731246948242,0.04007563367486,0.0587356500327587,0.8693265318870544,1984,5978.917058588995,2.576246738433838,0,masked
0.2979837656021118,0.1549544483423233,1.4019006490707395,0.0271872170269489,0.0120528172701597,0.7108492255210876,1985,5982.267077320023,2.5769946575164795,1,masked
0.2689492106437683,0.1325884610414505,1.334960699081421,0.0261514205485582,0.0249555334448814,0.6157999038696289,1986,5985.953613498015,2.5777742862701416,1,masked
0.241772323846817,0.0933756753802299,1.4539674520492554,0.0277354381978511,0.022635743021965,0.683250367641449,1987,5989.182552469021,2.5783474445343018,1,masked
0.2264734059572219,0.088519737124443,1.3515043258666992,0.0256538037210702,0.0237849131226539,0.5856233239173889,1988,5991.911516077002,2.5787930488586426,1,masked
0.2017753571271896,0.0661910399794578,1.3288873434066772,0.0257786531001329,0.0117717199027538,0.7855677008628845,1989,5994.523505457037,2.579230785369873,1,masked
0.2165057212114334,0.0781906694173812,1.3567297458648682,0.0223252121359109,0.0409570336341857,0.7525824904441833,1990,5997.333366678038,2.577720642089844,1,masked
0.2226589918136596,0.0773179903626442,1.421256422996521,0.0310640837997198,0.0108955474570393,0.5897504687309265,1991,5999.945903600019,2.5763368606567383,1,masked
0.1965192705392837,0.0605647526681423,1.34117329120636,0.0157974380999803,0.025744404643774,0.6140193343162537,1992,6002.587244461,2.574804306030273,1,masked
0.2209896445274353,0.0887802317738533,1.2943565845489502,0.0249867364764213,0.0275079626590013,0.5333216786384583,1993,6005.195215529995,2.573420763015747,1,masked
0.1766380965709686,0.0540740825235843,1.209150791168213,0.0143582802265882,0.0213090647011995,0.4231438040733337,1994,6007.814220030035,2.5721826553344727,1,masked
0.2607328295707702,0.1106178164482116,1.4686568975448608,0.0297856926918029,0.0270781591534614,0.7558750510215759,1995,6010.594077632995,2.571070671081543,1,masked
0.1909413337707519,0.0582582205533981,1.2946555614471436,0.0293623246252536,0.0281333364546298,0.538221538066864,1996,6013.20778183802,2.570021629333496,1,masked
0.2028985768556594,0.0722368583083152,1.2826992273330688,0.0219041630625724,0.0201370120048522,0.3868719339370727,1997,6015.819222641992,2.569214105606079,1,masked
0.3682377338409424,0.2255437523126602,1.3956856727600098,0.0289209261536598,0.0233299080282449,0.6859837174415588,1998,6018.608509190031,2.568432331085205,1,masked
0.1804387122392654,0.049532700330019,1.2814483642578125,0.0249848738312721,0.0262669250369071,0.432276964187622,1999,6020.922065764025,2.5677499771118164,1,masked
0.2394944578409195,0.1122373938560485,1.2488253116607666,0.022427961230278,0.0131735177710652,0.5667746067047119,2000,6023.551382044039,2.5671579837799072,1,masked
0.1443258076906204,0.0217107459902763,1.2079172134399414,0.0161809250712394,0.0205256007611751,0.5625019669532776,2001,6026.173652647005,2.566486597061157,1,masked
0.2500467598438263,0.0896473377943039,1.5639281272888184,0.0363300330936908,0.0373639985918998,0.554652750492096,2002,6028.821778817044,2.565879344940185,1,masked
0.2010705024003982,0.072560042142868,1.2616243362426758,0.0217689462006092,0.0171147715300321,0.5680200457572937,2003,6031.607476848003,2.5653016567230225,1,masked
0.209562599658966,0.0914859026670456,1.1630327701568604,0.0161111019551754,0.0162308849394321,0.7267655730247498,2004,6034.326587436022,2.5647361278533936,1,masked
0.3162683546543121,0.1769577860832214,1.3590409755706787,0.0317458435893058,0.0231878273189067,0.5608325600624084,2005,6036.950830438989,2.5643534660339355,1,masked
0.1673432141542434,0.0379329957067966,1.2725701332092283,0.0201174188405275,0.0141461584717035,0.439404547214508,2006,6039.930829463003,2.564016819000244,1,masked
0.217317134141922,0.0766985341906547,1.377017855644226,0.0268146842718124,0.0235364362597465,0.6404473781585693,2007,6042.708572968026,2.5637967586517334,1,masked
0.1915379017591476,0.0527596175670623,1.3620012998580933,0.0240492522716522,0.0173228234052658,0.685027539730072,2008,6045.390937208023,2.563699722290039,1,masked
0.1723978668451309,0.0439200103282928,1.2672927379608154,0.015684325248003,0.0180148258805274,0.3802871406078338,2009,6048.177756277029,2.563350200653076,1,masked
0.1984747648239135,0.0511619783937931,1.4519717693328855,0.0197277311235666,0.0142843816429376,0.6831343173980713,2010,6050.764751114009,2.5630106925964355,1,masked
0.2110632956027984,0.0922148674726486,1.1682355403900146,0.0194424726068973,0.008064136840403,0.6779094338417053,2011,6053.717321094999,2.5627269744873047,1,masked
0.2241505086421966,0.0970026105642318,1.2481377124786377,0.021342109888792,0.0199914015829563,0.6831963062286377,2012,6056.494111248991,2.5625126361846924,1,masked
0.1861277371644973,0.0502651259303092,1.3325319290161133,0.0240111332386732,0.0208318084478378,0.4631299674510956,2013,6059.114420411002,2.562297105789185,1,masked
0.2025928497314453,0.0662849470973014,1.3382552862167358,0.0232904553413391,0.0153323821723461,0.5837404131889343,2014,6061.742831361014,2.562074661254883,1,masked
0.1731685101985931,0.0430964156985282,1.280039668083191,0.0183690953999757,0.0231208559125661,0.4165375828742981,2015,6064.56862831302,2.561891794204712,1,masked
0.188462421298027,0.0593349114060401,1.2639951705932615,0.025876360014081,0.0140354977920651,0.4687398076057434,2016,6067.210329178022,2.562349796295166,1,masked
0.1618107259273529,0.0305909849703311,1.284618616104126,0.0262863971292972,0.0129242800176143,0.4863609969615936,2017,6069.913664099004,2.5626742839813232,1,masked
0.263724535703659,0.1318289488554,1.291136384010315,0.0249173138290643,0.0290219262242317,0.7156091928482056,2018,6072.6149635310285,2.5629148483276367,1,masked
0.2174520641565323,0.110551469027996,1.0507888793945312,0.0167467091232538,0.0147043764591217,0.7158597707748413,2019,6075.264382085996,2.563140630722046,1,masked
0.3292879462242126,0.1910066604614257,1.361908197402954,0.0188090987503528,0.0209566429257392,0.6227816939353943,2020,6078.086197716999,2.5634453296661377,1,masked
0.3841885924339294,0.1577310115098953,2.182375907897949,0.0743996053934097,0.0780048966407775,0.622886598110199,2021,6080.5323766590445,2.5641303062438965,0,masked
0.1909293234348297,0.0435090474784374,1.4428410530090332,0.0295835882425308,0.0177795961499214,0.4077062010765075,2022,6083.163294023019,2.5648064613342285,1,masked
0.1883934885263443,0.0376852788031101,1.4712026119232178,0.0316185988485813,0.0426108315587043,0.4923014938831329,2023,6085.953388368012,2.56544828414917,1,masked
0.5083567500114441,0.2306567430496215,2.660894632339477,0.1091020330786705,0.0700286552309989,1.037169098854065,2024,6088.572702834033,2.565603494644165,0,masked
0.2672238349914551,0.1207503303885459,1.4317810535430908,0.02822838537395,0.0472566410899162,0.9016565680503844,2025,6091.191121754004,2.5658905506134038,1,masked
0.3394683003425598,0.1954412907361984,1.4178749322891235,0.0187291968613863,0.0366609655320644,1.4043530225753784,2026,6093.793009285,2.5659596920013428,1,masked
0.2150218933820724,0.0733618810772895,1.3856593370437622,0.029309332370758,0.0163147114217281,0.4989995956420898,2027,6096.598128645041,2.566209316253662,1,masked
0.2111275643110275,0.0862879008054733,1.230047345161438,0.0170296486467123,0.0131958145648241,0.6390836238861084,2028,6099.373935204989,2.5664916038513184,1,masked
0.194973349571228,0.059145338833332,1.3348034620285034,0.0222617406398057,0.0121491514146327,0.5619173645973206,2029,6101.547498851025,2.566734790802002,1,masked
0.1952041536569595,0.0583293661475181,1.3474799394607544,0.0197681579738855,0.0149983782321214,0.7000176906585693,2030,6104.142646315042,2.5668771266937256,1,masked
0.1533507406711578,0.0317551679909229,1.2012804746627808,0.0130838360637426,0.0159126110374927,0.5935590267181396,2031,6106.81123960804,2.5668656826019287,1,masked
0.21392722427845,0.080916941165924,1.3007490634918213,0.0272592343389987,0.0209459289908409,0.5216599106788635,2032,6109.782630433037,2.5671017169952397,1,masked
0.1442776918411255,0.0256785899400711,1.166964054107666,0.0151432882994413,0.038837794214487,0.3845123648643493,2033,6112.519778390008,2.5672945976257324,1,masked
0.2126304507255554,0.0700127929449081,1.4061115980148315,0.0180791337043046,0.0198563635349273,0.7110313773155212,2034,6115.135320450994,2.5673532485961914,1,masked
0.1964362412691116,0.066822700202465,1.2717491388320925,0.0227588340640068,0.0162752214819192,0.6007409691810608,2035,6117.762065491988,2.567195415496826,1,masked
0.1549989730119705,0.0364242941141128,1.1659866571426392,0.0186526216566562,0.0110735036432743,0.7383084297180176,2036,6120.111843818042,2.5682291984558105,1,masked
0.2209202498197555,0.0777213424444198,1.4014350175857544,0.0286863334476947,0.0186809096485376,0.3882725536823272,2037,6123.0698889730265,2.56918740272522,1,masked
0.1638907641172409,0.0229250695556402,1.3850305080413818,0.0223336368799209,0.02292868681252,0.4387584030628204,2038,6125.679512220027,2.570041418075561,1,masked
0.3202882409095764,0.1927408277988433,1.2528138160705566,0.0206492096185684,0.0201145745813846,0.7335288524627686,2039,6128.307221008989,2.5707666873931885,1,masked
0.2327688634395599,0.0980393141508102,1.326435685157776,0.0193736255168914,0.0148632042109966,0.5063290596008301,2040,6130.781316246023,2.571260452270508,1,masked
0.2681000828742981,0.1263180822134018,1.377437710762024,0.0366736240684986,0.03708928078413,0.5980517268180847,2041,6133.412254925992,2.5716001987457275,1,masked
0.2168794423341751,0.1058574244379997,1.0958302021026611,0.0132113117724657,0.0117873195558786,0.5516946911811829,2042,6136.053857067018,2.572049379348755,1,masked
0.1965692341327667,0.0551732033491134,1.3908536434173584,0.0193205121904611,0.037861555814743,0.4999211430549621,2043,6138.682513809006,2.572617530822754,1,masked
0.1811605393886566,0.0412675105035305,1.358797907829285,0.0368881076574325,0.0324415825307369,0.6642536520957947,2044,6141.319572171022,2.573111057281494,1,masked
0.1925384998321533,0.0776169598102569,1.1287366151809692,0.0177117250859737,0.027669534087181,0.5070411562919617,2045,6144.190572210995,2.5734450817108154,1,masked
0.2047312408685684,0.0758955851197242,1.273086428642273,0.0132688526064157,0.0200129374861717,0.8162881135940552,2046,6146.851364405011,2.5742928981781006,1,masked
0.2420544922351837,0.1066714823246002,1.3262944221496582,0.0263176802545785,0.0121793327853083,0.8452215790748596,2047,6149.814052861999,2.574911832809448,1,masked
0.4280921518802643,0.1689521074295044,2.4859068393707275,0.1004932969808578,0.0499980263411998,1.878926515579224,2048,6152.4266196980025,2.5754313468933105,0,masked
