pdb_id,status,n_matched_atoms,lddt,dockq,irmsd,lrmsd,fnat
8t59-assembly1,ok,3378,0.8062706365027188,0.4954001605510711,,,0.4519537480063795
8v52-assembly1,ok,7651,0.2441413319151883,0.0199909955263137,,,0.0253065774804905
8q3j-assembly1,ok,4397,0.5596990325540443,0.0686874315142631,,,0.134453781512605
