target,helico_mean_dockq,helico_oracle_dockq,helico_successes,upstream_mean_dockq,upstream_oracle_dockq,upstream_successes
8t59-assembly1,0.40686224430799484,0.5459511280059814,23,0.82420485496521,0.9065449833869934,25
8q3j-assembly1,0.07074182957410813,0.09751660376787186,0,0.30277503609657286,0.3294923007488251,25
8v52-assembly1,0.024621829614043234,0.03342520818114281,0,0.6101610863208771,0.8349133729934692,25
