pdb_id,ranked_dockq,oracle_dockq,oracle_sample_idx,n_samples_scored,lift
8t59-assembly1,0.12546899914741516,0.5707752704620361,18,25,0.44530627131462097
8q3j-assembly1,0.0804266557097435,0.16139858961105347,18,25,0.08097193390130997
