pdb_id,ranked_dockq,oracle_dockq,oracle_sample_idx,n_samples_scored,lift
8t59-assembly1,0.38794270157814026,0.5459511280059814,13,25,0.1580084264278412
8q3j-assembly1,0.06258898228406906,0.09751660376787186,3,25,0.034927621483802795
8v52-assembly1,0.026633182540535927,0.03342520818114281,23,25,0.00679202564060688
