pdb_id,lddt_n5,dockq_n5,lddt_n25,dockq_n25,dockq_delta,lddt_delta
8t59-assembly1,0.8062706365027188,0.4954001605510711,0.7486626152747158,0.1080198106991802,-0.3873803498518909,-0.057608021228003015
8v52-assembly1,0.2441413319151883,0.0199909955263137,,,,
8q3j-assembly1,0.5596990325540443,0.0686874315142631,0.6656884688898237,0.1063409369207821,0.037653505406519,0.1059894363357794
