category,metric,helico,published_protenix,delta
interface_antibody_antigen,success_rate_pct,5.405405405405405,38.36,-32.954594594594596
interface_protein_dna,success_rate_pct,33.70165745856354,67.63,-33.92834254143646
interface_protein_ligand,success_rate_pct,15.023474178403756,53.25,-38.22652582159624
interface_protein_peptide,success_rate_pct,20.0,,
interface_protein_protein,success_rate_pct,15.32258064516129,64.8,-49.47741935483871
interface_protein_rna,success_rate_pct,12.82051282051282,56.41,-43.58948717948718
monomer_dna,mean_lddt,0.4480298656637552,0.44,0.008029865663755187
monomer_protein,mean_lddt,0.7901748017333817,,
monomer_rna,mean_lddt,0.5286690062563578,0.59,-0.06133099374364215
