category,n_total,n_predicted,success_pct,mean_lddt,mean_dockq
interface_antibody_antigen,74,69,30.43478260869565,0.8155938403858262,0.2717507188126247
interface_protein_dna,181,150,46.66666666666666,0.8326657950368151,0.5229392222025816
interface_protein_ligand,220,199,33.165829145728644,0.8217232786768773,
interface_protein_peptide,30,28,42.85714285714285,0.8167964383932443,0.3192092920209319
interface_protein_protein,131,113,33.6283185840708,0.7365137738878682,0.2973149596312677
interface_protein_rna,41,22,31.818181818181817,0.8126558947555125,0.2632453879033185
monomer_dna,4,4,,0.5215197077682251,
monomer_protein,159,158,,0.8295189435491753,
monomer_rna,8,8,,0.6016747158792708,
